2026-09-16 21:08:31,738:WARNING:
'cuml' is a soft dependency and not included in the pycaret installation. Please run: `pip install cuml` to install.
2026-09-16 21:08:31,738:WARNING:
'cuml' is a soft dependency and not included in the pycaret installation. Please run: `pip install cuml` to install.
2026-09-16 21:08:31,738:WARNING:
'cuml' is a soft dependency and not included in the pycaret installation. Please run: `pip install cuml` to install.
2026-09-16 21:08:31,738:WARNING:
'cuml' is a soft dependency and not included in the pycaret installation. Please run: `pip install cuml` to install.
2026-09-16 21:10:06,349:INFO:PyCaret ClassificationExperiment
2026-09-16 21:10:06,349:INFO:Logging name: clf-default-name
2026-09-16 21:10:06,351:INFO:ML Usecase: MLUsecase.CLASSIFICATION
2026-09-16 21:10:06,351:INFO:version 3.3.2
2026-09-16 21:10:06,351:INFO:Initializing setup()
2026-09-16 21:10:06,351:INFO:self.USI: 1a27
2026-09-16 21:10:06,351:INFO:self._variable_keys: {'_available_plots', 'X_train', 'target_param', 'exp_name_log', 'seed', 'X_test', 'USI', 'gpu_param', 'y_test', 'pipeline', 'X', 'fold_generator', 'n_jobs_param', 'data', 'gpu_n_jobs_param', '_ml_usecase', 'idx', 'exp_id', 'y', 'log_plots_param', 'memory', 'y_train', 'fold_groups_param', 'fix_imbalance', 'html_param', 'logging_param', 'is_multiclass', 'fold_shuffle_param'}
2026-09-16 21:10:06,351:INFO:Checking environment
2026-09-16 21:10:06,351:INFO:python_version: 3.11.9
2026-09-16 21:10:06,351:INFO:python_build: ('tags/v3.11.9:de54cf5', 'Apr  2 2024 10:12:12')
2026-09-16 21:10:06,351:INFO:machine: AMD64
2026-09-16 21:10:06,351:INFO:platform: Windows-10-10.0.26100-SP0
2026-09-16 21:10:06,353:INFO:Memory: svmem(total=34031316992, available=21226487808, percent=37.6, used=12804829184, free=21226487808)
2026-09-16 21:10:06,355:INFO:Physical Core: 14
2026-09-16 21:10:06,355:INFO:Logical Core: 20
2026-09-16 21:10:06,355:INFO:Checking libraries
2026-09-16 21:10:06,355:INFO:System:
2026-09-16 21:10:06,355:INFO:    python: 3.11.9 (tags/v3.11.9:de54cf5, Apr  2 2024, 10:12:12) [MSC v.1938 64 bit (AMD64)]
2026-09-16 21:10:06,355:INFO:executable: c:\Users\laboratorio\Desktop\Nova Pasta\PyCaret\.venv\Scripts\python.exe
2026-09-16 21:10:06,355:INFO:   machine: Windows-10-10.0.26100-SP0
2026-09-16 21:10:06,355:INFO:PyCaret required dependencies:
2026-09-16 21:10:06,361:WARNING:c:\Users\laboratorio\Desktop\Nova Pasta\PyCaret\.venv\Lib\site-packages\_distutils_hack\__init__.py:33: UserWarning: Setuptools is replacing distutils.
  warnings.warn("Setuptools is replacing distutils.")

2026-09-16 21:10:06,411:INFO:                 pip: 26.2.1
2026-09-16 21:10:06,411:INFO:          setuptools: 65.5.0
2026-09-16 21:10:06,411:INFO:             pycaret: 3.3.2
2026-09-16 21:10:06,411:INFO:             IPython: 9.17.1
2026-09-16 21:10:06,411:INFO:          ipywidgets: 8.1.9
2026-09-16 21:10:06,411:INFO:                tqdm: 4.70.1
2026-09-16 21:10:06,411:INFO:               numpy: 1.26.4
2026-09-16 21:10:06,411:INFO:              pandas: 2.1.4
2026-09-16 21:10:06,411:INFO:              jinja2: 3.1.6
2026-09-16 21:10:06,411:INFO:               scipy: 1.11.4
2026-09-16 21:10:06,411:INFO:              joblib: 1.3.2
2026-09-16 21:10:06,411:INFO:             sklearn: 1.4.2
2026-09-16 21:10:06,411:INFO:                pyod: 3.4.0
2026-09-16 21:10:06,411:INFO:            imblearn: 0.14.2
2026-09-16 21:10:06,411:INFO:   category_encoders: 2.7.0
2026-09-16 21:10:06,411:INFO:            lightgbm: 4.7.0
2026-09-16 21:10:06,411:INFO:               numba: 0.67.0
2026-09-16 21:10:06,411:INFO:            requests: 2.34.2
2026-09-16 21:10:06,411:INFO:          matplotlib: 3.7.5
2026-09-16 21:10:06,411:INFO:          scikitplot: 0.3.7
2026-09-16 21:10:06,411:INFO:         yellowbrick: 1.5
2026-09-16 21:10:06,411:INFO:              plotly: 6.9.0
2026-09-16 21:10:06,411:INFO:    plotly-resampler: Not installed
2026-09-16 21:10:06,411:INFO:             kaleido: 1.4.0
2026-09-16 21:10:06,411:INFO:           schemdraw: 0.15
2026-09-16 21:10:06,411:INFO:         statsmodels: 0.15.0
2026-09-16 21:10:06,411:INFO:              sktime: 0.26.0
2026-09-16 21:10:06,411:INFO:               tbats: 1.1.3
2026-09-16 21:10:06,411:INFO:            pmdarima: 2.0.4
2026-09-16 21:10:06,411:INFO:              psutil: 7.2.2
2026-09-16 21:10:06,411:INFO:          markupsafe: 3.0.3
2026-09-16 21:10:06,411:INFO:             pickle5: Not installed
2026-09-16 21:10:06,411:INFO:         cloudpickle: 3.1.2
2026-09-16 21:10:06,411:INFO:         deprecation: 2.1.0
2026-09-16 21:10:06,411:INFO:              xxhash: 4.0.1
2026-09-16 21:10:06,411:INFO:           wurlitzer: Not installed
2026-09-16 21:10:06,416:INFO:PyCaret optional dependencies:
2026-09-16 21:10:06,418:INFO:                shap: Not installed
2026-09-16 21:10:06,418:INFO:           interpret: Not installed
2026-09-16 21:10:06,418:INFO:                umap: Not installed
2026-09-16 21:10:06,418:INFO:     ydata_profiling: Not installed
2026-09-16 21:10:06,418:INFO:  explainerdashboard: Not installed
2026-09-16 21:10:06,418:INFO:             autoviz: Not installed
2026-09-16 21:10:06,418:INFO:           fairlearn: Not installed
2026-09-16 21:10:06,418:INFO:          deepchecks: Not installed
2026-09-16 21:10:06,418:INFO:             xgboost: Not installed
2026-09-16 21:10:06,418:INFO:            catboost: Not installed
2026-09-16 21:10:06,418:INFO:              kmodes: Not installed
2026-09-16 21:10:06,418:INFO:             mlxtend: Not installed
2026-09-16 21:10:06,418:INFO:       statsforecast: Not installed
2026-09-16 21:10:06,418:INFO:        tune_sklearn: Not installed
2026-09-16 21:10:06,418:INFO:                 ray: Not installed
2026-09-16 21:10:06,418:INFO:            hyperopt: Not installed
2026-09-16 21:10:06,418:INFO:              optuna: Not installed
2026-09-16 21:10:06,418:INFO:               skopt: Not installed
2026-09-16 21:10:06,418:INFO:              mlflow: Not installed
2026-09-16 21:10:06,418:INFO:              gradio: Not installed
2026-09-16 21:10:06,418:INFO:             fastapi: Not installed
2026-09-16 21:10:06,418:INFO:             uvicorn: Not installed
2026-09-16 21:10:06,418:INFO:              m2cgen: Not installed
2026-09-16 21:10:06,418:INFO:           evidently: Not installed
2026-09-16 21:10:06,418:INFO:               fugue: Not installed
2026-09-16 21:10:06,418:INFO:           streamlit: Not installed
2026-09-16 21:10:06,418:INFO:             prophet: Not installed
2026-09-16 21:10:06,418:INFO:None
2026-09-16 21:10:06,418:INFO:Set up data.
2026-09-16 21:10:06,439:INFO:Set up folding strategy.
2026-09-16 21:10:06,439:INFO:Set up train/test split.
2026-09-16 21:10:06,461:INFO:Set up index.
2026-09-16 21:10:06,461:INFO:Assigning column types.
2026-09-16 21:10:06,473:INFO:Engine successfully changes for model 'lr' to 'sklearn'.
2026-09-16 21:10:06,494:INFO:Engine for model 'knn' has not been set explicitly, hence returning None.
2026-09-16 21:10:06,496:INFO:Engine for model 'rbfsvm' has not been set explicitly, hence returning None.
2026-09-16 21:10:06,507:WARNING:
'xgboost' is a soft dependency and not included in the pycaret installation. Please run: `pip install xgboost` to install.
Alternately, you can install this by running `pip install pycaret[models]`
2026-09-16 21:10:06,507:WARNING:
'catboost' is a soft dependency and not included in the pycaret installation. Please run: `pip install catboost` to install.
Alternately, you can install this by running `pip install pycaret[models]`
2026-09-16 21:10:06,521:INFO:Engine for model 'knn' has not been set explicitly, hence returning None.
2026-09-16 21:10:06,521:INFO:Engine for model 'rbfsvm' has not been set explicitly, hence returning None.
2026-09-16 21:10:06,538:WARNING:
'xgboost' is a soft dependency and not included in the pycaret installation. Please run: `pip install xgboost` to install.
Alternately, you can install this by running `pip install pycaret[models]`
2026-09-16 21:10:06,538:WARNING:
'catboost' is a soft dependency and not included in the pycaret installation. Please run: `pip install catboost` to install.
Alternately, you can install this by running `pip install pycaret[models]`
2026-09-16 21:10:06,538:INFO:Engine successfully changes for model 'knn' to 'sklearn'.
2026-09-16 21:10:06,573:INFO:Engine for model 'rbfsvm' has not been set explicitly, hence returning None.
2026-09-16 21:10:06,587:WARNING:
'xgboost' is a soft dependency and not included in the pycaret installation. Please run: `pip install xgboost` to install.
Alternately, you can install this by running `pip install pycaret[models]`
2026-09-16 21:10:06,587:WARNING:
'catboost' is a soft dependency and not included in the pycaret installation. Please run: `pip install catboost` to install.
Alternately, you can install this by running `pip install pycaret[models]`
2026-09-16 21:10:06,607:INFO:Engine for model 'rbfsvm' has not been set explicitly, hence returning None.
2026-09-16 21:10:06,622:WARNING:
'xgboost' is a soft dependency and not included in the pycaret installation. Please run: `pip install xgboost` to install.
Alternately, you can install this by running `pip install pycaret[models]`
2026-09-16 21:10:06,622:WARNING:
'catboost' is a soft dependency and not included in the pycaret installation. Please run: `pip install catboost` to install.
Alternately, you can install this by running `pip install pycaret[models]`
2026-09-16 21:10:06,622:INFO:Engine successfully changes for model 'rbfsvm' to 'sklearn'.
2026-09-16 21:10:06,662:WARNING:
'xgboost' is a soft dependency and not included in the pycaret installation. Please run: `pip install xgboost` to install.
Alternately, you can install this by running `pip install pycaret[models]`
2026-09-16 21:10:06,663:WARNING:
'catboost' is a soft dependency and not included in the pycaret installation. Please run: `pip install catboost` to install.
Alternately, you can install this by running `pip install pycaret[models]`
2026-09-16 21:10:06,693:WARNING:
'xgboost' is a soft dependency and not included in the pycaret installation. Please run: `pip install xgboost` to install.
Alternately, you can install this by running `pip install pycaret[models]`
2026-09-16 21:10:06,693:WARNING:
'catboost' is a soft dependency and not included in the pycaret installation. Please run: `pip install catboost` to install.
Alternately, you can install this by running `pip install pycaret[models]`
2026-09-16 21:10:06,693:INFO:Preparing preprocessing pipeline...
2026-09-16 21:10:06,693:INFO:Set up label encoding.
2026-09-16 21:10:06,693:INFO:Set up simple imputation.
2026-09-16 21:10:06,707:INFO:Set up encoding of ordinal features.
2026-09-16 21:10:06,707:INFO:Set up encoding of categorical features.
2026-09-16 21:10:06,909:INFO:Finished creating preprocessing pipeline.
2026-09-16 21:10:06,925:INFO:Pipeline: Pipeline(memory=FastMemory(location=C:\Users\LABORA~1\AppData\Local\Temp\joblib),
         steps=[('label_encoding',
                 TransformerWrapperWithInverse(exclude=None, include=None,
                                               transformer=LabelEncoder())),
                ('numerical_imputer',
                 TransformerWrapper(exclude=None,
                                    include=['SeniorCitizen', 'tenure',
                                             'MonthlyCharges'],
                                    transformer=SimpleImputer(add_indicator=False,
                                                              copy=Tru...
                                                              return_df=True,
                                                              use_cat_names=True,
                                                              verbose=0))),
                ('rest_encoding',
                 TransformerWrapper(exclude=None,
                                    include=['customerID', 'TotalCharges'],
                                    transformer=TargetEncoder(cols=['customerID',
                                                                    'TotalCharges'],
                                                              drop_invariant=False,
                                                              handle_missing='return_nan',
                                                              handle_unknown='value',
                                                              hierarchy=None,
                                                              min_samples_leaf=20,
                                                              return_df=True,
                                                              smoothing=10,
                                                              verbose=0)))],
         verbose=False)
2026-09-16 21:10:06,925:INFO:Creating final display dataframe.
2026-09-16 21:10:07,372:INFO:Setup _display_container:                     Description             Value
0                    Session id               123
1                        Target             Churn
2                   Target type            Binary
3                Target mapping     No: 0, Yes: 1
4           Original data shape        (7043, 21)
5        Transformed data shape        (7043, 42)
6   Transformed train set shape        (4930, 42)
7    Transformed test set shape        (2113, 42)
8              Numeric features                 3
9          Categorical features                17
10                   Preprocess              True
11              Imputation type            simple
12           Numeric imputation              mean
13       Categorical imputation              mode
14     Maximum one-hot encoding                25
15              Encoding method              None
16               Fold Generator   StratifiedKFold
17                  Fold Number                10
18                     CPU Jobs                -1
19                      Use GPU             False
20               Log Experiment             False
21              Experiment Name  clf-default-name
22                          USI              1a27
2026-09-16 21:10:07,419:WARNING:
'xgboost' is a soft dependency and not included in the pycaret installation. Please run: `pip install xgboost` to install.
Alternately, you can install this by running `pip install pycaret[models]`
2026-09-16 21:10:07,419:WARNING:
'catboost' is a soft dependency and not included in the pycaret installation. Please run: `pip install catboost` to install.
Alternately, you can install this by running `pip install pycaret[models]`
2026-09-16 21:10:07,457:WARNING:
'xgboost' is a soft dependency and not included in the pycaret installation. Please run: `pip install xgboost` to install.
Alternately, you can install this by running `pip install pycaret[models]`
2026-09-16 21:10:07,457:WARNING:
'catboost' is a soft dependency and not included in the pycaret installation. Please run: `pip install catboost` to install.
Alternately, you can install this by running `pip install pycaret[models]`
2026-09-16 21:10:07,457:INFO:setup() successfully completed in 1.11s...............
2026-09-16 21:13:28,904:INFO:Initializing compare_models()
2026-09-16 21:13:28,904:INFO:compare_models(self=<pycaret.classification.oop.ClassificationExperiment object at 0x00000287133624D0>, include=None, exclude=None, fold=None, round=4, cross_validation=True, sort=Accuracy, n_select=1, budget_time=None, turbo=True, errors=ignore, fit_kwargs=None, groups=None, experiment_custom_tags=None, probability_threshold=None, verbose=True, parallel=None, caller_params={'self': <pycaret.classification.oop.ClassificationExperiment object at 0x00000287133624D0>, 'include': None, 'exclude': None, 'fold': None, 'round': 4, 'cross_validation': True, 'sort': 'Accuracy', 'n_select': 1, 'budget_time': None, 'turbo': True, 'errors': 'ignore', 'fit_kwargs': None, 'groups': None, 'experiment_custom_tags': None, 'probability_threshold': None, 'engine': None, 'verbose': True, 'parallel': None, '__class__': <class 'pycaret.classification.oop.ClassificationExperiment'>})
2026-09-16 21:13:28,904:INFO:Checking exceptions
2026-09-16 21:13:28,908:INFO:Preparing display monitor
2026-09-16 21:13:28,923:INFO:Initializing Logistic Regression
2026-09-16 21:13:28,923:INFO:Total runtime is 1.6709168752034504e-05 minutes
2026-09-16 21:13:28,925:INFO:SubProcess create_model() called ==================================
2026-09-16 21:13:28,925:INFO:Initializing create_model()
2026-09-16 21:13:28,926:INFO:create_model(self=<pycaret.classification.oop.ClassificationExperiment object at 0x00000287133624D0>, estimator=lr, fold=StratifiedKFold(n_splits=10, random_state=None, shuffle=False), round=4, cross_validation=True, predict=True, fit_kwargs={}, groups=None, refit=False, probability_threshold=None, experiment_custom_tags=None, verbose=False, system=False, add_to_model_list=True, metrics=None, display=<pycaret.internal.display.display.CommonDisplay object at 0x00000287147BD210>, model_only=True, return_train_score=False, error_score=0.0, kwargs={})
2026-09-16 21:13:28,926:INFO:Checking exceptions
2026-09-16 21:13:28,926:INFO:Importing libraries
2026-09-16 21:13:28,926:INFO:Copying training dataset
2026-09-16 21:13:28,929:INFO:Defining folds
2026-09-16 21:13:28,929:INFO:Declaring metric variables
2026-09-16 21:13:28,931:INFO:Importing untrained model
2026-09-16 21:13:28,933:INFO:Logistic Regression Imported successfully
2026-09-16 21:13:28,936:INFO:Starting cross validation
2026-09-16 21:13:28,939:INFO:Cross validating with StratifiedKFold(n_splits=10, random_state=None, shuffle=False), n_jobs=-1
2026-09-16 21:13:34,240:WARNING:c:\Users\laboratorio\Desktop\Nova Pasta\PyCaret\.venv\Lib\site-packages\_distutils_hack\__init__.py:33: UserWarning: Setuptools is replacing distutils.
  warnings.warn("Setuptools is replacing distutils.")

2026-09-16 21:13:34,250:WARNING:c:\Users\laboratorio\Desktop\Nova Pasta\PyCaret\.venv\Lib\site-packages\_distutils_hack\__init__.py:33: UserWarning: Setuptools is replacing distutils.
  warnings.warn("Setuptools is replacing distutils.")

2026-09-16 21:13:34,256:WARNING:c:\Users\laboratorio\Desktop\Nova Pasta\PyCaret\.venv\Lib\site-packages\_distutils_hack\__init__.py:33: UserWarning: Setuptools is replacing distutils.
  warnings.warn("Setuptools is replacing distutils.")

2026-09-16 21:13:34,260:WARNING:c:\Users\laboratorio\Desktop\Nova Pasta\PyCaret\.venv\Lib\site-packages\_distutils_hack\__init__.py:33: UserWarning: Setuptools is replacing distutils.
  warnings.warn("Setuptools is replacing distutils.")

2026-09-16 21:13:34,260:WARNING:c:\Users\laboratorio\Desktop\Nova Pasta\PyCaret\.venv\Lib\site-packages\_distutils_hack\__init__.py:33: UserWarning: Setuptools is replacing distutils.
  warnings.warn("Setuptools is replacing distutils.")

2026-09-16 21:13:34,260:WARNING:c:\Users\laboratorio\Desktop\Nova Pasta\PyCaret\.venv\Lib\site-packages\_distutils_hack\__init__.py:33: UserWarning: Setuptools is replacing distutils.
  warnings.warn("Setuptools is replacing distutils.")

2026-09-16 21:13:34,260:WARNING:c:\Users\laboratorio\Desktop\Nova Pasta\PyCaret\.venv\Lib\site-packages\_distutils_hack\__init__.py:33: UserWarning: Setuptools is replacing distutils.
  warnings.warn("Setuptools is replacing distutils.")

2026-09-16 21:13:34,260:WARNING:c:\Users\laboratorio\Desktop\Nova Pasta\PyCaret\.venv\Lib\site-packages\_distutils_hack\__init__.py:33: UserWarning: Setuptools is replacing distutils.
  warnings.warn("Setuptools is replacing distutils.")

2026-09-16 21:13:34,292:WARNING:c:\Users\laboratorio\Desktop\Nova Pasta\PyCaret\.venv\Lib\site-packages\_distutils_hack\__init__.py:33: UserWarning: Setuptools is replacing distutils.
  warnings.warn("Setuptools is replacing distutils.")

2026-09-16 21:13:34,312:WARNING:c:\Users\laboratorio\Desktop\Nova Pasta\PyCaret\.venv\Lib\site-packages\_distutils_hack\__init__.py:33: UserWarning: Setuptools is replacing distutils.
  warnings.warn("Setuptools is replacing distutils.")

2026-09-16 21:13:35,122:WARNING:c:\Users\laboratorio\Desktop\Nova Pasta\PyCaret\.venv\Lib\site-packages\sklearn\metrics\_classification.py:1561: UserWarning: Note that pos_label (set to 'Yes') is ignored when average != 'binary' (got 'weighted'). You may use labels=[pos_label] to specify a single positive class.
  warnings.warn(

2026-09-16 21:13:35,131:WARNING:c:\Users\laboratorio\Desktop\Nova Pasta\PyCaret\.venv\Lib\site-packages\sklearn\metrics\_classification.py:1561: UserWarning: Note that pos_label (set to 'Yes') is ignored when average != 'binary' (got 'weighted'). You may use labels=[pos_label] to specify a single positive class.
  warnings.warn(

2026-09-16 21:13:35,139:WARNING:c:\Users\laboratorio\Desktop\Nova Pasta\PyCaret\.venv\Lib\site-packages\sklearn\metrics\_classification.py:1561: UserWarning: Note that pos_label (set to 'Yes') is ignored when average != 'binary' (got 'weighted'). You may use labels=[pos_label] to specify a single positive class.
  warnings.warn(

2026-09-16 21:13:35,156:WARNING:c:\Users\laboratorio\Desktop\Nova Pasta\PyCaret\.venv\Lib\site-packages\sklearn\metrics\_classification.py:1561: UserWarning: Note that pos_label (set to 'Yes') is ignored when average != 'binary' (got 'weighted'). You may use labels=[pos_label] to specify a single positive class.
  warnings.warn(

2026-09-16 21:13:35,160:WARNING:c:\Users\laboratorio\Desktop\Nova Pasta\PyCaret\.venv\Lib\site-packages\sklearn\metrics\_classification.py:1561: UserWarning: Note that pos_label (set to 'Yes') is ignored when average != 'binary' (got 'weighted'). You may use labels=[pos_label] to specify a single positive class.
  warnings.warn(

2026-09-16 21:13:35,161:WARNING:c:\Users\laboratorio\Desktop\Nova Pasta\PyCaret\.venv\Lib\site-packages\sklearn\metrics\_classification.py:1561: UserWarning: Note that pos_label (set to 'Yes') is ignored when average != 'binary' (got 'weighted'). You may use labels=[pos_label] to specify a single positive class.
  warnings.warn(

2026-09-16 21:13:35,165:WARNING:c:\Users\laboratorio\Desktop\Nova Pasta\PyCaret\.venv\Lib\site-packages\sklearn\metrics\_classification.py:1561: UserWarning: Note that pos_label (set to 'Yes') is ignored when average != 'binary' (got 'weighted'). You may use labels=[pos_label] to specify a single positive class.
  warnings.warn(

2026-09-16 21:13:35,165:WARNING:c:\Users\laboratorio\Desktop\Nova Pasta\PyCaret\.venv\Lib\site-packages\sklearn\metrics\_classification.py:1561: UserWarning: Note that pos_label (set to 'Yes') is ignored when average != 'binary' (got 'weighted'). You may use labels=[pos_label] to specify a single positive class.
  warnings.warn(

2026-09-16 21:13:35,170:WARNING:c:\Users\laboratorio\Desktop\Nova Pasta\PyCaret\.venv\Lib\site-packages\sklearn\metrics\_classification.py:1561: UserWarning: Note that pos_label (set to 'Yes') is ignored when average != 'binary' (got 'weighted'). You may use labels=[pos_label] to specify a single positive class.
  warnings.warn(

2026-09-16 21:13:35,212:WARNING:c:\Users\laboratorio\Desktop\Nova Pasta\PyCaret\.venv\Lib\site-packages\sklearn\metrics\_classification.py:1561: UserWarning: Note that pos_label (set to 'Yes') is ignored when average != 'binary' (got 'weighted'). You may use labels=[pos_label] to specify a single positive class.
  warnings.warn(

2026-09-16 21:13:35,212:WARNING:c:\Users\laboratorio\Desktop\Nova Pasta\PyCaret\.venv\Lib\site-packages\sklearn\metrics\_classification.py:1561: UserWarning: Note that pos_label (set to 'Yes') is ignored when average != 'binary' (got 'weighted'). You may use labels=[pos_label] to specify a single positive class.
  warnings.warn(

2026-09-16 21:13:35,217:WARNING:c:\Users\laboratorio\Desktop\Nova Pasta\PyCaret\.venv\Lib\site-packages\sklearn\metrics\_classification.py:1561: UserWarning: Note that pos_label (set to 'Yes') is ignored when average != 'binary' (got 'weighted'). You may use labels=[pos_label] to specify a single positive class.
  warnings.warn(

2026-09-16 21:13:35,220:WARNING:c:\Users\laboratorio\Desktop\Nova Pasta\PyCaret\.venv\Lib\site-packages\sklearn\metrics\_classification.py:1561: UserWarning: Note that pos_label (set to 'Yes') is ignored when average != 'binary' (got 'weighted'). You may use labels=[pos_label] to specify a single positive class.
  warnings.warn(

2026-09-16 21:13:35,222:WARNING:c:\Users\laboratorio\Desktop\Nova Pasta\PyCaret\.venv\Lib\site-packages\sklearn\metrics\_classification.py:1561: UserWarning: Note that pos_label (set to 'Yes') is ignored when average != 'binary' (got 'weighted'). You may use labels=[pos_label] to specify a single positive class.
  warnings.warn(

2026-09-16 21:13:35,225:WARNING:c:\Users\laboratorio\Desktop\Nova Pasta\PyCaret\.venv\Lib\site-packages\sklearn\metrics\_classification.py:1561: UserWarning: Note that pos_label (set to 'Yes') is ignored when average != 'binary' (got 'weighted'). You may use labels=[pos_label] to specify a single positive class.
  warnings.warn(

2026-09-16 21:13:35,235:WARNING:c:\Users\laboratorio\Desktop\Nova Pasta\PyCaret\.venv\Lib\site-packages\sklearn\metrics\_classification.py:1561: UserWarning: Note that pos_label (set to 'Yes') is ignored when average != 'binary' (got 'weighted'). You may use labels=[pos_label] to specify a single positive class.
  warnings.warn(

2026-09-16 21:13:35,239:WARNING:c:\Users\laboratorio\Desktop\Nova Pasta\PyCaret\.venv\Lib\site-packages\sklearn\metrics\_classification.py:1561: UserWarning: Note that pos_label (set to 'Yes') is ignored when average != 'binary' (got 'weighted'). You may use labels=[pos_label] to specify a single positive class.
  warnings.warn(

2026-09-16 21:13:35,248:WARNING:c:\Users\laboratorio\Desktop\Nova Pasta\PyCaret\.venv\Lib\site-packages\sklearn\metrics\_classification.py:1561: UserWarning: Note that pos_label (set to 'Yes') is ignored when average != 'binary' (got 'weighted'). You may use labels=[pos_label] to specify a single positive class.
  warnings.warn(

2026-09-16 21:13:35,250:WARNING:c:\Users\laboratorio\Desktop\Nova Pasta\PyCaret\.venv\Lib\site-packages\sklearn\metrics\_classification.py:1561: UserWarning: Note that pos_label (set to 'Yes') is ignored when average != 'binary' (got 'weighted'). You may use labels=[pos_label] to specify a single positive class.
  warnings.warn(

2026-09-16 21:13:35,252:WARNING:c:\Users\laboratorio\Desktop\Nova Pasta\PyCaret\.venv\Lib\site-packages\sklearn\metrics\_classification.py:1561: UserWarning: Note that pos_label (set to 'Yes') is ignored when average != 'binary' (got 'weighted'). You may use labels=[pos_label] to specify a single positive class.
  warnings.warn(

2026-09-16 21:13:35,256:WARNING:c:\Users\laboratorio\Desktop\Nova Pasta\PyCaret\.venv\Lib\site-packages\sklearn\metrics\_classification.py:1561: UserWarning: Note that pos_label (set to 'Yes') is ignored when average != 'binary' (got 'weighted'). You may use labels=[pos_label] to specify a single positive class.
  warnings.warn(

2026-09-16 21:13:35,259:WARNING:c:\Users\laboratorio\Desktop\Nova Pasta\PyCaret\.venv\Lib\site-packages\sklearn\metrics\_classification.py:1561: UserWarning: Note that pos_label (set to 'Yes') is ignored when average != 'binary' (got 'weighted'). You may use labels=[pos_label] to specify a single positive class.
  warnings.warn(

2026-09-16 21:13:35,261:WARNING:c:\Users\laboratorio\Desktop\Nova Pasta\PyCaret\.venv\Lib\site-packages\sklearn\metrics\_classification.py:1561: UserWarning: Note that pos_label (set to 'Yes') is ignored when average != 'binary' (got 'weighted'). You may use labels=[pos_label] to specify a single positive class.
  warnings.warn(

2026-09-16 21:13:35,266:WARNING:c:\Users\laboratorio\Desktop\Nova Pasta\PyCaret\.venv\Lib\site-packages\sklearn\metrics\_classification.py:1561: UserWarning: Note that pos_label (set to 'Yes') is ignored when average != 'binary' (got 'weighted'). You may use labels=[pos_label] to specify a single positive class.
  warnings.warn(

2026-09-16 21:13:35,278:WARNING:c:\Users\laboratorio\Desktop\Nova Pasta\PyCaret\.venv\Lib\site-packages\sklearn\metrics\_classification.py:1561: UserWarning: Note that pos_label (set to 'Yes') is ignored when average != 'binary' (got 'weighted'). You may use labels=[pos_label] to specify a single positive class.
  warnings.warn(

2026-09-16 21:13:35,283:WARNING:c:\Users\laboratorio\Desktop\Nova Pasta\PyCaret\.venv\Lib\site-packages\sklearn\metrics\_classification.py:1561: UserWarning: Note that pos_label (set to 'Yes') is ignored when average != 'binary' (got 'weighted'). You may use labels=[pos_label] to specify a single positive class.
  warnings.warn(

2026-09-16 21:13:35,289:WARNING:c:\Users\laboratorio\Desktop\Nova Pasta\PyCaret\.venv\Lib\site-packages\sklearn\metrics\_classification.py:1561: UserWarning: Note that pos_label (set to 'Yes') is ignored when average != 'binary' (got 'weighted'). You may use labels=[pos_label] to specify a single positive class.
  warnings.warn(

2026-09-16 21:13:35,297:WARNING:c:\Users\laboratorio\Desktop\Nova Pasta\PyCaret\.venv\Lib\site-packages\sklearn\metrics\_classification.py:1561: UserWarning: Note that pos_label (set to 'Yes') is ignored when average != 'binary' (got 'weighted'). You may use labels=[pos_label] to specify a single positive class.
  warnings.warn(

2026-09-16 21:13:35,309:WARNING:c:\Users\laboratorio\Desktop\Nova Pasta\PyCaret\.venv\Lib\site-packages\sklearn\metrics\_classification.py:1561: UserWarning: Note that pos_label (set to 'Yes') is ignored when average != 'binary' (got 'weighted'). You may use labels=[pos_label] to specify a single positive class.
  warnings.warn(

2026-09-16 21:13:35,313:WARNING:c:\Users\laboratorio\Desktop\Nova Pasta\PyCaret\.venv\Lib\site-packages\sklearn\metrics\_classification.py:1561: UserWarning: Note that pos_label (set to 'Yes') is ignored when average != 'binary' (got 'weighted'). You may use labels=[pos_label] to specify a single positive class.
  warnings.warn(

2026-09-16 21:13:35,329:INFO:Calculating mean and std
2026-09-16 21:13:35,329:INFO:Creating metrics dataframe
2026-09-16 21:13:35,331:INFO:Uploading results into container
2026-09-16 21:13:35,331:INFO:Uploading model into container now
2026-09-16 21:13:35,332:INFO:_master_model_container: 1
2026-09-16 21:13:35,332:INFO:_display_container: 2
2026-09-16 21:13:35,332:INFO:LogisticRegression(C=1.0, class_weight=None, dual=False, fit_intercept=True,
                   intercept_scaling=1, l1_ratio=None, max_iter=1000,
                   multi_class='auto', n_jobs=None, penalty='l2',
                   random_state=123, solver='lbfgs', tol=0.0001, verbose=0,
                   warm_start=False)
2026-09-16 21:13:35,332:INFO:create_model() successfully completed......................................
2026-09-16 21:13:35,403:INFO:SubProcess create_model() end ==================================
2026-09-16 21:13:35,404:INFO:Creating metrics dataframe
2026-09-16 21:13:35,407:INFO:Initializing K Neighbors Classifier
2026-09-16 21:13:35,407:INFO:Total runtime is 0.10807234446207682 minutes
2026-09-16 21:13:35,407:INFO:SubProcess create_model() called ==================================
2026-09-16 21:13:35,407:INFO:Initializing create_model()
2026-09-16 21:13:35,407:INFO:create_model(self=<pycaret.classification.oop.ClassificationExperiment object at 0x00000287133624D0>, estimator=knn, fold=StratifiedKFold(n_splits=10, random_state=None, shuffle=False), round=4, cross_validation=True, predict=True, fit_kwargs={}, groups=None, refit=False, probability_threshold=None, experiment_custom_tags=None, verbose=False, system=False, add_to_model_list=True, metrics=None, display=<pycaret.internal.display.display.CommonDisplay object at 0x00000287147BD210>, model_only=True, return_train_score=False, error_score=0.0, kwargs={})
2026-09-16 21:13:35,407:INFO:Checking exceptions
2026-09-16 21:13:35,407:INFO:Importing libraries
2026-09-16 21:13:35,407:INFO:Copying training dataset
2026-09-16 21:13:35,411:INFO:Defining folds
2026-09-16 21:13:35,411:INFO:Declaring metric variables
2026-09-16 21:13:35,411:INFO:Importing untrained model
2026-09-16 21:13:35,411:INFO:K Neighbors Classifier Imported successfully
2026-09-16 21:13:35,411:INFO:Starting cross validation
2026-09-16 21:13:35,422:INFO:Cross validating with StratifiedKFold(n_splits=10, random_state=None, shuffle=False), n_jobs=-1
2026-09-16 21:13:38,831:WARNING:c:\Users\laboratorio\Desktop\Nova Pasta\PyCaret\.venv\Lib\site-packages\_distutils_hack\__init__.py:33: UserWarning: Setuptools is replacing distutils.
  warnings.warn("Setuptools is replacing distutils.")

2026-09-16 21:13:38,836:WARNING:c:\Users\laboratorio\Desktop\Nova Pasta\PyCaret\.venv\Lib\site-packages\_distutils_hack\__init__.py:33: UserWarning: Setuptools is replacing distutils.
  warnings.warn("Setuptools is replacing distutils.")

2026-09-16 21:13:38,837:WARNING:c:\Users\laboratorio\Desktop\Nova Pasta\PyCaret\.venv\Lib\site-packages\_distutils_hack\__init__.py:33: UserWarning: Setuptools is replacing distutils.
  warnings.warn("Setuptools is replacing distutils.")

2026-09-16 21:13:38,840:WARNING:c:\Users\laboratorio\Desktop\Nova Pasta\PyCaret\.venv\Lib\site-packages\_distutils_hack\__init__.py:33: UserWarning: Setuptools is replacing distutils.
  warnings.warn("Setuptools is replacing distutils.")

2026-09-16 21:13:38,845:WARNING:c:\Users\laboratorio\Desktop\Nova Pasta\PyCaret\.venv\Lib\site-packages\_distutils_hack\__init__.py:33: UserWarning: Setuptools is replacing distutils.
  warnings.warn("Setuptools is replacing distutils.")

2026-09-16 21:13:38,845:WARNING:c:\Users\laboratorio\Desktop\Nova Pasta\PyCaret\.venv\Lib\site-packages\_distutils_hack\__init__.py:33: UserWarning: Setuptools is replacing distutils.
  warnings.warn("Setuptools is replacing distutils.")

2026-09-16 21:13:38,845:WARNING:c:\Users\laboratorio\Desktop\Nova Pasta\PyCaret\.venv\Lib\site-packages\_distutils_hack\__init__.py:33: UserWarning: Setuptools is replacing distutils.
  warnings.warn("Setuptools is replacing distutils.")

2026-09-16 21:13:38,879:WARNING:c:\Users\laboratorio\Desktop\Nova Pasta\PyCaret\.venv\Lib\site-packages\_distutils_hack\__init__.py:33: UserWarning: Setuptools is replacing distutils.
  warnings.warn("Setuptools is replacing distutils.")

2026-09-16 21:13:38,896:WARNING:c:\Users\laboratorio\Desktop\Nova Pasta\PyCaret\.venv\Lib\site-packages\_distutils_hack\__init__.py:33: UserWarning: Setuptools is replacing distutils.
  warnings.warn("Setuptools is replacing distutils.")

2026-09-16 21:13:38,925:WARNING:c:\Users\laboratorio\Desktop\Nova Pasta\PyCaret\.venv\Lib\site-packages\_distutils_hack\__init__.py:33: UserWarning: Setuptools is replacing distutils.
  warnings.warn("Setuptools is replacing distutils.")

2026-09-16 21:13:39,606:WARNING:c:\Users\laboratorio\Desktop\Nova Pasta\PyCaret\.venv\Lib\site-packages\sklearn\metrics\_classification.py:1561: UserWarning: Note that pos_label (set to 'Yes') is ignored when average != 'binary' (got 'weighted'). You may use labels=[pos_label] to specify a single positive class.
  warnings.warn(

2026-09-16 21:13:39,612:WARNING:c:\Users\laboratorio\Desktop\Nova Pasta\PyCaret\.venv\Lib\site-packages\sklearn\metrics\_classification.py:1561: UserWarning: Note that pos_label (set to 'Yes') is ignored when average != 'binary' (got 'weighted'). You may use labels=[pos_label] to specify a single positive class.
  warnings.warn(

2026-09-16 21:13:39,612:WARNING:c:\Users\laboratorio\Desktop\Nova Pasta\PyCaret\.venv\Lib\site-packages\sklearn\metrics\_classification.py:1561: UserWarning: Note that pos_label (set to 'Yes') is ignored when average != 'binary' (got 'weighted'). You may use labels=[pos_label] to specify a single positive class.
  warnings.warn(

2026-09-16 21:13:39,612:WARNING:c:\Users\laboratorio\Desktop\Nova Pasta\PyCaret\.venv\Lib\site-packages\sklearn\metrics\_classification.py:1561: UserWarning: Note that pos_label (set to 'Yes') is ignored when average != 'binary' (got 'weighted'). You may use labels=[pos_label] to specify a single positive class.
  warnings.warn(

2026-09-16 21:13:39,612:WARNING:c:\Users\laboratorio\Desktop\Nova Pasta\PyCaret\.venv\Lib\site-packages\sklearn\metrics\_classification.py:1561: UserWarning: Note that pos_label (set to 'Yes') is ignored when average != 'binary' (got 'weighted'). You may use labels=[pos_label] to specify a single positive class.
  warnings.warn(

2026-09-16 21:13:39,612:WARNING:c:\Users\laboratorio\Desktop\Nova Pasta\PyCaret\.venv\Lib\site-packages\sklearn\metrics\_classification.py:1561: UserWarning: Note that pos_label (set to 'Yes') is ignored when average != 'binary' (got 'weighted'). You may use labels=[pos_label] to specify a single positive class.
  warnings.warn(

2026-09-16 21:13:39,612:WARNING:c:\Users\laboratorio\Desktop\Nova Pasta\PyCaret\.venv\Lib\site-packages\sklearn\metrics\_classification.py:1561: UserWarning: Note that pos_label (set to 'Yes') is ignored when average != 'binary' (got 'weighted'). You may use labels=[pos_label] to specify a single positive class.
  warnings.warn(

2026-09-16 21:13:39,621:WARNING:c:\Users\laboratorio\Desktop\Nova Pasta\PyCaret\.venv\Lib\site-packages\sklearn\metrics\_classification.py:1561: UserWarning: Note that pos_label (set to 'Yes') is ignored when average != 'binary' (got 'weighted'). You may use labels=[pos_label] to specify a single positive class.
  warnings.warn(

2026-09-16 21:13:39,625:WARNING:c:\Users\laboratorio\Desktop\Nova Pasta\PyCaret\.venv\Lib\site-packages\sklearn\metrics\_classification.py:1561: UserWarning: Note that pos_label (set to 'Yes') is ignored when average != 'binary' (got 'weighted'). You may use labels=[pos_label] to specify a single positive class.
  warnings.warn(

2026-09-16 21:13:39,625:WARNING:c:\Users\laboratorio\Desktop\Nova Pasta\PyCaret\.venv\Lib\site-packages\sklearn\metrics\_classification.py:1561: UserWarning: Note that pos_label (set to 'Yes') is ignored when average != 'binary' (got 'weighted'). You may use labels=[pos_label] to specify a single positive class.
  warnings.warn(

2026-09-16 21:13:39,626:WARNING:c:\Users\laboratorio\Desktop\Nova Pasta\PyCaret\.venv\Lib\site-packages\sklearn\metrics\_classification.py:1561: UserWarning: Note that pos_label (set to 'Yes') is ignored when average != 'binary' (got 'weighted'). You may use labels=[pos_label] to specify a single positive class.
  warnings.warn(

2026-09-16 21:13:39,634:WARNING:c:\Users\laboratorio\Desktop\Nova Pasta\PyCaret\.venv\Lib\site-packages\sklearn\metrics\_classification.py:1561: UserWarning: Note that pos_label (set to 'Yes') is ignored when average != 'binary' (got 'weighted'). You may use labels=[pos_label] to specify a single positive class.
  warnings.warn(

2026-09-16 21:13:39,637:WARNING:c:\Users\laboratorio\Desktop\Nova Pasta\PyCaret\.venv\Lib\site-packages\sklearn\metrics\_classification.py:1561: UserWarning: Note that pos_label (set to 'Yes') is ignored when average != 'binary' (got 'weighted'). You may use labels=[pos_label] to specify a single positive class.
  warnings.warn(

2026-09-16 21:13:39,637:WARNING:c:\Users\laboratorio\Desktop\Nova Pasta\PyCaret\.venv\Lib\site-packages\sklearn\metrics\_classification.py:1561: UserWarning: Note that pos_label (set to 'Yes') is ignored when average != 'binary' (got 'weighted'). You may use labels=[pos_label] to specify a single positive class.
  warnings.warn(

2026-09-16 21:13:39,639:WARNING:c:\Users\laboratorio\Desktop\Nova Pasta\PyCaret\.venv\Lib\site-packages\sklearn\metrics\_classification.py:1561: UserWarning: Note that pos_label (set to 'Yes') is ignored when average != 'binary' (got 'weighted'). You may use labels=[pos_label] to specify a single positive class.
  warnings.warn(

2026-09-16 21:13:39,644:WARNING:c:\Users\laboratorio\Desktop\Nova Pasta\PyCaret\.venv\Lib\site-packages\sklearn\metrics\_classification.py:1561: UserWarning: Note that pos_label (set to 'Yes') is ignored when average != 'binary' (got 'weighted'). You may use labels=[pos_label] to specify a single positive class.
  warnings.warn(

2026-09-16 21:13:39,648:WARNING:c:\Users\laboratorio\Desktop\Nova Pasta\PyCaret\.venv\Lib\site-packages\sklearn\metrics\_classification.py:1561: UserWarning: Note that pos_label (set to 'Yes') is ignored when average != 'binary' (got 'weighted'). You may use labels=[pos_label] to specify a single positive class.
  warnings.warn(

2026-09-16 21:13:39,652:WARNING:c:\Users\laboratorio\Desktop\Nova Pasta\PyCaret\.venv\Lib\site-packages\sklearn\metrics\_classification.py:1561: UserWarning: Note that pos_label (set to 'Yes') is ignored when average != 'binary' (got 'weighted'). You may use labels=[pos_label] to specify a single positive class.
  warnings.warn(

2026-09-16 21:13:39,656:WARNING:c:\Users\laboratorio\Desktop\Nova Pasta\PyCaret\.venv\Lib\site-packages\sklearn\metrics\_classification.py:1561: UserWarning: Note that pos_label (set to 'Yes') is ignored when average != 'binary' (got 'weighted'). You may use labels=[pos_label] to specify a single positive class.
  warnings.warn(

2026-09-16 21:13:39,660:WARNING:c:\Users\laboratorio\Desktop\Nova Pasta\PyCaret\.venv\Lib\site-packages\sklearn\metrics\_classification.py:1561: UserWarning: Note that pos_label (set to 'Yes') is ignored when average != 'binary' (got 'weighted'). You may use labels=[pos_label] to specify a single positive class.
  warnings.warn(

2026-09-16 21:13:39,661:WARNING:c:\Users\laboratorio\Desktop\Nova Pasta\PyCaret\.venv\Lib\site-packages\sklearn\metrics\_classification.py:1561: UserWarning: Note that pos_label (set to 'Yes') is ignored when average != 'binary' (got 'weighted'). You may use labels=[pos_label] to specify a single positive class.
  warnings.warn(

2026-09-16 21:13:39,666:WARNING:c:\Users\laboratorio\Desktop\Nova Pasta\PyCaret\.venv\Lib\site-packages\sklearn\metrics\_classification.py:1561: UserWarning: Note that pos_label (set to 'Yes') is ignored when average != 'binary' (got 'weighted'). You may use labels=[pos_label] to specify a single positive class.
  warnings.warn(

2026-09-16 21:13:39,668:WARNING:c:\Users\laboratorio\Desktop\Nova Pasta\PyCaret\.venv\Lib\site-packages\sklearn\metrics\_classification.py:1561: UserWarning: Note that pos_label (set to 'Yes') is ignored when average != 'binary' (got 'weighted'). You may use labels=[pos_label] to specify a single positive class.
  warnings.warn(

2026-09-16 21:13:39,671:WARNING:c:\Users\laboratorio\Desktop\Nova Pasta\PyCaret\.venv\Lib\site-packages\sklearn\metrics\_classification.py:1561: UserWarning: Note that pos_label (set to 'Yes') is ignored when average != 'binary' (got 'weighted'). You may use labels=[pos_label] to specify a single positive class.
  warnings.warn(

2026-09-16 21:13:39,692:WARNING:c:\Users\laboratorio\Desktop\Nova Pasta\PyCaret\.venv\Lib\site-packages\sklearn\metrics\_classification.py:1561: UserWarning: Note that pos_label (set to 'Yes') is ignored when average != 'binary' (got 'weighted'). You may use labels=[pos_label] to specify a single positive class.
  warnings.warn(

2026-09-16 21:13:39,696:WARNING:c:\Users\laboratorio\Desktop\Nova Pasta\PyCaret\.venv\Lib\site-packages\sklearn\metrics\_classification.py:1561: UserWarning: Note that pos_label (set to 'Yes') is ignored when average != 'binary' (got 'weighted'). You may use labels=[pos_label] to specify a single positive class.
  warnings.warn(

2026-09-16 21:13:39,696:WARNING:c:\Users\laboratorio\Desktop\Nova Pasta\PyCaret\.venv\Lib\site-packages\sklearn\metrics\_classification.py:1561: UserWarning: Note that pos_label (set to 'Yes') is ignored when average != 'binary' (got 'weighted'). You may use labels=[pos_label] to specify a single positive class.
  warnings.warn(

2026-09-16 21:13:39,696:WARNING:c:\Users\laboratorio\Desktop\Nova Pasta\PyCaret\.venv\Lib\site-packages\sklearn\metrics\_classification.py:1561: UserWarning: Note that pos_label (set to 'Yes') is ignored when average != 'binary' (got 'weighted'). You may use labels=[pos_label] to specify a single positive class.
  warnings.warn(

2026-09-16 21:13:39,706:WARNING:c:\Users\laboratorio\Desktop\Nova Pasta\PyCaret\.venv\Lib\site-packages\sklearn\metrics\_classification.py:1561: UserWarning: Note that pos_label (set to 'Yes') is ignored when average != 'binary' (got 'weighted'). You may use labels=[pos_label] to specify a single positive class.
  warnings.warn(

2026-09-16 21:13:39,709:WARNING:c:\Users\laboratorio\Desktop\Nova Pasta\PyCaret\.venv\Lib\site-packages\sklearn\metrics\_classification.py:1561: UserWarning: Note that pos_label (set to 'Yes') is ignored when average != 'binary' (got 'weighted'). You may use labels=[pos_label] to specify a single positive class.
  warnings.warn(

2026-09-16 21:13:39,728:INFO:Calculating mean and std
2026-09-16 21:13:39,730:INFO:Creating metrics dataframe
2026-09-16 21:13:39,732:INFO:Uploading results into container
2026-09-16 21:13:39,733:INFO:Uploading model into container now
2026-09-16 21:13:39,733:INFO:_master_model_container: 2
2026-09-16 21:13:39,733:INFO:_display_container: 2
2026-09-16 21:13:39,734:INFO:KNeighborsClassifier(algorithm='auto', leaf_size=30, metric='minkowski',
                     metric_params=None, n_jobs=-1, n_neighbors=5, p=2,
                     weights='uniform')
2026-09-16 21:13:39,734:INFO:create_model() successfully completed......................................
2026-09-16 21:13:39,806:INFO:SubProcess create_model() end ==================================
2026-09-16 21:13:39,806:INFO:Creating metrics dataframe
2026-09-16 21:13:39,818:INFO:Initializing Naive Bayes
2026-09-16 21:13:39,818:INFO:Total runtime is 0.18160523970921832 minutes
2026-09-16 21:13:39,822:INFO:SubProcess create_model() called ==================================
2026-09-16 21:13:39,822:INFO:Initializing create_model()
2026-09-16 21:13:39,822:INFO:create_model(self=<pycaret.classification.oop.ClassificationExperiment object at 0x00000287133624D0>, estimator=nb, fold=StratifiedKFold(n_splits=10, random_state=None, shuffle=False), round=4, cross_validation=True, predict=True, fit_kwargs={}, groups=None, refit=False, probability_threshold=None, experiment_custom_tags=None, verbose=False, system=False, add_to_model_list=True, metrics=None, display=<pycaret.internal.display.display.CommonDisplay object at 0x00000287147BD210>, model_only=True, return_train_score=False, error_score=0.0, kwargs={})
2026-09-16 21:13:39,822:INFO:Checking exceptions
2026-09-16 21:13:39,822:INFO:Importing libraries
2026-09-16 21:13:39,822:INFO:Copying training dataset
2026-09-16 21:13:39,825:INFO:Defining folds
2026-09-16 21:13:39,825:INFO:Declaring metric variables
2026-09-16 21:13:39,826:INFO:Importing untrained model
2026-09-16 21:13:39,828:INFO:Naive Bayes Imported successfully
2026-09-16 21:13:39,831:INFO:Starting cross validation
2026-09-16 21:13:39,833:INFO:Cross validating with StratifiedKFold(n_splits=10, random_state=None, shuffle=False), n_jobs=-1
2026-09-16 21:13:40,307:WARNING:c:\Users\laboratorio\Desktop\Nova Pasta\PyCaret\.venv\Lib\site-packages\sklearn\metrics\_classification.py:1561: UserWarning: Note that pos_label (set to 'Yes') is ignored when average != 'binary' (got 'weighted'). You may use labels=[pos_label] to specify a single positive class.
  warnings.warn(

2026-09-16 21:13:40,312:WARNING:c:\Users\laboratorio\Desktop\Nova Pasta\PyCaret\.venv\Lib\site-packages\sklearn\metrics\_classification.py:1561: UserWarning: Note that pos_label (set to 'Yes') is ignored when average != 'binary' (got 'weighted'). You may use labels=[pos_label] to specify a single positive class.
  warnings.warn(

2026-09-16 21:13:40,314:WARNING:c:\Users\laboratorio\Desktop\Nova Pasta\PyCaret\.venv\Lib\site-packages\sklearn\metrics\_classification.py:1509: UndefinedMetricWarning: Precision is ill-defined and being set to 0.0 in labels with no predicted samples. Use `zero_division` parameter to control this behavior.
  _warn_prf(average, modifier, f"{metric.capitalize()} is", len(result))

2026-09-16 21:13:40,314:WARNING:c:\Users\laboratorio\Desktop\Nova Pasta\PyCaret\.venv\Lib\site-packages\sklearn\metrics\_classification.py:1561: UserWarning: Note that pos_label (set to 'Yes') is ignored when average != 'binary' (got 'weighted'). You may use labels=[pos_label] to specify a single positive class.
  warnings.warn(

2026-09-16 21:13:40,316:WARNING:c:\Users\laboratorio\Desktop\Nova Pasta\PyCaret\.venv\Lib\site-packages\sklearn\metrics\_classification.py:1561: UserWarning: Note that pos_label (set to 'Yes') is ignored when average != 'binary' (got 'weighted'). You may use labels=[pos_label] to specify a single positive class.
  warnings.warn(

2026-09-16 21:13:40,318:WARNING:c:\Users\laboratorio\Desktop\Nova Pasta\PyCaret\.venv\Lib\site-packages\sklearn\metrics\_classification.py:1561: UserWarning: Note that pos_label (set to 'Yes') is ignored when average != 'binary' (got 'weighted'). You may use labels=[pos_label] to specify a single positive class.
  warnings.warn(

2026-09-16 21:13:40,321:WARNING:c:\Users\laboratorio\Desktop\Nova Pasta\PyCaret\.venv\Lib\site-packages\sklearn\metrics\_classification.py:1509: UndefinedMetricWarning: Precision is ill-defined and being set to 0.0 in labels with no predicted samples. Use `zero_division` parameter to control this behavior.
  _warn_prf(average, modifier, f"{metric.capitalize()} is", len(result))

2026-09-16 21:13:40,322:WARNING:c:\Users\laboratorio\Desktop\Nova Pasta\PyCaret\.venv\Lib\site-packages\sklearn\metrics\_classification.py:1561: UserWarning: Note that pos_label (set to 'Yes') is ignored when average != 'binary' (got 'weighted'). You may use labels=[pos_label] to specify a single positive class.
  warnings.warn(

2026-09-16 21:13:40,324:WARNING:c:\Users\laboratorio\Desktop\Nova Pasta\PyCaret\.venv\Lib\site-packages\sklearn\metrics\_classification.py:1561: UserWarning: Note that pos_label (set to 'Yes') is ignored when average != 'binary' (got 'weighted'). You may use labels=[pos_label] to specify a single positive class.
  warnings.warn(

2026-09-16 21:13:40,327:WARNING:c:\Users\laboratorio\Desktop\Nova Pasta\PyCaret\.venv\Lib\site-packages\sklearn\metrics\_classification.py:1561: UserWarning: Note that pos_label (set to 'Yes') is ignored when average != 'binary' (got 'weighted'). You may use labels=[pos_label] to specify a single positive class.
  warnings.warn(

2026-09-16 21:13:40,332:WARNING:c:\Users\laboratorio\Desktop\Nova Pasta\PyCaret\.venv\Lib\site-packages\sklearn\metrics\_classification.py:1509: UndefinedMetricWarning: Precision is ill-defined and being set to 0.0 in labels with no predicted samples. Use `zero_division` parameter to control this behavior.
  _warn_prf(average, modifier, f"{metric.capitalize()} is", len(result))

2026-09-16 21:13:40,332:WARNING:c:\Users\laboratorio\Desktop\Nova Pasta\PyCaret\.venv\Lib\site-packages\sklearn\metrics\_classification.py:1561: UserWarning: Note that pos_label (set to 'Yes') is ignored when average != 'binary' (got 'weighted'). You may use labels=[pos_label] to specify a single positive class.
  warnings.warn(

2026-09-16 21:13:40,332:WARNING:c:\Users\laboratorio\Desktop\Nova Pasta\PyCaret\.venv\Lib\site-packages\sklearn\metrics\_classification.py:1561: UserWarning: Note that pos_label (set to 'Yes') is ignored when average != 'binary' (got 'weighted'). You may use labels=[pos_label] to specify a single positive class.
  warnings.warn(

2026-09-16 21:13:40,339:WARNING:c:\Users\laboratorio\Desktop\Nova Pasta\PyCaret\.venv\Lib\site-packages\sklearn\metrics\_classification.py:1561: UserWarning: Note that pos_label (set to 'Yes') is ignored when average != 'binary' (got 'weighted'). You may use labels=[pos_label] to specify a single positive class.
  warnings.warn(

2026-09-16 21:13:40,339:WARNING:c:\Users\laboratorio\Desktop\Nova Pasta\PyCaret\.venv\Lib\site-packages\sklearn\metrics\_classification.py:1561: UserWarning: Note that pos_label (set to 'Yes') is ignored when average != 'binary' (got 'weighted'). You may use labels=[pos_label] to specify a single positive class.
  warnings.warn(

2026-09-16 21:13:40,339:WARNING:c:\Users\laboratorio\Desktop\Nova Pasta\PyCaret\.venv\Lib\site-packages\sklearn\metrics\_classification.py:1509: UndefinedMetricWarning: Precision is ill-defined and being set to 0.0 in labels with no predicted samples. Use `zero_division` parameter to control this behavior.
  _warn_prf(average, modifier, f"{metric.capitalize()} is", len(result))

2026-09-16 21:13:40,339:WARNING:c:\Users\laboratorio\Desktop\Nova Pasta\PyCaret\.venv\Lib\site-packages\sklearn\metrics\_classification.py:1561: UserWarning: Note that pos_label (set to 'Yes') is ignored when average != 'binary' (got 'weighted'). You may use labels=[pos_label] to specify a single positive class.
  warnings.warn(

2026-09-16 21:13:40,339:WARNING:c:\Users\laboratorio\Desktop\Nova Pasta\PyCaret\.venv\Lib\site-packages\sklearn\metrics\_classification.py:1561: UserWarning: Note that pos_label (set to 'Yes') is ignored when average != 'binary' (got 'weighted'). You may use labels=[pos_label] to specify a single positive class.
  warnings.warn(

2026-09-16 21:13:40,347:WARNING:c:\Users\laboratorio\Desktop\Nova Pasta\PyCaret\.venv\Lib\site-packages\sklearn\metrics\_classification.py:1509: UndefinedMetricWarning: Precision is ill-defined and being set to 0.0 in labels with no predicted samples. Use `zero_division` parameter to control this behavior.
  _warn_prf(average, modifier, f"{metric.capitalize()} is", len(result))

2026-09-16 21:13:40,347:WARNING:c:\Users\laboratorio\Desktop\Nova Pasta\PyCaret\.venv\Lib\site-packages\sklearn\metrics\_classification.py:1561: UserWarning: Note that pos_label (set to 'Yes') is ignored when average != 'binary' (got 'weighted'). You may use labels=[pos_label] to specify a single positive class.
  warnings.warn(

2026-09-16 21:13:40,359:WARNING:c:\Users\laboratorio\Desktop\Nova Pasta\PyCaret\.venv\Lib\site-packages\sklearn\metrics\_classification.py:1561: UserWarning: Note that pos_label (set to 'Yes') is ignored when average != 'binary' (got 'weighted'). You may use labels=[pos_label] to specify a single positive class.
  warnings.warn(

2026-09-16 21:13:40,359:WARNING:c:\Users\laboratorio\Desktop\Nova Pasta\PyCaret\.venv\Lib\site-packages\sklearn\metrics\_classification.py:1561: UserWarning: Note that pos_label (set to 'Yes') is ignored when average != 'binary' (got 'weighted'). You may use labels=[pos_label] to specify a single positive class.
  warnings.warn(

2026-09-16 21:13:40,359:WARNING:c:\Users\laboratorio\Desktop\Nova Pasta\PyCaret\.venv\Lib\site-packages\sklearn\metrics\_classification.py:1561: UserWarning: Note that pos_label (set to 'Yes') is ignored when average != 'binary' (got 'weighted'). You may use labels=[pos_label] to specify a single positive class.
  warnings.warn(

2026-09-16 21:13:40,368:WARNING:c:\Users\laboratorio\Desktop\Nova Pasta\PyCaret\.venv\Lib\site-packages\sklearn\metrics\_classification.py:1509: UndefinedMetricWarning: Precision is ill-defined and being set to 0.0 in labels with no predicted samples. Use `zero_division` parameter to control this behavior.
  _warn_prf(average, modifier, f"{metric.capitalize()} is", len(result))

2026-09-16 21:13:40,368:WARNING:c:\Users\laboratorio\Desktop\Nova Pasta\PyCaret\.venv\Lib\site-packages\sklearn\metrics\_classification.py:1561: UserWarning: Note that pos_label (set to 'Yes') is ignored when average != 'binary' (got 'weighted'). You may use labels=[pos_label] to specify a single positive class.
  warnings.warn(

2026-09-16 21:13:40,368:WARNING:c:\Users\laboratorio\Desktop\Nova Pasta\PyCaret\.venv\Lib\site-packages\sklearn\metrics\_classification.py:1561: UserWarning: Note that pos_label (set to 'Yes') is ignored when average != 'binary' (got 'weighted'). You may use labels=[pos_label] to specify a single positive class.
  warnings.warn(

2026-09-16 21:13:40,368:WARNING:c:\Users\laboratorio\Desktop\Nova Pasta\PyCaret\.venv\Lib\site-packages\sklearn\metrics\_classification.py:1561: UserWarning: Note that pos_label (set to 'Yes') is ignored when average != 'binary' (got 'weighted'). You may use labels=[pos_label] to specify a single positive class.
  warnings.warn(

2026-09-16 21:13:40,372:WARNING:c:\Users\laboratorio\Desktop\Nova Pasta\PyCaret\.venv\Lib\site-packages\sklearn\metrics\_classification.py:1509: UndefinedMetricWarning: Precision is ill-defined and being set to 0.0 in labels with no predicted samples. Use `zero_division` parameter to control this behavior.
  _warn_prf(average, modifier, f"{metric.capitalize()} is", len(result))

2026-09-16 21:13:40,373:WARNING:c:\Users\laboratorio\Desktop\Nova Pasta\PyCaret\.venv\Lib\site-packages\sklearn\metrics\_classification.py:1561: UserWarning: Note that pos_label (set to 'Yes') is ignored when average != 'binary' (got 'weighted'). You may use labels=[pos_label] to specify a single positive class.
  warnings.warn(

2026-09-16 21:13:40,373:WARNING:c:\Users\laboratorio\Desktop\Nova Pasta\PyCaret\.venv\Lib\site-packages\sklearn\metrics\_classification.py:1561: UserWarning: Note that pos_label (set to 'Yes') is ignored when average != 'binary' (got 'weighted'). You may use labels=[pos_label] to specify a single positive class.
  warnings.warn(

2026-09-16 21:13:40,373:WARNING:c:\Users\laboratorio\Desktop\Nova Pasta\PyCaret\.venv\Lib\site-packages\sklearn\metrics\_classification.py:1561: UserWarning: Note that pos_label (set to 'Yes') is ignored when average != 'binary' (got 'weighted'). You may use labels=[pos_label] to specify a single positive class.
  warnings.warn(

2026-09-16 21:13:40,373:WARNING:c:\Users\laboratorio\Desktop\Nova Pasta\PyCaret\.venv\Lib\site-packages\sklearn\metrics\_classification.py:1561: UserWarning: Note that pos_label (set to 'Yes') is ignored when average != 'binary' (got 'weighted'). You may use labels=[pos_label] to specify a single positive class.
  warnings.warn(

2026-09-16 21:13:40,373:WARNING:c:\Users\laboratorio\Desktop\Nova Pasta\PyCaret\.venv\Lib\site-packages\sklearn\metrics\_classification.py:1561: UserWarning: Note that pos_label (set to 'Yes') is ignored when average != 'binary' (got 'weighted'). You may use labels=[pos_label] to specify a single positive class.
  warnings.warn(

2026-09-16 21:13:40,373:WARNING:c:\Users\laboratorio\Desktop\Nova Pasta\PyCaret\.venv\Lib\site-packages\sklearn\metrics\_classification.py:1509: UndefinedMetricWarning: Precision is ill-defined and being set to 0.0 in labels with no predicted samples. Use `zero_division` parameter to control this behavior.
  _warn_prf(average, modifier, f"{metric.capitalize()} is", len(result))

2026-09-16 21:13:40,378:WARNING:c:\Users\laboratorio\Desktop\Nova Pasta\PyCaret\.venv\Lib\site-packages\sklearn\metrics\_classification.py:1509: UndefinedMetricWarning: Precision is ill-defined and being set to 0.0 in labels with no predicted samples. Use `zero_division` parameter to control this behavior.
  _warn_prf(average, modifier, f"{metric.capitalize()} is", len(result))

2026-09-16 21:13:40,378:WARNING:c:\Users\laboratorio\Desktop\Nova Pasta\PyCaret\.venv\Lib\site-packages\sklearn\metrics\_classification.py:1561: UserWarning: Note that pos_label (set to 'Yes') is ignored when average != 'binary' (got 'weighted'). You may use labels=[pos_label] to specify a single positive class.
  warnings.warn(

2026-09-16 21:13:40,378:WARNING:c:\Users\laboratorio\Desktop\Nova Pasta\PyCaret\.venv\Lib\site-packages\sklearn\metrics\_classification.py:1561: UserWarning: Note that pos_label (set to 'Yes') is ignored when average != 'binary' (got 'weighted'). You may use labels=[pos_label] to specify a single positive class.
  warnings.warn(

2026-09-16 21:13:40,378:WARNING:c:\Users\laboratorio\Desktop\Nova Pasta\PyCaret\.venv\Lib\site-packages\sklearn\metrics\_classification.py:1561: UserWarning: Note that pos_label (set to 'Yes') is ignored when average != 'binary' (got 'weighted'). You may use labels=[pos_label] to specify a single positive class.
  warnings.warn(

2026-09-16 21:13:40,378:WARNING:c:\Users\laboratorio\Desktop\Nova Pasta\PyCaret\.venv\Lib\site-packages\sklearn\metrics\_classification.py:1509: UndefinedMetricWarning: Precision is ill-defined and being set to 0.0 in labels with no predicted samples. Use `zero_division` parameter to control this behavior.
  _warn_prf(average, modifier, f"{metric.capitalize()} is", len(result))

2026-09-16 21:13:40,378:WARNING:c:\Users\laboratorio\Desktop\Nova Pasta\PyCaret\.venv\Lib\site-packages\sklearn\metrics\_classification.py:1561: UserWarning: Note that pos_label (set to 'Yes') is ignored when average != 'binary' (got 'weighted'). You may use labels=[pos_label] to specify a single positive class.
  warnings.warn(

2026-09-16 21:13:40,399:INFO:Calculating mean and std
2026-09-16 21:13:40,399:INFO:Creating metrics dataframe
2026-09-16 21:13:40,399:INFO:Uploading results into container
2026-09-16 21:13:40,402:INFO:Uploading model into container now
2026-09-16 21:13:40,402:INFO:_master_model_container: 3
2026-09-16 21:13:40,402:INFO:_display_container: 2
2026-09-16 21:13:40,402:INFO:GaussianNB(priors=None, var_smoothing=1e-09)
2026-09-16 21:13:40,402:INFO:create_model() successfully completed......................................
2026-09-16 21:13:40,455:INFO:SubProcess create_model() end ==================================
2026-09-16 21:13:40,455:INFO:Creating metrics dataframe
2026-09-16 21:13:40,455:INFO:Initializing Decision Tree Classifier
2026-09-16 21:13:40,455:INFO:Total runtime is 0.19222060044606526 minutes
2026-09-16 21:13:40,455:INFO:SubProcess create_model() called ==================================
2026-09-16 21:13:40,455:INFO:Initializing create_model()
2026-09-16 21:13:40,455:INFO:create_model(self=<pycaret.classification.oop.ClassificationExperiment object at 0x00000287133624D0>, estimator=dt, fold=StratifiedKFold(n_splits=10, random_state=None, shuffle=False), round=4, cross_validation=True, predict=True, fit_kwargs={}, groups=None, refit=False, probability_threshold=None, experiment_custom_tags=None, verbose=False, system=False, add_to_model_list=True, metrics=None, display=<pycaret.internal.display.display.CommonDisplay object at 0x00000287147BD210>, model_only=True, return_train_score=False, error_score=0.0, kwargs={})
2026-09-16 21:13:40,455:INFO:Checking exceptions
2026-09-16 21:13:40,455:INFO:Importing libraries
2026-09-16 21:13:40,455:INFO:Copying training dataset
2026-09-16 21:13:40,455:INFO:Defining folds
2026-09-16 21:13:40,455:INFO:Declaring metric variables
2026-09-16 21:13:40,471:INFO:Importing untrained model
2026-09-16 21:13:40,473:INFO:Decision Tree Classifier Imported successfully
2026-09-16 21:13:40,473:INFO:Starting cross validation
2026-09-16 21:13:40,473:INFO:Cross validating with StratifiedKFold(n_splits=10, random_state=None, shuffle=False), n_jobs=-1
2026-09-16 21:13:40,930:WARNING:c:\Users\laboratorio\Desktop\Nova Pasta\PyCaret\.venv\Lib\site-packages\sklearn\metrics\_classification.py:1561: UserWarning: Note that pos_label (set to 'Yes') is ignored when average != 'binary' (got 'weighted'). You may use labels=[pos_label] to specify a single positive class.
  warnings.warn(

2026-09-16 21:13:40,936:WARNING:c:\Users\laboratorio\Desktop\Nova Pasta\PyCaret\.venv\Lib\site-packages\sklearn\metrics\_classification.py:1561: UserWarning: Note that pos_label (set to 'Yes') is ignored when average != 'binary' (got 'weighted'). You may use labels=[pos_label] to specify a single positive class.
  warnings.warn(

2026-09-16 21:13:40,938:WARNING:c:\Users\laboratorio\Desktop\Nova Pasta\PyCaret\.venv\Lib\site-packages\sklearn\metrics\_classification.py:1509: UndefinedMetricWarning: Precision is ill-defined and being set to 0.0 in labels with no predicted samples. Use `zero_division` parameter to control this behavior.
  _warn_prf(average, modifier, f"{metric.capitalize()} is", len(result))

2026-09-16 21:13:40,939:WARNING:c:\Users\laboratorio\Desktop\Nova Pasta\PyCaret\.venv\Lib\site-packages\sklearn\metrics\_classification.py:1561: UserWarning: Note that pos_label (set to 'Yes') is ignored when average != 'binary' (got 'weighted'). You may use labels=[pos_label] to specify a single positive class.
  warnings.warn(

2026-09-16 21:13:40,939:WARNING:c:\Users\laboratorio\Desktop\Nova Pasta\PyCaret\.venv\Lib\site-packages\sklearn\metrics\_classification.py:1561: UserWarning: Note that pos_label (set to 'Yes') is ignored when average != 'binary' (got 'weighted'). You may use labels=[pos_label] to specify a single positive class.
  warnings.warn(

2026-09-16 21:13:40,946:WARNING:c:\Users\laboratorio\Desktop\Nova Pasta\PyCaret\.venv\Lib\site-packages\sklearn\metrics\_classification.py:1561: UserWarning: Note that pos_label (set to 'Yes') is ignored when average != 'binary' (got 'weighted'). You may use labels=[pos_label] to specify a single positive class.
  warnings.warn(

2026-09-16 21:13:40,948:WARNING:c:\Users\laboratorio\Desktop\Nova Pasta\PyCaret\.venv\Lib\site-packages\sklearn\metrics\_classification.py:1509: UndefinedMetricWarning: Precision is ill-defined and being set to 0.0 in labels with no predicted samples. Use `zero_division` parameter to control this behavior.
  _warn_prf(average, modifier, f"{metric.capitalize()} is", len(result))

2026-09-16 21:13:40,948:WARNING:c:\Users\laboratorio\Desktop\Nova Pasta\PyCaret\.venv\Lib\site-packages\sklearn\metrics\_classification.py:1561: UserWarning: Note that pos_label (set to 'Yes') is ignored when average != 'binary' (got 'weighted'). You may use labels=[pos_label] to specify a single positive class.
  warnings.warn(

2026-09-16 21:13:40,953:WARNING:c:\Users\laboratorio\Desktop\Nova Pasta\PyCaret\.venv\Lib\site-packages\sklearn\metrics\_classification.py:1561: UserWarning: Note that pos_label (set to 'Yes') is ignored when average != 'binary' (got 'weighted'). You may use labels=[pos_label] to specify a single positive class.
  warnings.warn(

2026-09-16 21:13:40,957:WARNING:c:\Users\laboratorio\Desktop\Nova Pasta\PyCaret\.venv\Lib\site-packages\sklearn\metrics\_classification.py:1561: UserWarning: Note that pos_label (set to 'Yes') is ignored when average != 'binary' (got 'weighted'). You may use labels=[pos_label] to specify a single positive class.
  warnings.warn(

2026-09-16 21:13:40,960:WARNING:c:\Users\laboratorio\Desktop\Nova Pasta\PyCaret\.venv\Lib\site-packages\sklearn\metrics\_classification.py:1509: UndefinedMetricWarning: Precision is ill-defined and being set to 0.0 in labels with no predicted samples. Use `zero_division` parameter to control this behavior.
  _warn_prf(average, modifier, f"{metric.capitalize()} is", len(result))

2026-09-16 21:13:40,962:WARNING:c:\Users\laboratorio\Desktop\Nova Pasta\PyCaret\.venv\Lib\site-packages\sklearn\metrics\_classification.py:1561: UserWarning: Note that pos_label (set to 'Yes') is ignored when average != 'binary' (got 'weighted'). You may use labels=[pos_label] to specify a single positive class.
  warnings.warn(

2026-09-16 21:13:40,975:WARNING:c:\Users\laboratorio\Desktop\Nova Pasta\PyCaret\.venv\Lib\site-packages\sklearn\metrics\_classification.py:1561: UserWarning: Note that pos_label (set to 'Yes') is ignored when average != 'binary' (got 'weighted'). You may use labels=[pos_label] to specify a single positive class.
  warnings.warn(

2026-09-16 21:13:40,975:WARNING:c:\Users\laboratorio\Desktop\Nova Pasta\PyCaret\.venv\Lib\site-packages\sklearn\metrics\_classification.py:1561: UserWarning: Note that pos_label (set to 'Yes') is ignored when average != 'binary' (got 'weighted'). You may use labels=[pos_label] to specify a single positive class.
  warnings.warn(

2026-09-16 21:13:40,985:WARNING:c:\Users\laboratorio\Desktop\Nova Pasta\PyCaret\.venv\Lib\site-packages\sklearn\metrics\_classification.py:1561: UserWarning: Note that pos_label (set to 'Yes') is ignored when average != 'binary' (got 'weighted'). You may use labels=[pos_label] to specify a single positive class.
  warnings.warn(

2026-09-16 21:13:40,985:WARNING:c:\Users\laboratorio\Desktop\Nova Pasta\PyCaret\.venv\Lib\site-packages\sklearn\metrics\_classification.py:1561: UserWarning: Note that pos_label (set to 'Yes') is ignored when average != 'binary' (got 'weighted'). You may use labels=[pos_label] to specify a single positive class.
  warnings.warn(

2026-09-16 21:13:40,985:WARNING:c:\Users\laboratorio\Desktop\Nova Pasta\PyCaret\.venv\Lib\site-packages\sklearn\metrics\_classification.py:1561: UserWarning: Note that pos_label (set to 'Yes') is ignored when average != 'binary' (got 'weighted'). You may use labels=[pos_label] to specify a single positive class.
  warnings.warn(

2026-09-16 21:13:40,985:WARNING:c:\Users\laboratorio\Desktop\Nova Pasta\PyCaret\.venv\Lib\site-packages\sklearn\metrics\_classification.py:1561: UserWarning: Note that pos_label (set to 'Yes') is ignored when average != 'binary' (got 'weighted'). You may use labels=[pos_label] to specify a single positive class.
  warnings.warn(

2026-09-16 21:13:40,985:WARNING:c:\Users\laboratorio\Desktop\Nova Pasta\PyCaret\.venv\Lib\site-packages\sklearn\metrics\_classification.py:1509: UndefinedMetricWarning: Precision is ill-defined and being set to 0.0 in labels with no predicted samples. Use `zero_division` parameter to control this behavior.
  _warn_prf(average, modifier, f"{metric.capitalize()} is", len(result))

2026-09-16 21:13:40,989:WARNING:c:\Users\laboratorio\Desktop\Nova Pasta\PyCaret\.venv\Lib\site-packages\sklearn\metrics\_classification.py:1561: UserWarning: Note that pos_label (set to 'Yes') is ignored when average != 'binary' (got 'weighted'). You may use labels=[pos_label] to specify a single positive class.
  warnings.warn(

2026-09-16 21:13:40,989:WARNING:c:\Users\laboratorio\Desktop\Nova Pasta\PyCaret\.venv\Lib\site-packages\sklearn\metrics\_classification.py:1561: UserWarning: Note that pos_label (set to 'Yes') is ignored when average != 'binary' (got 'weighted'). You may use labels=[pos_label] to specify a single positive class.
  warnings.warn(

2026-09-16 21:13:40,989:WARNING:c:\Users\laboratorio\Desktop\Nova Pasta\PyCaret\.venv\Lib\site-packages\sklearn\metrics\_classification.py:1561: UserWarning: Note that pos_label (set to 'Yes') is ignored when average != 'binary' (got 'weighted'). You may use labels=[pos_label] to specify a single positive class.
  warnings.warn(

2026-09-16 21:13:40,989:WARNING:c:\Users\laboratorio\Desktop\Nova Pasta\PyCaret\.venv\Lib\site-packages\sklearn\metrics\_classification.py:1509: UndefinedMetricWarning: Precision is ill-defined and being set to 0.0 in labels with no predicted samples. Use `zero_division` parameter to control this behavior.
  _warn_prf(average, modifier, f"{metric.capitalize()} is", len(result))

2026-09-16 21:13:40,989:WARNING:c:\Users\laboratorio\Desktop\Nova Pasta\PyCaret\.venv\Lib\site-packages\sklearn\metrics\_classification.py:1561: UserWarning: Note that pos_label (set to 'Yes') is ignored when average != 'binary' (got 'weighted'). You may use labels=[pos_label] to specify a single positive class.
  warnings.warn(

2026-09-16 21:13:40,989:WARNING:c:\Users\laboratorio\Desktop\Nova Pasta\PyCaret\.venv\Lib\site-packages\sklearn\metrics\_classification.py:1509: UndefinedMetricWarning: Precision is ill-defined and being set to 0.0 in labels with no predicted samples. Use `zero_division` parameter to control this behavior.
  _warn_prf(average, modifier, f"{metric.capitalize()} is", len(result))

2026-09-16 21:13:40,989:WARNING:c:\Users\laboratorio\Desktop\Nova Pasta\PyCaret\.venv\Lib\site-packages\sklearn\metrics\_classification.py:1561: UserWarning: Note that pos_label (set to 'Yes') is ignored when average != 'binary' (got 'weighted'). You may use labels=[pos_label] to specify a single positive class.
  warnings.warn(

2026-09-16 21:13:40,989:WARNING:c:\Users\laboratorio\Desktop\Nova Pasta\PyCaret\.venv\Lib\site-packages\sklearn\metrics\_classification.py:1509: UndefinedMetricWarning: Precision is ill-defined and being set to 0.0 in labels with no predicted samples. Use `zero_division` parameter to control this behavior.
  _warn_prf(average, modifier, f"{metric.capitalize()} is", len(result))

2026-09-16 21:13:40,989:WARNING:c:\Users\laboratorio\Desktop\Nova Pasta\PyCaret\.venv\Lib\site-packages\sklearn\metrics\_classification.py:1561: UserWarning: Note that pos_label (set to 'Yes') is ignored when average != 'binary' (got 'weighted'). You may use labels=[pos_label] to specify a single positive class.
  warnings.warn(

2026-09-16 21:13:40,989:WARNING:c:\Users\laboratorio\Desktop\Nova Pasta\PyCaret\.venv\Lib\site-packages\sklearn\metrics\_classification.py:1561: UserWarning: Note that pos_label (set to 'Yes') is ignored when average != 'binary' (got 'weighted'). You may use labels=[pos_label] to specify a single positive class.
  warnings.warn(

2026-09-16 21:13:40,989:WARNING:c:\Users\laboratorio\Desktop\Nova Pasta\PyCaret\.venv\Lib\site-packages\sklearn\metrics\_classification.py:1509: UndefinedMetricWarning: Precision is ill-defined and being set to 0.0 in labels with no predicted samples. Use `zero_division` parameter to control this behavior.
  _warn_prf(average, modifier, f"{metric.capitalize()} is", len(result))

2026-09-16 21:13:40,996:WARNING:c:\Users\laboratorio\Desktop\Nova Pasta\PyCaret\.venv\Lib\site-packages\sklearn\metrics\_classification.py:1561: UserWarning: Note that pos_label (set to 'Yes') is ignored when average != 'binary' (got 'weighted'). You may use labels=[pos_label] to specify a single positive class.
  warnings.warn(

2026-09-16 21:13:40,996:WARNING:c:\Users\laboratorio\Desktop\Nova Pasta\PyCaret\.venv\Lib\site-packages\sklearn\metrics\_classification.py:1561: UserWarning: Note that pos_label (set to 'Yes') is ignored when average != 'binary' (got 'weighted'). You may use labels=[pos_label] to specify a single positive class.
  warnings.warn(

2026-09-16 21:13:41,006:WARNING:c:\Users\laboratorio\Desktop\Nova Pasta\PyCaret\.venv\Lib\site-packages\sklearn\metrics\_classification.py:1561: UserWarning: Note that pos_label (set to 'Yes') is ignored when average != 'binary' (got 'weighted'). You may use labels=[pos_label] to specify a single positive class.
  warnings.warn(

2026-09-16 21:13:41,008:WARNING:c:\Users\laboratorio\Desktop\Nova Pasta\PyCaret\.venv\Lib\site-packages\sklearn\metrics\_classification.py:1561: UserWarning: Note that pos_label (set to 'Yes') is ignored when average != 'binary' (got 'weighted'). You may use labels=[pos_label] to specify a single positive class.
  warnings.warn(

2026-09-16 21:13:41,008:WARNING:c:\Users\laboratorio\Desktop\Nova Pasta\PyCaret\.venv\Lib\site-packages\sklearn\metrics\_classification.py:1509: UndefinedMetricWarning: Precision is ill-defined and being set to 0.0 in labels with no predicted samples. Use `zero_division` parameter to control this behavior.
  _warn_prf(average, modifier, f"{metric.capitalize()} is", len(result))

2026-09-16 21:13:41,008:WARNING:c:\Users\laboratorio\Desktop\Nova Pasta\PyCaret\.venv\Lib\site-packages\sklearn\metrics\_classification.py:1561: UserWarning: Note that pos_label (set to 'Yes') is ignored when average != 'binary' (got 'weighted'). You may use labels=[pos_label] to specify a single positive class.
  warnings.warn(

2026-09-16 21:13:41,039:WARNING:c:\Users\laboratorio\Desktop\Nova Pasta\PyCaret\.venv\Lib\site-packages\sklearn\metrics\_classification.py:1561: UserWarning: Note that pos_label (set to 'Yes') is ignored when average != 'binary' (got 'weighted'). You may use labels=[pos_label] to specify a single positive class.
  warnings.warn(

2026-09-16 21:13:41,039:WARNING:c:\Users\laboratorio\Desktop\Nova Pasta\PyCaret\.venv\Lib\site-packages\sklearn\metrics\_classification.py:1561: UserWarning: Note that pos_label (set to 'Yes') is ignored when average != 'binary' (got 'weighted'). You may use labels=[pos_label] to specify a single positive class.
  warnings.warn(

2026-09-16 21:13:41,039:WARNING:c:\Users\laboratorio\Desktop\Nova Pasta\PyCaret\.venv\Lib\site-packages\sklearn\metrics\_classification.py:1509: UndefinedMetricWarning: Precision is ill-defined and being set to 0.0 in labels with no predicted samples. Use `zero_division` parameter to control this behavior.
  _warn_prf(average, modifier, f"{metric.capitalize()} is", len(result))

2026-09-16 21:13:41,039:WARNING:c:\Users\laboratorio\Desktop\Nova Pasta\PyCaret\.venv\Lib\site-packages\sklearn\metrics\_classification.py:1561: UserWarning: Note that pos_label (set to 'Yes') is ignored when average != 'binary' (got 'weighted'). You may use labels=[pos_label] to specify a single positive class.
  warnings.warn(

2026-09-16 21:13:41,059:INFO:Calculating mean and std
2026-09-16 21:13:41,059:INFO:Creating metrics dataframe
2026-09-16 21:13:41,059:INFO:Uploading results into container
2026-09-16 21:13:41,062:INFO:Uploading model into container now
2026-09-16 21:13:41,062:INFO:_master_model_container: 4
2026-09-16 21:13:41,062:INFO:_display_container: 2
2026-09-16 21:13:41,062:INFO:DecisionTreeClassifier(ccp_alpha=0.0, class_weight=None, criterion='gini',
                       max_depth=None, max_features=None, max_leaf_nodes=None,
                       min_impurity_decrease=0.0, min_samples_leaf=1,
                       min_samples_split=2, min_weight_fraction_leaf=0.0,
                       monotonic_cst=None, random_state=123, splitter='best')
2026-09-16 21:13:41,062:INFO:create_model() successfully completed......................................
2026-09-16 21:13:41,105:INFO:SubProcess create_model() end ==================================
2026-09-16 21:13:41,105:INFO:Creating metrics dataframe
2026-09-16 21:13:41,123:INFO:Initializing SVM - Linear Kernel
2026-09-16 21:13:41,123:INFO:Total runtime is 0.2033457557360331 minutes
2026-09-16 21:13:41,123:INFO:SubProcess create_model() called ==================================
2026-09-16 21:13:41,123:INFO:Initializing create_model()
2026-09-16 21:13:41,123:INFO:create_model(self=<pycaret.classification.oop.ClassificationExperiment object at 0x00000287133624D0>, estimator=svm, fold=StratifiedKFold(n_splits=10, random_state=None, shuffle=False), round=4, cross_validation=True, predict=True, fit_kwargs={}, groups=None, refit=False, probability_threshold=None, experiment_custom_tags=None, verbose=False, system=False, add_to_model_list=True, metrics=None, display=<pycaret.internal.display.display.CommonDisplay object at 0x00000287147BD210>, model_only=True, return_train_score=False, error_score=0.0, kwargs={})
2026-09-16 21:13:41,123:INFO:Checking exceptions
2026-09-16 21:13:41,123:INFO:Importing libraries
2026-09-16 21:13:41,123:INFO:Copying training dataset
2026-09-16 21:13:41,123:INFO:Defining folds
2026-09-16 21:13:41,123:INFO:Declaring metric variables
2026-09-16 21:13:41,123:INFO:Importing untrained model
2026-09-16 21:13:41,123:INFO:SVM - Linear Kernel Imported successfully
2026-09-16 21:13:41,123:INFO:Starting cross validation
2026-09-16 21:13:41,123:INFO:Cross validating with StratifiedKFold(n_splits=10, random_state=None, shuffle=False), n_jobs=-1
2026-09-16 21:13:41,685:WARNING:c:\Users\laboratorio\Desktop\Nova Pasta\PyCaret\.venv\Lib\site-packages\sklearn\metrics\_classification.py:1561: UserWarning: Note that pos_label (set to 'Yes') is ignored when average != 'binary' (got 'weighted'). You may use labels=[pos_label] to specify a single positive class.
  warnings.warn(

2026-09-16 21:13:41,692:WARNING:c:\Users\laboratorio\Desktop\Nova Pasta\PyCaret\.venv\Lib\site-packages\sklearn\metrics\_classification.py:1561: UserWarning: Note that pos_label (set to 'Yes') is ignored when average != 'binary' (got 'weighted'). You may use labels=[pos_label] to specify a single positive class.
  warnings.warn(

2026-09-16 21:13:41,696:WARNING:c:\Users\laboratorio\Desktop\Nova Pasta\PyCaret\.venv\Lib\site-packages\sklearn\metrics\_classification.py:1561: UserWarning: Note that pos_label (set to 'Yes') is ignored when average != 'binary' (got 'weighted'). You may use labels=[pos_label] to specify a single positive class.
  warnings.warn(

2026-09-16 21:13:41,716:WARNING:c:\Users\laboratorio\Desktop\Nova Pasta\PyCaret\.venv\Lib\site-packages\sklearn\metrics\_classification.py:1561: UserWarning: Note that pos_label (set to 'Yes') is ignored when average != 'binary' (got 'weighted'). You may use labels=[pos_label] to specify a single positive class.
  warnings.warn(

2026-09-16 21:13:41,726:WARNING:c:\Users\laboratorio\Desktop\Nova Pasta\PyCaret\.venv\Lib\site-packages\sklearn\metrics\_classification.py:1561: UserWarning: Note that pos_label (set to 'Yes') is ignored when average != 'binary' (got 'weighted'). You may use labels=[pos_label] to specify a single positive class.
  warnings.warn(

2026-09-16 21:13:41,726:WARNING:c:\Users\laboratorio\Desktop\Nova Pasta\PyCaret\.venv\Lib\site-packages\sklearn\metrics\_classification.py:1561: UserWarning: Note that pos_label (set to 'Yes') is ignored when average != 'binary' (got 'weighted'). You may use labels=[pos_label] to specify a single positive class.
  warnings.warn(

2026-09-16 21:13:41,731:WARNING:c:\Users\laboratorio\Desktop\Nova Pasta\PyCaret\.venv\Lib\site-packages\sklearn\metrics\_classification.py:1561: UserWarning: Note that pos_label (set to 'Yes') is ignored when average != 'binary' (got 'weighted'). You may use labels=[pos_label] to specify a single positive class.
  warnings.warn(

2026-09-16 21:13:41,732:WARNING:c:\Users\laboratorio\Desktop\Nova Pasta\PyCaret\.venv\Lib\site-packages\sklearn\metrics\_classification.py:1561: UserWarning: Note that pos_label (set to 'Yes') is ignored when average != 'binary' (got 'weighted'). You may use labels=[pos_label] to specify a single positive class.
  warnings.warn(

2026-09-16 21:13:41,732:WARNING:c:\Users\laboratorio\Desktop\Nova Pasta\PyCaret\.venv\Lib\site-packages\sklearn\metrics\_classification.py:1561: UserWarning: Note that pos_label (set to 'Yes') is ignored when average != 'binary' (got 'weighted'). You may use labels=[pos_label] to specify a single positive class.
  warnings.warn(

2026-09-16 21:13:41,737:WARNING:c:\Users\laboratorio\Desktop\Nova Pasta\PyCaret\.venv\Lib\site-packages\sklearn\metrics\_classification.py:1561: UserWarning: Note that pos_label (set to 'Yes') is ignored when average != 'binary' (got 'weighted'). You may use labels=[pos_label] to specify a single positive class.
  warnings.warn(

2026-09-16 21:13:41,737:WARNING:c:\Users\laboratorio\Desktop\Nova Pasta\PyCaret\.venv\Lib\site-packages\sklearn\metrics\_classification.py:1561: UserWarning: Note that pos_label (set to 'Yes') is ignored when average != 'binary' (got 'weighted'). You may use labels=[pos_label] to specify a single positive class.
  warnings.warn(

2026-09-16 21:13:41,737:WARNING:c:\Users\laboratorio\Desktop\Nova Pasta\PyCaret\.venv\Lib\site-packages\sklearn\metrics\_classification.py:1561: UserWarning: Note that pos_label (set to 'Yes') is ignored when average != 'binary' (got 'weighted'). You may use labels=[pos_label] to specify a single positive class.
  warnings.warn(

2026-09-16 21:13:41,739:WARNING:c:\Users\laboratorio\Desktop\Nova Pasta\PyCaret\.venv\Lib\site-packages\sklearn\metrics\_classification.py:1561: UserWarning: Note that pos_label (set to 'Yes') is ignored when average != 'binary' (got 'weighted'). You may use labels=[pos_label] to specify a single positive class.
  warnings.warn(

2026-09-16 21:13:41,744:WARNING:c:\Users\laboratorio\Desktop\Nova Pasta\PyCaret\.venv\Lib\site-packages\sklearn\metrics\_classification.py:1561: UserWarning: Note that pos_label (set to 'Yes') is ignored when average != 'binary' (got 'weighted'). You may use labels=[pos_label] to specify a single positive class.
  warnings.warn(

2026-09-16 21:13:41,745:WARNING:c:\Users\laboratorio\Desktop\Nova Pasta\PyCaret\.venv\Lib\site-packages\sklearn\metrics\_classification.py:1561: UserWarning: Note that pos_label (set to 'Yes') is ignored when average != 'binary' (got 'weighted'). You may use labels=[pos_label] to specify a single positive class.
  warnings.warn(

2026-09-16 21:13:41,745:WARNING:c:\Users\laboratorio\Desktop\Nova Pasta\PyCaret\.venv\Lib\site-packages\sklearn\metrics\_classification.py:1561: UserWarning: Note that pos_label (set to 'Yes') is ignored when average != 'binary' (got 'weighted'). You may use labels=[pos_label] to specify a single positive class.
  warnings.warn(

2026-09-16 21:13:41,745:WARNING:c:\Users\laboratorio\Desktop\Nova Pasta\PyCaret\.venv\Lib\site-packages\sklearn\metrics\_classification.py:1561: UserWarning: Note that pos_label (set to 'Yes') is ignored when average != 'binary' (got 'weighted'). You may use labels=[pos_label] to specify a single positive class.
  warnings.warn(

2026-09-16 21:13:41,747:WARNING:c:\Users\laboratorio\Desktop\Nova Pasta\PyCaret\.venv\Lib\site-packages\sklearn\metrics\_classification.py:1561: UserWarning: Note that pos_label (set to 'Yes') is ignored when average != 'binary' (got 'weighted'). You may use labels=[pos_label] to specify a single positive class.
  warnings.warn(

2026-09-16 21:13:41,747:WARNING:c:\Users\laboratorio\Desktop\Nova Pasta\PyCaret\.venv\Lib\site-packages\sklearn\metrics\_classification.py:1561: UserWarning: Note that pos_label (set to 'Yes') is ignored when average != 'binary' (got 'weighted'). You may use labels=[pos_label] to specify a single positive class.
  warnings.warn(

2026-09-16 21:13:41,747:WARNING:c:\Users\laboratorio\Desktop\Nova Pasta\PyCaret\.venv\Lib\site-packages\sklearn\metrics\_classification.py:1561: UserWarning: Note that pos_label (set to 'Yes') is ignored when average != 'binary' (got 'weighted'). You may use labels=[pos_label] to specify a single positive class.
  warnings.warn(

2026-09-16 21:13:41,747:WARNING:c:\Users\laboratorio\Desktop\Nova Pasta\PyCaret\.venv\Lib\site-packages\sklearn\metrics\_classification.py:1561: UserWarning: Note that pos_label (set to 'Yes') is ignored when average != 'binary' (got 'weighted'). You may use labels=[pos_label] to specify a single positive class.
  warnings.warn(

2026-09-16 21:13:41,757:WARNING:c:\Users\laboratorio\Desktop\Nova Pasta\PyCaret\.venv\Lib\site-packages\sklearn\metrics\_classification.py:1561: UserWarning: Note that pos_label (set to 'Yes') is ignored when average != 'binary' (got 'weighted'). You may use labels=[pos_label] to specify a single positive class.
  warnings.warn(

2026-09-16 21:13:41,759:WARNING:c:\Users\laboratorio\Desktop\Nova Pasta\PyCaret\.venv\Lib\site-packages\sklearn\metrics\_classification.py:1561: UserWarning: Note that pos_label (set to 'Yes') is ignored when average != 'binary' (got 'weighted'). You may use labels=[pos_label] to specify a single positive class.
  warnings.warn(

2026-09-16 21:13:41,763:WARNING:c:\Users\laboratorio\Desktop\Nova Pasta\PyCaret\.venv\Lib\site-packages\sklearn\metrics\_classification.py:1561: UserWarning: Note that pos_label (set to 'Yes') is ignored when average != 'binary' (got 'weighted'). You may use labels=[pos_label] to specify a single positive class.
  warnings.warn(

2026-09-16 21:13:41,764:WARNING:c:\Users\laboratorio\Desktop\Nova Pasta\PyCaret\.venv\Lib\site-packages\sklearn\metrics\_classification.py:1561: UserWarning: Note that pos_label (set to 'Yes') is ignored when average != 'binary' (got 'weighted'). You may use labels=[pos_label] to specify a single positive class.
  warnings.warn(

2026-09-16 21:13:41,766:WARNING:c:\Users\laboratorio\Desktop\Nova Pasta\PyCaret\.venv\Lib\site-packages\sklearn\metrics\_classification.py:1561: UserWarning: Note that pos_label (set to 'Yes') is ignored when average != 'binary' (got 'weighted'). You may use labels=[pos_label] to specify a single positive class.
  warnings.warn(

2026-09-16 21:13:41,771:WARNING:c:\Users\laboratorio\Desktop\Nova Pasta\PyCaret\.venv\Lib\site-packages\sklearn\metrics\_classification.py:1561: UserWarning: Note that pos_label (set to 'Yes') is ignored when average != 'binary' (got 'weighted'). You may use labels=[pos_label] to specify a single positive class.
  warnings.warn(

2026-09-16 21:13:41,794:WARNING:c:\Users\laboratorio\Desktop\Nova Pasta\PyCaret\.venv\Lib\site-packages\sklearn\metrics\_classification.py:1561: UserWarning: Note that pos_label (set to 'Yes') is ignored when average != 'binary' (got 'weighted'). You may use labels=[pos_label] to specify a single positive class.
  warnings.warn(

2026-09-16 21:13:41,798:WARNING:c:\Users\laboratorio\Desktop\Nova Pasta\PyCaret\.venv\Lib\site-packages\sklearn\metrics\_classification.py:1561: UserWarning: Note that pos_label (set to 'Yes') is ignored when average != 'binary' (got 'weighted'). You may use labels=[pos_label] to specify a single positive class.
  warnings.warn(

2026-09-16 21:13:41,798:WARNING:c:\Users\laboratorio\Desktop\Nova Pasta\PyCaret\.venv\Lib\site-packages\sklearn\metrics\_classification.py:1509: UndefinedMetricWarning: Precision is ill-defined and being set to 0.0 in labels with no predicted samples. Use `zero_division` parameter to control this behavior.
  _warn_prf(average, modifier, f"{metric.capitalize()} is", len(result))

2026-09-16 21:13:41,798:WARNING:c:\Users\laboratorio\Desktop\Nova Pasta\PyCaret\.venv\Lib\site-packages\sklearn\metrics\_classification.py:1561: UserWarning: Note that pos_label (set to 'Yes') is ignored when average != 'binary' (got 'weighted'). You may use labels=[pos_label] to specify a single positive class.
  warnings.warn(

2026-09-16 21:13:41,819:INFO:Calculating mean and std
2026-09-16 21:13:41,819:INFO:Creating metrics dataframe
2026-09-16 21:13:41,819:INFO:Uploading results into container
2026-09-16 21:13:41,822:INFO:Uploading model into container now
2026-09-16 21:13:41,822:INFO:_master_model_container: 5
2026-09-16 21:13:41,822:INFO:_display_container: 2
2026-09-16 21:13:41,822:INFO:SGDClassifier(alpha=0.0001, average=False, class_weight=None,
              early_stopping=False, epsilon=0.1, eta0=0.001, fit_intercept=True,
              l1_ratio=0.15, learning_rate='optimal', loss='hinge',
              max_iter=1000, n_iter_no_change=5, n_jobs=-1, penalty='l2',
              power_t=0.5, random_state=123, shuffle=True, tol=0.001,
              validation_fraction=0.1, verbose=0, warm_start=False)
2026-09-16 21:13:41,823:INFO:create_model() successfully completed......................................
2026-09-16 21:13:41,872:INFO:SubProcess create_model() end ==================================
2026-09-16 21:13:41,872:INFO:Creating metrics dataframe
2026-09-16 21:13:41,889:INFO:Initializing Ridge Classifier
2026-09-16 21:13:41,889:INFO:Total runtime is 0.21611475944519043 minutes
2026-09-16 21:13:41,889:INFO:SubProcess create_model() called ==================================
2026-09-16 21:13:41,889:INFO:Initializing create_model()
2026-09-16 21:13:41,889:INFO:create_model(self=<pycaret.classification.oop.ClassificationExperiment object at 0x00000287133624D0>, estimator=ridge, fold=StratifiedKFold(n_splits=10, random_state=None, shuffle=False), round=4, cross_validation=True, predict=True, fit_kwargs={}, groups=None, refit=False, probability_threshold=None, experiment_custom_tags=None, verbose=False, system=False, add_to_model_list=True, metrics=None, display=<pycaret.internal.display.display.CommonDisplay object at 0x00000287147BD210>, model_only=True, return_train_score=False, error_score=0.0, kwargs={})
2026-09-16 21:13:41,889:INFO:Checking exceptions
2026-09-16 21:13:41,889:INFO:Importing libraries
2026-09-16 21:13:41,889:INFO:Copying training dataset
2026-09-16 21:13:41,889:INFO:Defining folds
2026-09-16 21:13:41,889:INFO:Declaring metric variables
2026-09-16 21:13:41,889:INFO:Importing untrained model
2026-09-16 21:13:41,889:INFO:Ridge Classifier Imported successfully
2026-09-16 21:13:41,889:INFO:Starting cross validation
2026-09-16 21:13:41,889:INFO:Cross validating with StratifiedKFold(n_splits=10, random_state=None, shuffle=False), n_jobs=-1
2026-09-16 21:13:42,406:WARNING:c:\Users\laboratorio\Desktop\Nova Pasta\PyCaret\.venv\Lib\site-packages\sklearn\metrics\_classification.py:1561: UserWarning: Note that pos_label (set to 'Yes') is ignored when average != 'binary' (got 'weighted'). You may use labels=[pos_label] to specify a single positive class.
  warnings.warn(

2026-09-16 21:13:42,417:WARNING:c:\Users\laboratorio\Desktop\Nova Pasta\PyCaret\.venv\Lib\site-packages\sklearn\metrics\_classification.py:1561: UserWarning: Note that pos_label (set to 'Yes') is ignored when average != 'binary' (got 'weighted'). You may use labels=[pos_label] to specify a single positive class.
  warnings.warn(

2026-09-16 21:13:42,425:WARNING:c:\Users\laboratorio\Desktop\Nova Pasta\PyCaret\.venv\Lib\site-packages\sklearn\metrics\_classification.py:1561: UserWarning: Note that pos_label (set to 'Yes') is ignored when average != 'binary' (got 'weighted'). You may use labels=[pos_label] to specify a single positive class.
  warnings.warn(

2026-09-16 21:13:42,429:WARNING:c:\Users\laboratorio\Desktop\Nova Pasta\PyCaret\.venv\Lib\site-packages\sklearn\metrics\_classification.py:1561: UserWarning: Note that pos_label (set to 'Yes') is ignored when average != 'binary' (got 'weighted'). You may use labels=[pos_label] to specify a single positive class.
  warnings.warn(

2026-09-16 21:13:42,429:WARNING:c:\Users\laboratorio\Desktop\Nova Pasta\PyCaret\.venv\Lib\site-packages\sklearn\metrics\_classification.py:1561: UserWarning: Note that pos_label (set to 'Yes') is ignored when average != 'binary' (got 'weighted'). You may use labels=[pos_label] to specify a single positive class.
  warnings.warn(

2026-09-16 21:13:42,435:WARNING:c:\Users\laboratorio\Desktop\Nova Pasta\PyCaret\.venv\Lib\site-packages\sklearn\metrics\_classification.py:1561: UserWarning: Note that pos_label (set to 'Yes') is ignored when average != 'binary' (got 'weighted'). You may use labels=[pos_label] to specify a single positive class.
  warnings.warn(

2026-09-16 21:13:42,435:WARNING:c:\Users\laboratorio\Desktop\Nova Pasta\PyCaret\.venv\Lib\site-packages\sklearn\metrics\_classification.py:1561: UserWarning: Note that pos_label (set to 'Yes') is ignored when average != 'binary' (got 'weighted'). You may use labels=[pos_label] to specify a single positive class.
  warnings.warn(

2026-09-16 21:13:42,439:WARNING:c:\Users\laboratorio\Desktop\Nova Pasta\PyCaret\.venv\Lib\site-packages\sklearn\metrics\_classification.py:1561: UserWarning: Note that pos_label (set to 'Yes') is ignored when average != 'binary' (got 'weighted'). You may use labels=[pos_label] to specify a single positive class.
  warnings.warn(

2026-09-16 21:13:42,439:WARNING:c:\Users\laboratorio\Desktop\Nova Pasta\PyCaret\.venv\Lib\site-packages\sklearn\metrics\_classification.py:1561: UserWarning: Note that pos_label (set to 'Yes') is ignored when average != 'binary' (got 'weighted'). You may use labels=[pos_label] to specify a single positive class.
  warnings.warn(

2026-09-16 21:13:42,439:WARNING:c:\Users\laboratorio\Desktop\Nova Pasta\PyCaret\.venv\Lib\site-packages\sklearn\metrics\_classification.py:1561: UserWarning: Note that pos_label (set to 'Yes') is ignored when average != 'binary' (got 'weighted'). You may use labels=[pos_label] to specify a single positive class.
  warnings.warn(

2026-09-16 21:13:42,446:WARNING:c:\Users\laboratorio\Desktop\Nova Pasta\PyCaret\.venv\Lib\site-packages\sklearn\metrics\_classification.py:1561: UserWarning: Note that pos_label (set to 'Yes') is ignored when average != 'binary' (got 'weighted'). You may use labels=[pos_label] to specify a single positive class.
  warnings.warn(

2026-09-16 21:13:42,449:WARNING:c:\Users\laboratorio\Desktop\Nova Pasta\PyCaret\.venv\Lib\site-packages\sklearn\metrics\_classification.py:1561: UserWarning: Note that pos_label (set to 'Yes') is ignored when average != 'binary' (got 'weighted'). You may use labels=[pos_label] to specify a single positive class.
  warnings.warn(

2026-09-16 21:13:42,449:WARNING:c:\Users\laboratorio\Desktop\Nova Pasta\PyCaret\.venv\Lib\site-packages\sklearn\metrics\_classification.py:1561: UserWarning: Note that pos_label (set to 'Yes') is ignored when average != 'binary' (got 'weighted'). You may use labels=[pos_label] to specify a single positive class.
  warnings.warn(

2026-09-16 21:13:42,449:WARNING:c:\Users\laboratorio\Desktop\Nova Pasta\PyCaret\.venv\Lib\site-packages\sklearn\metrics\_classification.py:1561: UserWarning: Note that pos_label (set to 'Yes') is ignored when average != 'binary' (got 'weighted'). You may use labels=[pos_label] to specify a single positive class.
  warnings.warn(

2026-09-16 21:13:42,454:WARNING:c:\Users\laboratorio\Desktop\Nova Pasta\PyCaret\.venv\Lib\site-packages\sklearn\metrics\_classification.py:1561: UserWarning: Note that pos_label (set to 'Yes') is ignored when average != 'binary' (got 'weighted'). You may use labels=[pos_label] to specify a single positive class.
  warnings.warn(

2026-09-16 21:13:42,455:WARNING:c:\Users\laboratorio\Desktop\Nova Pasta\PyCaret\.venv\Lib\site-packages\sklearn\metrics\_classification.py:1561: UserWarning: Note that pos_label (set to 'Yes') is ignored when average != 'binary' (got 'weighted'). You may use labels=[pos_label] to specify a single positive class.
  warnings.warn(

2026-09-16 21:13:42,457:WARNING:c:\Users\laboratorio\Desktop\Nova Pasta\PyCaret\.venv\Lib\site-packages\sklearn\metrics\_classification.py:1561: UserWarning: Note that pos_label (set to 'Yes') is ignored when average != 'binary' (got 'weighted'). You may use labels=[pos_label] to specify a single positive class.
  warnings.warn(

2026-09-16 21:13:42,459:WARNING:c:\Users\laboratorio\Desktop\Nova Pasta\PyCaret\.venv\Lib\site-packages\sklearn\metrics\_classification.py:1561: UserWarning: Note that pos_label (set to 'Yes') is ignored when average != 'binary' (got 'weighted'). You may use labels=[pos_label] to specify a single positive class.
  warnings.warn(

2026-09-16 21:13:42,462:WARNING:c:\Users\laboratorio\Desktop\Nova Pasta\PyCaret\.venv\Lib\site-packages\sklearn\metrics\_classification.py:1561: UserWarning: Note that pos_label (set to 'Yes') is ignored when average != 'binary' (got 'weighted'). You may use labels=[pos_label] to specify a single positive class.
  warnings.warn(

2026-09-16 21:13:42,463:WARNING:c:\Users\laboratorio\Desktop\Nova Pasta\PyCaret\.venv\Lib\site-packages\sklearn\metrics\_classification.py:1561: UserWarning: Note that pos_label (set to 'Yes') is ignored when average != 'binary' (got 'weighted'). You may use labels=[pos_label] to specify a single positive class.
  warnings.warn(

2026-09-16 21:13:42,468:WARNING:c:\Users\laboratorio\Desktop\Nova Pasta\PyCaret\.venv\Lib\site-packages\sklearn\metrics\_classification.py:1561: UserWarning: Note that pos_label (set to 'Yes') is ignored when average != 'binary' (got 'weighted'). You may use labels=[pos_label] to specify a single positive class.
  warnings.warn(

2026-09-16 21:13:42,479:WARNING:c:\Users\laboratorio\Desktop\Nova Pasta\PyCaret\.venv\Lib\site-packages\sklearn\metrics\_classification.py:1561: UserWarning: Note that pos_label (set to 'Yes') is ignored when average != 'binary' (got 'weighted'). You may use labels=[pos_label] to specify a single positive class.
  warnings.warn(

2026-09-16 21:13:42,484:WARNING:c:\Users\laboratorio\Desktop\Nova Pasta\PyCaret\.venv\Lib\site-packages\sklearn\metrics\_classification.py:1561: UserWarning: Note that pos_label (set to 'Yes') is ignored when average != 'binary' (got 'weighted'). You may use labels=[pos_label] to specify a single positive class.
  warnings.warn(

2026-09-16 21:13:42,484:WARNING:c:\Users\laboratorio\Desktop\Nova Pasta\PyCaret\.venv\Lib\site-packages\sklearn\metrics\_classification.py:1561: UserWarning: Note that pos_label (set to 'Yes') is ignored when average != 'binary' (got 'weighted'). You may use labels=[pos_label] to specify a single positive class.
  warnings.warn(

2026-09-16 21:13:42,488:WARNING:c:\Users\laboratorio\Desktop\Nova Pasta\PyCaret\.venv\Lib\site-packages\sklearn\metrics\_classification.py:1561: UserWarning: Note that pos_label (set to 'Yes') is ignored when average != 'binary' (got 'weighted'). You may use labels=[pos_label] to specify a single positive class.
  warnings.warn(

2026-09-16 21:13:42,488:WARNING:c:\Users\laboratorio\Desktop\Nova Pasta\PyCaret\.venv\Lib\site-packages\sklearn\metrics\_classification.py:1561: UserWarning: Note that pos_label (set to 'Yes') is ignored when average != 'binary' (got 'weighted'). You may use labels=[pos_label] to specify a single positive class.
  warnings.warn(

2026-09-16 21:13:42,489:WARNING:c:\Users\laboratorio\Desktop\Nova Pasta\PyCaret\.venv\Lib\site-packages\sklearn\metrics\_classification.py:1561: UserWarning: Note that pos_label (set to 'Yes') is ignored when average != 'binary' (got 'weighted'). You may use labels=[pos_label] to specify a single positive class.
  warnings.warn(

2026-09-16 21:13:42,498:WARNING:c:\Users\laboratorio\Desktop\Nova Pasta\PyCaret\.venv\Lib\site-packages\sklearn\metrics\_classification.py:1561: UserWarning: Note that pos_label (set to 'Yes') is ignored when average != 'binary' (got 'weighted'). You may use labels=[pos_label] to specify a single positive class.
  warnings.warn(

2026-09-16 21:13:42,508:WARNING:c:\Users\laboratorio\Desktop\Nova Pasta\PyCaret\.venv\Lib\site-packages\sklearn\metrics\_classification.py:1561: UserWarning: Note that pos_label (set to 'Yes') is ignored when average != 'binary' (got 'weighted'). You may use labels=[pos_label] to specify a single positive class.
  warnings.warn(

2026-09-16 21:13:42,512:WARNING:c:\Users\laboratorio\Desktop\Nova Pasta\PyCaret\.venv\Lib\site-packages\sklearn\metrics\_classification.py:1561: UserWarning: Note that pos_label (set to 'Yes') is ignored when average != 'binary' (got 'weighted'). You may use labels=[pos_label] to specify a single positive class.
  warnings.warn(

2026-09-16 21:13:42,529:INFO:Calculating mean and std
2026-09-16 21:13:42,529:INFO:Creating metrics dataframe
2026-09-16 21:13:42,529:INFO:Uploading results into container
2026-09-16 21:13:42,529:INFO:Uploading model into container now
2026-09-16 21:13:42,529:INFO:_master_model_container: 6
2026-09-16 21:13:42,529:INFO:_display_container: 2
2026-09-16 21:13:42,529:INFO:RidgeClassifier(alpha=1.0, class_weight=None, copy_X=True, fit_intercept=True,
                max_iter=None, positive=False, random_state=123, solver='auto',
                tol=0.0001)
2026-09-16 21:13:42,529:INFO:create_model() successfully completed......................................
2026-09-16 21:13:42,599:INFO:SubProcess create_model() end ==================================
2026-09-16 21:13:42,599:INFO:Creating metrics dataframe
2026-09-16 21:13:42,606:INFO:Initializing Random Forest Classifier
2026-09-16 21:13:42,606:INFO:Total runtime is 0.22805891036987305 minutes
2026-09-16 21:13:42,609:INFO:SubProcess create_model() called ==================================
2026-09-16 21:13:42,609:INFO:Initializing create_model()
2026-09-16 21:13:42,609:INFO:create_model(self=<pycaret.classification.oop.ClassificationExperiment object at 0x00000287133624D0>, estimator=rf, fold=StratifiedKFold(n_splits=10, random_state=None, shuffle=False), round=4, cross_validation=True, predict=True, fit_kwargs={}, groups=None, refit=False, probability_threshold=None, experiment_custom_tags=None, verbose=False, system=False, add_to_model_list=True, metrics=None, display=<pycaret.internal.display.display.CommonDisplay object at 0x00000287147BD210>, model_only=True, return_train_score=False, error_score=0.0, kwargs={})
2026-09-16 21:13:42,609:INFO:Checking exceptions
2026-09-16 21:13:42,609:INFO:Importing libraries
2026-09-16 21:13:42,609:INFO:Copying training dataset
2026-09-16 21:13:42,609:INFO:Defining folds
2026-09-16 21:13:42,609:INFO:Declaring metric variables
2026-09-16 21:13:42,609:INFO:Importing untrained model
2026-09-16 21:13:42,609:INFO:Random Forest Classifier Imported successfully
2026-09-16 21:13:42,619:INFO:Starting cross validation
2026-09-16 21:13:42,619:INFO:Cross validating with StratifiedKFold(n_splits=10, random_state=None, shuffle=False), n_jobs=-1
2026-09-16 21:13:43,572:WARNING:c:\Users\laboratorio\Desktop\Nova Pasta\PyCaret\.venv\Lib\site-packages\sklearn\metrics\_classification.py:1561: UserWarning: Note that pos_label (set to 'Yes') is ignored when average != 'binary' (got 'weighted'). You may use labels=[pos_label] to specify a single positive class.
  warnings.warn(

2026-09-16 21:13:43,572:WARNING:c:\Users\laboratorio\Desktop\Nova Pasta\PyCaret\.venv\Lib\site-packages\sklearn\metrics\_classification.py:1561: UserWarning: Note that pos_label (set to 'Yes') is ignored when average != 'binary' (got 'weighted'). You may use labels=[pos_label] to specify a single positive class.
  warnings.warn(

2026-09-16 21:13:43,572:WARNING:c:\Users\laboratorio\Desktop\Nova Pasta\PyCaret\.venv\Lib\site-packages\sklearn\metrics\_classification.py:1561: UserWarning: Note that pos_label (set to 'Yes') is ignored when average != 'binary' (got 'weighted'). You may use labels=[pos_label] to specify a single positive class.
  warnings.warn(

2026-09-16 21:13:43,574:WARNING:c:\Users\laboratorio\Desktop\Nova Pasta\PyCaret\.venv\Lib\site-packages\sklearn\metrics\_classification.py:1561: UserWarning: Note that pos_label (set to 'Yes') is ignored when average != 'binary' (got 'weighted'). You may use labels=[pos_label] to specify a single positive class.
  warnings.warn(

2026-09-16 21:13:43,579:WARNING:c:\Users\laboratorio\Desktop\Nova Pasta\PyCaret\.venv\Lib\site-packages\sklearn\metrics\_classification.py:1561: UserWarning: Note that pos_label (set to 'Yes') is ignored when average != 'binary' (got 'weighted'). You may use labels=[pos_label] to specify a single positive class.
  warnings.warn(

2026-09-16 21:13:43,579:WARNING:c:\Users\laboratorio\Desktop\Nova Pasta\PyCaret\.venv\Lib\site-packages\sklearn\metrics\_classification.py:1561: UserWarning: Note that pos_label (set to 'Yes') is ignored when average != 'binary' (got 'weighted'). You may use labels=[pos_label] to specify a single positive class.
  warnings.warn(

2026-09-16 21:13:43,579:WARNING:c:\Users\laboratorio\Desktop\Nova Pasta\PyCaret\.venv\Lib\site-packages\sklearn\metrics\_classification.py:1561: UserWarning: Note that pos_label (set to 'Yes') is ignored when average != 'binary' (got 'weighted'). You may use labels=[pos_label] to specify a single positive class.
  warnings.warn(

2026-09-16 21:13:43,579:WARNING:c:\Users\laboratorio\Desktop\Nova Pasta\PyCaret\.venv\Lib\site-packages\sklearn\metrics\_classification.py:1561: UserWarning: Note that pos_label (set to 'Yes') is ignored when average != 'binary' (got 'weighted'). You may use labels=[pos_label] to specify a single positive class.
  warnings.warn(

2026-09-16 21:13:43,579:WARNING:c:\Users\laboratorio\Desktop\Nova Pasta\PyCaret\.venv\Lib\site-packages\sklearn\metrics\_classification.py:1509: UndefinedMetricWarning: Precision is ill-defined and being set to 0.0 in labels with no predicted samples. Use `zero_division` parameter to control this behavior.
  _warn_prf(average, modifier, f"{metric.capitalize()} is", len(result))

2026-09-16 21:13:43,579:WARNING:c:\Users\laboratorio\Desktop\Nova Pasta\PyCaret\.venv\Lib\site-packages\sklearn\metrics\_classification.py:1509: UndefinedMetricWarning: Precision is ill-defined and being set to 0.0 in labels with no predicted samples. Use `zero_division` parameter to control this behavior.
  _warn_prf(average, modifier, f"{metric.capitalize()} is", len(result))

2026-09-16 21:13:43,579:WARNING:c:\Users\laboratorio\Desktop\Nova Pasta\PyCaret\.venv\Lib\site-packages\sklearn\metrics\_classification.py:1509: UndefinedMetricWarning: Precision is ill-defined and being set to 0.0 in labels with no predicted samples. Use `zero_division` parameter to control this behavior.
  _warn_prf(average, modifier, f"{metric.capitalize()} is", len(result))

2026-09-16 21:13:43,579:WARNING:c:\Users\laboratorio\Desktop\Nova Pasta\PyCaret\.venv\Lib\site-packages\sklearn\metrics\_classification.py:1561: UserWarning: Note that pos_label (set to 'Yes') is ignored when average != 'binary' (got 'weighted'). You may use labels=[pos_label] to specify a single positive class.
  warnings.warn(

2026-09-16 21:13:43,584:WARNING:c:\Users\laboratorio\Desktop\Nova Pasta\PyCaret\.venv\Lib\site-packages\sklearn\metrics\_classification.py:1509: UndefinedMetricWarning: Precision is ill-defined and being set to 0.0 in labels with no predicted samples. Use `zero_division` parameter to control this behavior.
  _warn_prf(average, modifier, f"{metric.capitalize()} is", len(result))

2026-09-16 21:13:43,584:WARNING:c:\Users\laboratorio\Desktop\Nova Pasta\PyCaret\.venv\Lib\site-packages\sklearn\metrics\_classification.py:1561: UserWarning: Note that pos_label (set to 'Yes') is ignored when average != 'binary' (got 'weighted'). You may use labels=[pos_label] to specify a single positive class.
  warnings.warn(

2026-09-16 21:13:43,584:WARNING:c:\Users\laboratorio\Desktop\Nova Pasta\PyCaret\.venv\Lib\site-packages\sklearn\metrics\_classification.py:1561: UserWarning: Note that pos_label (set to 'Yes') is ignored when average != 'binary' (got 'weighted'). You may use labels=[pos_label] to specify a single positive class.
  warnings.warn(

2026-09-16 21:13:43,584:WARNING:c:\Users\laboratorio\Desktop\Nova Pasta\PyCaret\.venv\Lib\site-packages\sklearn\metrics\_classification.py:1561: UserWarning: Note that pos_label (set to 'Yes') is ignored when average != 'binary' (got 'weighted'). You may use labels=[pos_label] to specify a single positive class.
  warnings.warn(

2026-09-16 21:13:43,584:WARNING:c:\Users\laboratorio\Desktop\Nova Pasta\PyCaret\.venv\Lib\site-packages\sklearn\metrics\_classification.py:1561: UserWarning: Note that pos_label (set to 'Yes') is ignored when average != 'binary' (got 'weighted'). You may use labels=[pos_label] to specify a single positive class.
  warnings.warn(

2026-09-16 21:13:43,588:WARNING:c:\Users\laboratorio\Desktop\Nova Pasta\PyCaret\.venv\Lib\site-packages\sklearn\metrics\_classification.py:1561: UserWarning: Note that pos_label (set to 'Yes') is ignored when average != 'binary' (got 'weighted'). You may use labels=[pos_label] to specify a single positive class.
  warnings.warn(

2026-09-16 21:13:43,591:WARNING:c:\Users\laboratorio\Desktop\Nova Pasta\PyCaret\.venv\Lib\site-packages\sklearn\metrics\_classification.py:1509: UndefinedMetricWarning: Precision is ill-defined and being set to 0.0 in labels with no predicted samples. Use `zero_division` parameter to control this behavior.
  _warn_prf(average, modifier, f"{metric.capitalize()} is", len(result))

2026-09-16 21:13:43,594:WARNING:c:\Users\laboratorio\Desktop\Nova Pasta\PyCaret\.venv\Lib\site-packages\sklearn\metrics\_classification.py:1561: UserWarning: Note that pos_label (set to 'Yes') is ignored when average != 'binary' (got 'weighted'). You may use labels=[pos_label] to specify a single positive class.
  warnings.warn(

2026-09-16 21:13:43,594:WARNING:c:\Users\laboratorio\Desktop\Nova Pasta\PyCaret\.venv\Lib\site-packages\sklearn\metrics\_classification.py:1561: UserWarning: Note that pos_label (set to 'Yes') is ignored when average != 'binary' (got 'weighted'). You may use labels=[pos_label] to specify a single positive class.
  warnings.warn(

2026-09-16 21:13:43,599:WARNING:c:\Users\laboratorio\Desktop\Nova Pasta\PyCaret\.venv\Lib\site-packages\sklearn\metrics\_classification.py:1561: UserWarning: Note that pos_label (set to 'Yes') is ignored when average != 'binary' (got 'weighted'). You may use labels=[pos_label] to specify a single positive class.
  warnings.warn(

2026-09-16 21:13:43,604:WARNING:c:\Users\laboratorio\Desktop\Nova Pasta\PyCaret\.venv\Lib\site-packages\sklearn\metrics\_classification.py:1509: UndefinedMetricWarning: Precision is ill-defined and being set to 0.0 in labels with no predicted samples. Use `zero_division` parameter to control this behavior.
  _warn_prf(average, modifier, f"{metric.capitalize()} is", len(result))

2026-09-16 21:13:43,605:WARNING:c:\Users\laboratorio\Desktop\Nova Pasta\PyCaret\.venv\Lib\site-packages\sklearn\metrics\_classification.py:1561: UserWarning: Note that pos_label (set to 'Yes') is ignored when average != 'binary' (got 'weighted'). You may use labels=[pos_label] to specify a single positive class.
  warnings.warn(

2026-09-16 21:13:43,627:WARNING:c:\Users\laboratorio\Desktop\Nova Pasta\PyCaret\.venv\Lib\site-packages\sklearn\metrics\_classification.py:1561: UserWarning: Note that pos_label (set to 'Yes') is ignored when average != 'binary' (got 'weighted'). You may use labels=[pos_label] to specify a single positive class.
  warnings.warn(

2026-09-16 21:13:43,629:WARNING:c:\Users\laboratorio\Desktop\Nova Pasta\PyCaret\.venv\Lib\site-packages\sklearn\metrics\_classification.py:1561: UserWarning: Note that pos_label (set to 'Yes') is ignored when average != 'binary' (got 'weighted'). You may use labels=[pos_label] to specify a single positive class.
  warnings.warn(

2026-09-16 21:13:43,630:WARNING:c:\Users\laboratorio\Desktop\Nova Pasta\PyCaret\.venv\Lib\site-packages\sklearn\metrics\_classification.py:1561: UserWarning: Note that pos_label (set to 'Yes') is ignored when average != 'binary' (got 'weighted'). You may use labels=[pos_label] to specify a single positive class.
  warnings.warn(

2026-09-16 21:13:43,630:WARNING:c:\Users\laboratorio\Desktop\Nova Pasta\PyCaret\.venv\Lib\site-packages\sklearn\metrics\_classification.py:1561: UserWarning: Note that pos_label (set to 'Yes') is ignored when average != 'binary' (got 'weighted'). You may use labels=[pos_label] to specify a single positive class.
  warnings.warn(

2026-09-16 21:13:43,630:WARNING:c:\Users\laboratorio\Desktop\Nova Pasta\PyCaret\.venv\Lib\site-packages\sklearn\metrics\_classification.py:1561: UserWarning: Note that pos_label (set to 'Yes') is ignored when average != 'binary' (got 'weighted'). You may use labels=[pos_label] to specify a single positive class.
  warnings.warn(

2026-09-16 21:13:43,634:WARNING:c:\Users\laboratorio\Desktop\Nova Pasta\PyCaret\.venv\Lib\site-packages\sklearn\metrics\_classification.py:1509: UndefinedMetricWarning: Precision is ill-defined and being set to 0.0 in labels with no predicted samples. Use `zero_division` parameter to control this behavior.
  _warn_prf(average, modifier, f"{metric.capitalize()} is", len(result))

2026-09-16 21:13:43,635:WARNING:c:\Users\laboratorio\Desktop\Nova Pasta\PyCaret\.venv\Lib\site-packages\sklearn\metrics\_classification.py:1509: UndefinedMetricWarning: Precision is ill-defined and being set to 0.0 in labels with no predicted samples. Use `zero_division` parameter to control this behavior.
  _warn_prf(average, modifier, f"{metric.capitalize()} is", len(result))

2026-09-16 21:13:43,635:WARNING:c:\Users\laboratorio\Desktop\Nova Pasta\PyCaret\.venv\Lib\site-packages\sklearn\metrics\_classification.py:1561: UserWarning: Note that pos_label (set to 'Yes') is ignored when average != 'binary' (got 'weighted'). You may use labels=[pos_label] to specify a single positive class.
  warnings.warn(

2026-09-16 21:13:43,635:WARNING:c:\Users\laboratorio\Desktop\Nova Pasta\PyCaret\.venv\Lib\site-packages\sklearn\metrics\_classification.py:1561: UserWarning: Note that pos_label (set to 'Yes') is ignored when average != 'binary' (got 'weighted'). You may use labels=[pos_label] to specify a single positive class.
  warnings.warn(

2026-09-16 21:13:43,635:WARNING:c:\Users\laboratorio\Desktop\Nova Pasta\PyCaret\.venv\Lib\site-packages\sklearn\metrics\_classification.py:1561: UserWarning: Note that pos_label (set to 'Yes') is ignored when average != 'binary' (got 'weighted'). You may use labels=[pos_label] to specify a single positive class.
  warnings.warn(

2026-09-16 21:13:43,638:WARNING:c:\Users\laboratorio\Desktop\Nova Pasta\PyCaret\.venv\Lib\site-packages\sklearn\metrics\_classification.py:1561: UserWarning: Note that pos_label (set to 'Yes') is ignored when average != 'binary' (got 'weighted'). You may use labels=[pos_label] to specify a single positive class.
  warnings.warn(

2026-09-16 21:13:43,640:WARNING:c:\Users\laboratorio\Desktop\Nova Pasta\PyCaret\.venv\Lib\site-packages\sklearn\metrics\_classification.py:1561: UserWarning: Note that pos_label (set to 'Yes') is ignored when average != 'binary' (got 'weighted'). You may use labels=[pos_label] to specify a single positive class.
  warnings.warn(

2026-09-16 21:13:43,640:WARNING:c:\Users\laboratorio\Desktop\Nova Pasta\PyCaret\.venv\Lib\site-packages\sklearn\metrics\_classification.py:1509: UndefinedMetricWarning: Precision is ill-defined and being set to 0.0 in labels with no predicted samples. Use `zero_division` parameter to control this behavior.
  _warn_prf(average, modifier, f"{metric.capitalize()} is", len(result))

2026-09-16 21:13:43,642:WARNING:c:\Users\laboratorio\Desktop\Nova Pasta\PyCaret\.venv\Lib\site-packages\sklearn\metrics\_classification.py:1509: UndefinedMetricWarning: Precision is ill-defined and being set to 0.0 in labels with no predicted samples. Use `zero_division` parameter to control this behavior.
  _warn_prf(average, modifier, f"{metric.capitalize()} is", len(result))

2026-09-16 21:13:43,643:WARNING:c:\Users\laboratorio\Desktop\Nova Pasta\PyCaret\.venv\Lib\site-packages\sklearn\metrics\_classification.py:1561: UserWarning: Note that pos_label (set to 'Yes') is ignored when average != 'binary' (got 'weighted'). You may use labels=[pos_label] to specify a single positive class.
  warnings.warn(

2026-09-16 21:13:43,645:WARNING:c:\Users\laboratorio\Desktop\Nova Pasta\PyCaret\.venv\Lib\site-packages\sklearn\metrics\_classification.py:1561: UserWarning: Note that pos_label (set to 'Yes') is ignored when average != 'binary' (got 'weighted'). You may use labels=[pos_label] to specify a single positive class.
  warnings.warn(

2026-09-16 21:13:43,656:INFO:Calculating mean and std
2026-09-16 21:13:43,656:INFO:Creating metrics dataframe
2026-09-16 21:13:43,656:INFO:Uploading results into container
2026-09-16 21:13:43,659:INFO:Uploading model into container now
2026-09-16 21:13:43,659:INFO:_master_model_container: 7
2026-09-16 21:13:43,659:INFO:_display_container: 2
2026-09-16 21:13:43,659:INFO:RandomForestClassifier(bootstrap=True, ccp_alpha=0.0, class_weight=None,
                       criterion='gini', max_depth=None, max_features='sqrt',
                       max_leaf_nodes=None, max_samples=None,
                       min_impurity_decrease=0.0, min_samples_leaf=1,
                       min_samples_split=2, min_weight_fraction_leaf=0.0,
                       monotonic_cst=None, n_estimators=100, n_jobs=-1,
                       oob_score=False, random_state=123, verbose=0,
                       warm_start=False)
2026-09-16 21:13:43,659:INFO:create_model() successfully completed......................................
2026-09-16 21:13:43,714:INFO:SubProcess create_model() end ==================================
2026-09-16 21:13:43,714:INFO:Creating metrics dataframe
2026-09-16 21:13:43,722:INFO:Initializing Quadratic Discriminant Analysis
2026-09-16 21:13:43,722:INFO:Total runtime is 0.2466658592224121 minutes
2026-09-16 21:13:43,722:INFO:SubProcess create_model() called ==================================
2026-09-16 21:13:43,722:INFO:Initializing create_model()
2026-09-16 21:13:43,722:INFO:create_model(self=<pycaret.classification.oop.ClassificationExperiment object at 0x00000287133624D0>, estimator=qda, fold=StratifiedKFold(n_splits=10, random_state=None, shuffle=False), round=4, cross_validation=True, predict=True, fit_kwargs={}, groups=None, refit=False, probability_threshold=None, experiment_custom_tags=None, verbose=False, system=False, add_to_model_list=True, metrics=None, display=<pycaret.internal.display.display.CommonDisplay object at 0x00000287147BD210>, model_only=True, return_train_score=False, error_score=0.0, kwargs={})
2026-09-16 21:13:43,722:INFO:Checking exceptions
2026-09-16 21:13:43,722:INFO:Importing libraries
2026-09-16 21:13:43,722:INFO:Copying training dataset
2026-09-16 21:13:43,722:INFO:Defining folds
2026-09-16 21:13:43,722:INFO:Declaring metric variables
2026-09-16 21:13:43,729:INFO:Importing untrained model
2026-09-16 21:13:43,729:INFO:Quadratic Discriminant Analysis Imported successfully
2026-09-16 21:13:43,729:INFO:Starting cross validation
2026-09-16 21:13:43,729:INFO:Cross validating with StratifiedKFold(n_splits=10, random_state=None, shuffle=False), n_jobs=-1
2026-09-16 21:13:44,121:WARNING:c:\Users\laboratorio\Desktop\Nova Pasta\PyCaret\.venv\Lib\site-packages\sklearn\discriminant_analysis.py:935: UserWarning: Variables are collinear
  warnings.warn("Variables are collinear")

2026-09-16 21:13:44,121:WARNING:c:\Users\laboratorio\Desktop\Nova Pasta\PyCaret\.venv\Lib\site-packages\sklearn\discriminant_analysis.py:935: UserWarning: Variables are collinear
  warnings.warn("Variables are collinear")

2026-09-16 21:13:44,146:WARNING:c:\Users\laboratorio\Desktop\Nova Pasta\PyCaret\.venv\Lib\site-packages\sklearn\discriminant_analysis.py:935: UserWarning: Variables are collinear
  warnings.warn("Variables are collinear")

2026-09-16 21:13:44,149:WARNING:c:\Users\laboratorio\Desktop\Nova Pasta\PyCaret\.venv\Lib\site-packages\sklearn\discriminant_analysis.py:935: UserWarning: Variables are collinear
  warnings.warn("Variables are collinear")

2026-09-16 21:13:44,154:WARNING:c:\Users\laboratorio\Desktop\Nova Pasta\PyCaret\.venv\Lib\site-packages\sklearn\discriminant_analysis.py:935: UserWarning: Variables are collinear
  warnings.warn("Variables are collinear")

2026-09-16 21:13:44,155:WARNING:c:\Users\laboratorio\Desktop\Nova Pasta\PyCaret\.venv\Lib\site-packages\sklearn\discriminant_analysis.py:935: UserWarning: Variables are collinear
  warnings.warn("Variables are collinear")

2026-09-16 21:13:44,171:WARNING:c:\Users\laboratorio\Desktop\Nova Pasta\PyCaret\.venv\Lib\site-packages\sklearn\discriminant_analysis.py:935: UserWarning: Variables are collinear
  warnings.warn("Variables are collinear")

2026-09-16 21:13:44,173:WARNING:c:\Users\laboratorio\Desktop\Nova Pasta\PyCaret\.venv\Lib\site-packages\sklearn\discriminant_analysis.py:935: UserWarning: Variables are collinear
  warnings.warn("Variables are collinear")

2026-09-16 21:13:44,208:WARNING:c:\Users\laboratorio\Desktop\Nova Pasta\PyCaret\.venv\Lib\site-packages\sklearn\discriminant_analysis.py:935: UserWarning: Variables are collinear
  warnings.warn("Variables are collinear")

2026-09-16 21:13:44,242:WARNING:c:\Users\laboratorio\Desktop\Nova Pasta\PyCaret\.venv\Lib\site-packages\sklearn\metrics\_classification.py:1561: UserWarning: Note that pos_label (set to 'Yes') is ignored when average != 'binary' (got 'weighted'). You may use labels=[pos_label] to specify a single positive class.
  warnings.warn(

2026-09-16 21:13:44,245:WARNING:c:\Users\laboratorio\Desktop\Nova Pasta\PyCaret\.venv\Lib\site-packages\sklearn\metrics\_classification.py:1561: UserWarning: Note that pos_label (set to 'Yes') is ignored when average != 'binary' (got 'weighted'). You may use labels=[pos_label] to specify a single positive class.
  warnings.warn(

2026-09-16 21:13:44,245:WARNING:c:\Users\laboratorio\Desktop\Nova Pasta\PyCaret\.venv\Lib\site-packages\sklearn\metrics\_classification.py:1561: UserWarning: Note that pos_label (set to 'Yes') is ignored when average != 'binary' (got 'weighted'). You may use labels=[pos_label] to specify a single positive class.
  warnings.warn(

2026-09-16 21:13:44,248:WARNING:c:\Users\laboratorio\Desktop\Nova Pasta\PyCaret\.venv\Lib\site-packages\sklearn\metrics\_classification.py:1509: UndefinedMetricWarning: Precision is ill-defined and being set to 0.0 in labels with no predicted samples. Use `zero_division` parameter to control this behavior.
  _warn_prf(average, modifier, f"{metric.capitalize()} is", len(result))

2026-09-16 21:13:44,248:WARNING:c:\Users\laboratorio\Desktop\Nova Pasta\PyCaret\.venv\Lib\site-packages\sklearn\metrics\_classification.py:1561: UserWarning: Note that pos_label (set to 'Yes') is ignored when average != 'binary' (got 'weighted'). You may use labels=[pos_label] to specify a single positive class.
  warnings.warn(

2026-09-16 21:13:44,254:WARNING:c:\Users\laboratorio\Desktop\Nova Pasta\PyCaret\.venv\Lib\site-packages\sklearn\metrics\_classification.py:1561: UserWarning: Note that pos_label (set to 'Yes') is ignored when average != 'binary' (got 'weighted'). You may use labels=[pos_label] to specify a single positive class.
  warnings.warn(

2026-09-16 21:13:44,258:WARNING:c:\Users\laboratorio\Desktop\Nova Pasta\PyCaret\.venv\Lib\site-packages\sklearn\metrics\_classification.py:1561: UserWarning: Note that pos_label (set to 'Yes') is ignored when average != 'binary' (got 'weighted'). You may use labels=[pos_label] to specify a single positive class.
  warnings.warn(

2026-09-16 21:13:44,258:WARNING:c:\Users\laboratorio\Desktop\Nova Pasta\PyCaret\.venv\Lib\site-packages\sklearn\metrics\_classification.py:1509: UndefinedMetricWarning: Precision is ill-defined and being set to 0.0 in labels with no predicted samples. Use `zero_division` parameter to control this behavior.
  _warn_prf(average, modifier, f"{metric.capitalize()} is", len(result))

2026-09-16 21:13:44,258:WARNING:c:\Users\laboratorio\Desktop\Nova Pasta\PyCaret\.venv\Lib\site-packages\sklearn\metrics\_classification.py:1561: UserWarning: Note that pos_label (set to 'Yes') is ignored when average != 'binary' (got 'weighted'). You may use labels=[pos_label] to specify a single positive class.
  warnings.warn(

2026-09-16 21:13:44,258:WARNING:c:\Users\laboratorio\Desktop\Nova Pasta\PyCaret\.venv\Lib\site-packages\sklearn\metrics\_classification.py:1561: UserWarning: Note that pos_label (set to 'Yes') is ignored when average != 'binary' (got 'weighted'). You may use labels=[pos_label] to specify a single positive class.
  warnings.warn(

2026-09-16 21:13:44,258:WARNING:c:\Users\laboratorio\Desktop\Nova Pasta\PyCaret\.venv\Lib\site-packages\sklearn\metrics\_classification.py:1509: UndefinedMetricWarning: Precision is ill-defined and being set to 0.0 in labels with no predicted samples. Use `zero_division` parameter to control this behavior.
  _warn_prf(average, modifier, f"{metric.capitalize()} is", len(result))

2026-09-16 21:13:44,266:WARNING:c:\Users\laboratorio\Desktop\Nova Pasta\PyCaret\.venv\Lib\site-packages\sklearn\metrics\_classification.py:1561: UserWarning: Note that pos_label (set to 'Yes') is ignored when average != 'binary' (got 'weighted'). You may use labels=[pos_label] to specify a single positive class.
  warnings.warn(

2026-09-16 21:13:44,269:WARNING:c:\Users\laboratorio\Desktop\Nova Pasta\PyCaret\.venv\Lib\site-packages\sklearn\metrics\_classification.py:1561: UserWarning: Note that pos_label (set to 'Yes') is ignored when average != 'binary' (got 'weighted'). You may use labels=[pos_label] to specify a single positive class.
  warnings.warn(

2026-09-16 21:13:44,276:WARNING:c:\Users\laboratorio\Desktop\Nova Pasta\PyCaret\.venv\Lib\site-packages\sklearn\metrics\_classification.py:1561: UserWarning: Note that pos_label (set to 'Yes') is ignored when average != 'binary' (got 'weighted'). You may use labels=[pos_label] to specify a single positive class.
  warnings.warn(

2026-09-16 21:13:44,279:WARNING:c:\Users\laboratorio\Desktop\Nova Pasta\PyCaret\.venv\Lib\site-packages\sklearn\metrics\_classification.py:1561: UserWarning: Note that pos_label (set to 'Yes') is ignored when average != 'binary' (got 'weighted'). You may use labels=[pos_label] to specify a single positive class.
  warnings.warn(

ier, f"{metric.capitalize()} is", len(result))

2026-09-16 21:13:44,279:WARNING:c:\Users\laboratorio\Desktop\Nova Pasta\PyCaret\.venv\Lib\site-packages\sklearn\metrics\_classification.py:1561: UserWarning: Note that pos_label (set to 'Yes') is ignored when average != 'binary' (got 'weighted'). You may use labels=[pos_label] to specify a single positive class.
  warnings.warn(

2026-09-16 21:13:44,283:WARNING:c:\Users\laboratorio\Desktop\Nova Pasta\PyCaret\.venv\Lib\site-packages\sklearn\metrics\_classification.py:1561: UserWarning: Note that pos_label (set to 'Yes') is ignored when average != 'binary' (got 'weighted'). You may use labels=[pos_label] to specify a single positive class.
  warnings.warn(

2026-09-16 21:13:44,283:WARNING:c:\Users\laboratorio\Desktop\Nova Pasta\PyCaret\.venv\Lib\site-packages\sklearn\metrics\_classification.py:1561: UserWarning: Note that pos_label (set to 'Yes') is ignored when average != 'binary' (got 'weighted'). You may use labels=[pos_label] to specify a single positive class.
  warnings.warn(

2026-09-16 21:13:44,286:WARNING:c:\Users\laboratorio\Desktop\Nova Pasta\PyCaret\.venv\Lib\site-packages\sklearn\metrics\_classification.py:1509: UndefinedMetricWarning: Precision is ill-defined and being set to 0.0 in labels with no predicted samples. Use `zero_division` parameter to control this behavior.
  _warn_prf(average, modifier, f"{metric.capitalize()} is", len(result))

2026-09-16 21:13:44,288:WARNING:c:\Users\laboratorio\Desktop\Nova Pasta\PyCaret\.venv\Lib\site-packages\sklearn\metrics\_classification.py:1561: UserWarning: Note that pos_label (set to 'Yes') is ignored when average != 'binary' (got 'weighted'). You may use labels=[pos_label] to specify a single positive class.
  warnings.warn(

2026-09-16 21:13:44,288:WARNING:c:\Users\laboratorio\Desktop\Nova Pasta\PyCaret\.venv\Lib\site-packages\sklearn\metrics\_classification.py:1561: UserWarning: Note that pos_label (set to 'Yes') is ignored when average != 'binary' (got 'weighted'). You may use labels=[pos_label] to specify a single positive class.
  warnings.warn(

2026-09-16 21:13:44,288:WARNING:c:\Users\laboratorio\Desktop\Nova Pasta\PyCaret\.venv\Lib\site-packages\sklearn\metrics\_classification.py:1561: UserWarning: Note that pos_label (set to 'Yes') is ignored when average != 'binary' (got 'weighted'). You may use labels=[pos_label] to specify a single positive class.
  warnings.warn(

2026-09-16 21:13:44,292:WARNING:c:\Users\laboratorio\Desktop\Nova Pasta\PyCaret\.venv\Lib\site-packages\sklearn\metrics\_classification.py:1509: UndefinedMetricWarning: Precision is ill-defined and being set to 0.0 in labels with no predicted samples. Use `zero_division` parameter to control this behavior.
  _warn_prf(average, modifier, f"{metric.capitalize()} is", len(result))

2026-09-16 21:13:44,292:WARNING:c:\Users\laboratorio\Desktop\Nova Pasta\PyCaret\.venv\Lib\site-packages\sklearn\metrics\_classification.py:1561: UserWarning: Note that pos_label (set to 'Yes') is ignored when average != 'binary' (got 'weighted'). You may use labels=[pos_label] to specify a single positive class.
  warnings.warn(

2026-09-16 21:13:44,292:WARNING:c:\Users\laboratorio\Desktop\Nova Pasta\PyCaret\.venv\Lib\site-packages\sklearn\metrics\_classification.py:1561: UserWarning: Note that pos_label (set to 'Yes') is ignored when average != 'binary' (got 'weighted'). You may use labels=[pos_label] to specify a single positive class.
  warnings.warn(

2026-09-16 21:13:44,292:WARNING:c:\Users\laboratorio\Desktop\Nova Pasta\PyCaret\.venv\Lib\site-packages\sklearn\metrics\_classification.py:1561: UserWarning: Note that pos_label (set to 'Yes') is ignored when average != 'binary' (got 'weighted'). You may use labels=[pos_label] to specify a single positive class.
  warnings.warn(

2026-09-16 21:13:44,297:WARNING:c:\Users\laboratorio\Desktop\Nova Pasta\PyCaret\.venv\Lib\site-packages\sklearn\metrics\_classification.py:1561: UserWarning: Note that pos_label (set to 'Yes') is ignored when average != 'binary' (got 'weighted'). You may use labels=[pos_label] to specify a single positive class.
  warnings.warn(

2026-09-16 21:13:44,297:WARNING:c:\Users\laboratorio\Desktop\Nova Pasta\PyCaret\.venv\Lib\site-packages\sklearn\metrics\_classification.py:1509: UndefinedMetricWarning: Precision is ill-defined and being set to 0.0 in labels with no predicted samples. Use `zero_division` parameter to control this behavior.
  _warn_prf(average, modifier, f"{metric.capitalize()} is", len(result))

2026-09-16 21:13:44,298:WARNING:c:\Users\laboratorio\Desktop\Nova Pasta\PyCaret\.venv\Lib\site-packages\sklearn\metrics\_classification.py:1561: UserWarning: Note that pos_label (set to 'Yes') is ignored when average != 'binary' (got 'weighted'). You may use labels=[pos_label] to specify a single positive class.
  warnings.warn(

2026-09-16 21:13:44,298:WARNING:c:\Users\laboratorio\Desktop\Nova Pasta\PyCaret\.venv\Lib\site-packages\sklearn\metrics\_classification.py:1561: UserWarning: Note that pos_label (set to 'Yes') is ignored when average != 'binary' (got 'weighted'). You may use labels=[pos_label] to specify a single positive class.
  warnings.warn(

2026-09-16 21:13:44,298:WARNING:c:\Users\laboratorio\Desktop\Nova Pasta\PyCaret\.venv\Lib\site-packages\sklearn\metrics\_classification.py:1561: UserWarning: Note that pos_label (set to 'Yes') is ignored when average != 'binary' (got 'weighted'). You may use labels=[pos_label] to specify a single positive class.
  warnings.warn(

2026-09-16 21:13:44,298:WARNING:c:\Users\laboratorio\Desktop\Nova Pasta\PyCaret\.venv\Lib\site-packages\sklearn\metrics\_classification.py:1509: UndefinedMetricWarning: Precision is ill-defined and being set to 0.0 in labels with no predicted samples. Use `zero_division` parameter to control this behavior.
  _warn_prf(average, modifier, f"{metric.capitalize()} is", len(result))

2026-09-16 21:13:44,298:WARNING:c:\Users\laboratorio\Desktop\Nova Pasta\PyCaret\.venv\Lib\site-packages\sklearn\metrics\_classification.py:1509: UndefinedMetricWarning: Precision is ill-defined and being set to 0.0 in labels with no predicted samples. Use `zero_division` parameter to control this behavior.
  _warn_prf(average, modifier, f"{metric.capitalize()} is", len(result))

2026-09-16 21:13:44,303:WARNING:c:\Users\laboratorio\Desktop\Nova Pasta\PyCaret\.venv\Lib\site-packages\sklearn\metrics\_classification.py:1561: UserWarning: Note that pos_label (set to 'Yes') is ignored when average != 'binary' (got 'weighted'). You may use labels=[pos_label] to specify a single positive class.
  warnings.warn(

2026-09-16 21:13:44,303:WARNING:c:\Users\laboratorio\Desktop\Nova Pasta\PyCaret\.venv\Lib\site-packages\sklearn\metrics\_classification.py:1561: UserWarning: Note that pos_label (set to 'Yes') is ignored when average != 'binary' (got 'weighted'). You may use labels=[pos_label] to specify a single positive class.
  warnings.warn(

2026-09-16 21:13:44,309:WARNING:c:\Users\laboratorio\Desktop\Nova Pasta\PyCaret\.venv\Lib\site-packages\sklearn\metrics\_classification.py:1561: UserWarning: Note that pos_label (set to 'Yes') is ignored when average != 'binary' (got 'weighted'). You may use labels=[pos_label] to specify a single positive class.
  warnings.warn(

2026-09-16 21:13:44,309:WARNING:c:\Users\laboratorio\Desktop\Nova Pasta\PyCaret\.venv\Lib\site-packages\sklearn\metrics\_classification.py:1561: UserWarning: Note that pos_label (set to 'Yes') is ignored when average != 'binary' (got 'weighted'). You may use labels=[pos_label] to specify a single positive class.
  warnings.warn(

2026-09-16 21:13:44,314:WARNING:c:\Users\laboratorio\Desktop\Nova Pasta\PyCaret\.venv\Lib\site-packages\sklearn\metrics\_classification.py:1509: UndefinedMetricWarning: Precision is ill-defined and being set to 0.0 in labels with no predicted samples. Use `zero_division` parameter to control this behavior.
  _warn_prf(average, modifier, f"{metric.capitalize()} is", len(result))

2026-09-16 21:13:44,314:WARNING:c:\Users\laboratorio\Desktop\Nova Pasta\PyCaret\.venv\Lib\site-packages\sklearn\metrics\_classification.py:1561: UserWarning: Note that pos_label (set to 'Yes') is ignored when average != 'binary' (got 'weighted'). You may use labels=[pos_label] to specify a single positive class.
  warnings.warn(

2026-09-16 21:13:44,328:INFO:Calculating mean and std
2026-09-16 21:13:44,329:INFO:Creating metrics dataframe
2026-09-16 21:13:44,329:INFO:Uploading results into container
2026-09-16 21:13:44,329:INFO:Uploading model into container now
2026-09-16 21:13:44,329:INFO:_master_model_container: 8
2026-09-16 21:13:44,329:INFO:_display_container: 2
2026-09-16 21:13:44,329:INFO:QuadraticDiscriminantAnalysis(priors=None, reg_param=0.0,
                              store_covariance=False, tol=0.0001)
2026-09-16 21:13:44,329:INFO:create_model() successfully completed......................................
2026-09-16 21:13:44,394:INFO:SubProcess create_model() end ==================================
2026-09-16 21:13:44,394:INFO:Creating metrics dataframe
2026-09-16 21:13:44,398:INFO:Initializing Ada Boost Classifier
2026-09-16 21:13:44,398:INFO:Total runtime is 0.25792550245920814 minutes
2026-09-16 21:13:44,398:INFO:SubProcess create_model() called ==================================
2026-09-16 21:13:44,398:INFO:Initializing create_model()
2026-09-16 21:13:44,398:INFO:create_model(self=<pycaret.classification.oop.ClassificationExperiment object at 0x00000287133624D0>, estimator=ada, fold=StratifiedKFold(n_splits=10, random_state=None, shuffle=False), round=4, cross_validation=True, predict=True, fit_kwargs={}, groups=None, refit=False, probability_threshold=None, experiment_custom_tags=None, verbose=False, system=False, add_to_model_list=True, metrics=None, display=<pycaret.internal.display.display.CommonDisplay object at 0x00000287147BD210>, model_only=True, return_train_score=False, error_score=0.0, kwargs={})
2026-09-16 21:13:44,398:INFO:Checking exceptions
2026-09-16 21:13:44,398:INFO:Importing libraries
2026-09-16 21:13:44,398:INFO:Copying training dataset
2026-09-16 21:13:44,405:INFO:Defining folds
2026-09-16 21:13:44,405:INFO:Declaring metric variables
2026-09-16 21:13:44,405:INFO:Importing untrained model
2026-09-16 21:13:44,405:INFO:Ada Boost Classifier Imported successfully
2026-09-16 21:13:44,412:INFO:Starting cross validation
2026-09-16 21:13:44,413:INFO:Cross validating with StratifiedKFold(n_splits=10, random_state=None, shuffle=False), n_jobs=-1
2026-09-16 21:13:44,791:WARNING:c:\Users\laboratorio\Desktop\Nova Pasta\PyCaret\.venv\Lib\site-packages\sklearn\ensemble\_weight_boosting.py:519: FutureWarning: The SAMME.R algorithm (the default) is deprecated and will be removed in 1.6. Use the SAMME algorithm to circumvent this warning.
  warnings.warn(

2026-09-16 21:13:44,819:WARNING:c:\Users\laboratorio\Desktop\Nova Pasta\PyCaret\.venv\Lib\site-packages\sklearn\ensemble\_weight_boosting.py:519: FutureWarning: The SAMME.R algorithm (the default) is deprecated and will be removed in 1.6. Use the SAMME algorithm to circumvent this warning.
  warnings.warn(

2026-09-16 21:13:44,819:WARNING:c:\Users\laboratorio\Desktop\Nova Pasta\PyCaret\.venv\Lib\site-packages\sklearn\ensemble\_weight_boosting.py:519: FutureWarning: The SAMME.R algorithm (the default) is deprecated and will be removed in 1.6. Use the SAMME algorithm to circumvent this warning.
  warnings.warn(

2026-09-16 21:13:44,819:WARNING:c:\Users\laboratorio\Desktop\Nova Pasta\PyCaret\.venv\Lib\site-packages\sklearn\ensemble\_weight_boosting.py:519: FutureWarning: The SAMME.R algorithm (the default) is deprecated and will be removed in 1.6. Use the SAMME algorithm to circumvent this warning.
  warnings.warn(

2026-09-16 21:13:44,822:WARNING:c:\Users\laboratorio\Desktop\Nova Pasta\PyCaret\.venv\Lib\site-packages\sklearn\ensemble\_weight_boosting.py:519: FutureWarning: The SAMME.R algorithm (the default) is deprecated and will be removed in 1.6. Use the SAMME algorithm to circumvent this warning.
  warnings.warn(

2026-09-16 21:13:44,834:WARNING:c:\Users\laboratorio\Desktop\Nova Pasta\PyCaret\.venv\Lib\site-packages\sklearn\ensemble\_weight_boosting.py:519: FutureWarning: The SAMME.R algorithm (the default) is deprecated and will be removed in 1.6. Use the SAMME algorithm to circumvent this warning.
  warnings.warn(

2026-09-16 21:13:44,843:WARNING:c:\Users\laboratorio\Desktop\Nova Pasta\PyCaret\.venv\Lib\site-packages\sklearn\ensemble\_weight_boosting.py:519: FutureWarning: The SAMME.R algorithm (the default) is deprecated and will be removed in 1.6. Use the SAMME algorithm to circumvent this warning.
  warnings.warn(

2026-09-16 21:13:44,853:WARNING:c:\Users\laboratorio\Desktop\Nova Pasta\PyCaret\.venv\Lib\site-packages\sklearn\ensemble\_weight_boosting.py:519: FutureWarning: The SAMME.R algorithm (the default) is deprecated and will be removed in 1.6. Use the SAMME algorithm to circumvent this warning.
  warnings.warn(

2026-09-16 21:13:44,875:WARNING:c:\Users\laboratorio\Desktop\Nova Pasta\PyCaret\.venv\Lib\site-packages\sklearn\ensemble\_weight_boosting.py:519: FutureWarning: The SAMME.R algorithm (the default) is deprecated and will be removed in 1.6. Use the SAMME algorithm to circumvent this warning.
  warnings.warn(

2026-09-16 21:13:44,905:WARNING:c:\Users\laboratorio\Desktop\Nova Pasta\PyCaret\.venv\Lib\site-packages\sklearn\metrics\_classification.py:1561: UserWarning: Note that pos_label (set to 'Yes') is ignored when average != 'binary' (got 'weighted'). You may use labels=[pos_label] to specify a single positive class.
  warnings.warn(

2026-09-16 21:13:44,908:WARNING:c:\Users\laboratorio\Desktop\Nova Pasta\PyCaret\.venv\Lib\site-packages\sklearn\metrics\_classification.py:1561: UserWarning: Note that pos_label (set to 'Yes') is ignored when average != 'binary' (got 'weighted'). You may use labels=[pos_label] to specify a single positive class.
  warnings.warn(

2026-09-16 21:13:44,908:WARNING:c:\Users\laboratorio\Desktop\Nova Pasta\PyCaret\.venv\Lib\site-packages\sklearn\metrics\_classification.py:1509: UndefinedMetricWarning: Precision is ill-defined and being set to 0.0 in labels with no predicted samples. Use `zero_division` parameter to control this behavior.
  _warn_prf(average, modifier, f"{metric.capitalize()} is", len(result))

2026-09-16 21:13:44,908:WARNING:c:\Users\laboratorio\Desktop\Nova Pasta\PyCaret\.venv\Lib\site-packages\sklearn\metrics\_classification.py:1561: UserWarning: Note that pos_label (set to 'Yes') is ignored when average != 'binary' (got 'weighted'). You may use labels=[pos_label] to specify a single positive class.
  warnings.warn(

2026-09-16 21:13:44,924:WARNING:c:\Users\laboratorio\Desktop\Nova Pasta\PyCaret\.venv\Lib\site-packages\sklearn\metrics\_classification.py:1561: UserWarning: Note that pos_label (set to 'Yes') is ignored when average != 'binary' (got 'weighted'). You may use labels=[pos_label] to specify a single positive class.
  warnings.warn(

2026-09-16 21:13:44,924:WARNING:c:\Users\laboratorio\Desktop\Nova Pasta\PyCaret\.venv\Lib\site-packages\sklearn\metrics\_classification.py:1561: UserWarning: Note that pos_label (set to 'Yes') is ignored when average != 'binary' (got 'weighted'). You may use labels=[pos_label] to specify a single positive class.
  warnings.warn(

2026-09-16 21:13:44,926:WARNING:c:\Users\laboratorio\Desktop\Nova Pasta\PyCaret\.venv\Lib\site-packages\sklearn\metrics\_classification.py:1561: UserWarning: Note that pos_label (set to 'Yes') is ignored when average != 'binary' (got 'weighted'). You may use labels=[pos_label] to specify a single positive class.
  warnings.warn(

2026-09-16 21:13:44,926:WARNING:c:\Users\laboratorio\Desktop\Nova Pasta\PyCaret\.venv\Lib\site-packages\sklearn\metrics\_classification.py:1561: UserWarning: Note that pos_label (set to 'Yes') is ignored when average != 'binary' (got 'weighted'). You may use labels=[pos_label] to specify a single positive class.
  warnings.warn(

2026-09-16 21:13:44,926:WARNING:c:\Users\laboratorio\Desktop\Nova Pasta\PyCaret\.venv\Lib\site-packages\sklearn\metrics\_classification.py:1509: UndefinedMetricWarning: Precision is ill-defined and being set to 0.0 in labels with no predicted samples. Use `zero_division` parameter to control this behavior.
  _warn_prf(average, modifier, f"{metric.capitalize()} is", len(result))

2026-09-16 21:13:44,926:WARNING:c:\Users\laboratorio\Desktop\Nova Pasta\PyCaret\.venv\Lib\site-packages\sklearn\metrics\_classification.py:1509: UndefinedMetricWarning: Precision is ill-defined and being set to 0.0 in labels with no predicted samples. Use `zero_division` parameter to control this behavior.
  _warn_prf(average, modifier, f"{metric.capitalize()} is", len(result))

2026-09-16 21:13:44,926:WARNING:c:\Users\laboratorio\Desktop\Nova Pasta\PyCaret\.venv\Lib\site-packages\sklearn\metrics\_classification.py:1561: UserWarning: Note that pos_label (set to 'Yes') is ignored when average != 'binary' (got 'weighted'). You may use labels=[pos_label] to specify a single positive class.
  warnings.warn(

2026-09-16 21:13:44,926:WARNING:c:\Users\laboratorio\Desktop\Nova Pasta\PyCaret\.venv\Lib\site-packages\sklearn\metrics\_classification.py:1561: UserWarning: Note that pos_label (set to 'Yes') is ignored when average != 'binary' (got 'weighted'). You may use labels=[pos_label] to specify a single positive class.
  warnings.warn(

2026-09-16 21:13:44,936:WARNING:c:\Users\laboratorio\Desktop\Nova Pasta\PyCaret\.venv\Lib\site-packages\sklearn\metrics\_classification.py:1561: UserWarning: Note that pos_label (set to 'Yes') is ignored when average != 'binary' (got 'weighted'). You may use labels=[pos_label] to specify a single positive class.
  warnings.warn(

2026-09-16 21:13:44,936:WARNING:c:\Users\laboratorio\Desktop\Nova Pasta\PyCaret\.venv\Lib\site-packages\sklearn\metrics\_classification.py:1561: UserWarning: Note that pos_label (set to 'Yes') is ignored when average != 'binary' (got 'weighted'). You may use labels=[pos_label] to specify a single positive class.
  warnings.warn(

2026-09-16 21:13:44,941:WARNING:c:\Users\laboratorio\Desktop\Nova Pasta\PyCaret\.venv\Lib\site-packages\sklearn\metrics\_classification.py:1561: UserWarning: Note that pos_label (set to 'Yes') is ignored when average != 'binary' (got 'weighted'). You may use labels=[pos_label] to specify a single positive class.
  warnings.warn(

2026-09-16 21:13:44,941:WARNING:c:\Users\laboratorio\Desktop\Nova Pasta\PyCaret\.venv\Lib\site-packages\sklearn\metrics\_classification.py:1561: UserWarning: Note that pos_label (set to 'Yes') is ignored when average != 'binary' (got 'weighted'). You may use labels=[pos_label] to specify a single positive class.
  warnings.warn(

2026-09-16 21:13:44,941:WARNING:c:\Users\laboratorio\Desktop\Nova Pasta\PyCaret\.venv\Lib\site-packages\sklearn\metrics\_classification.py:1509: UndefinedMetricWarning: Precision is ill-defined and being set to 0.0 in labels with no predicted samples. Use `zero_division` parameter to control this behavior.
  _warn_prf(average, modifier, f"{metric.capitalize()} is", len(result))

2026-09-16 21:13:44,941:WARNING:c:\Users\laboratorio\Desktop\Nova Pasta\PyCaret\.venv\Lib\site-packages\sklearn\metrics\_classification.py:1561: UserWarning: Note that pos_label (set to 'Yes') is ignored when average != 'binary' (got 'weighted'). You may use labels=[pos_label] to specify a single positive class.
  warnings.warn(

2026-09-16 21:13:44,947:WARNING:c:\Users\laboratorio\Desktop\Nova Pasta\PyCaret\.venv\Lib\site-packages\sklearn\metrics\_classification.py:1509: UndefinedMetricWarning: Precision is ill-defined and being set to 0.0 in labels with no predicted samples. Use `zero_division` parameter to control this behavior.
  _warn_prf(average, modifier, f"{metric.capitalize()} is", len(result))

2026-09-16 21:13:44,947:WARNING:c:\Users\laboratorio\Desktop\Nova Pasta\PyCaret\.venv\Lib\site-packages\sklearn\metrics\_classification.py:1561: UserWarning: Note that pos_label (set to 'Yes') is ignored when average != 'binary' (got 'weighted'). You may use labels=[pos_label] to specify a single positive class.
  warnings.warn(

2026-09-16 21:13:44,947:WARNING:c:\Users\laboratorio\Desktop\Nova Pasta\PyCaret\.venv\Lib\site-packages\sklearn\metrics\_classification.py:1561: UserWarning: Note that pos_label (set to 'Yes') is ignored when average != 'binary' (got 'weighted'). You may use labels=[pos_label] to specify a single positive class.
  warnings.warn(

2026-09-16 21:13:44,947:WARNING:c:\Users\laboratorio\Desktop\Nova Pasta\PyCaret\.venv\Lib\site-packages\sklearn\metrics\_classification.py:1561: UserWarning: Note that pos_label (set to 'Yes') is ignored when average != 'binary' (got 'weighted'). You may use labels=[pos_label] to specify a single positive class.
  warnings.warn(

2026-09-16 21:13:44,947:WARNING:c:\Users\laboratorio\Desktop\Nova Pasta\PyCaret\.venv\Lib\site-packages\sklearn\metrics\_classification.py:1509: UndefinedMetricWarning: Precision is ill-defined and being set to 0.0 in labels with no predicted samples. Use `zero_division` parameter to control this behavior.
  _warn_prf(average, modifier, f"{metric.capitalize()} is", len(result))

2026-09-16 21:13:44,947:WARNING:c:\Users\laboratorio\Desktop\Nova Pasta\PyCaret\.venv\Lib\site-packages\sklearn\metrics\_classification.py:1561: UserWarning: Note that pos_label (set to 'Yes') is ignored when average != 'binary' (got 'weighted'). You may use labels=[pos_label] to specify a single positive class.
  warnings.warn(

2026-09-16 21:13:44,956:WARNING:c:\Users\laboratorio\Desktop\Nova Pasta\PyCaret\.venv\Lib\site-packages\sklearn\metrics\_classification.py:1561: UserWarning: Note that pos_label (set to 'Yes') is ignored when average != 'binary' (got 'weighted'). You may use labels=[pos_label] to specify a single positive class.
  warnings.warn(

2026-09-16 21:13:44,958:WARNING:c:\Users\laboratorio\Desktop\Nova Pasta\PyCaret\.venv\Lib\site-packages\sklearn\metrics\_classification.py:1561: UserWarning: Note that pos_label (set to 'Yes') is ignored when average != 'binary' (got 'weighted'). You may use labels=[pos_label] to specify a single positive class.
  warnings.warn(

2026-09-16 21:13:44,958:WARNING:c:\Users\laboratorio\Desktop\Nova Pasta\PyCaret\.venv\Lib\site-packages\sklearn\metrics\_classification.py:1509: UndefinedMetricWarning: Precision is ill-defined and being set to 0.0 in labels with no predicted samples. Use `zero_division` parameter to control this behavior.
  _warn_prf(average, modifier, f"{metric.capitalize()} is", len(result))

2026-09-16 21:13:44,958:WARNING:c:\Users\laboratorio\Desktop\Nova Pasta\PyCaret\.venv\Lib\site-packages\sklearn\metrics\_classification.py:1561: UserWarning: Note that pos_label (set to 'Yes') is ignored when average != 'binary' (got 'weighted'). You may use labels=[pos_label] to specify a single positive class.
  warnings.warn(

2026-09-16 21:13:44,976:WARNING:c:\Users\laboratorio\Desktop\Nova Pasta\PyCaret\.venv\Lib\site-packages\sklearn\metrics\_classification.py:1561: UserWarning: Note that pos_label (set to 'Yes') is ignored when average != 'binary' (got 'weighted'). You may use labels=[pos_label] to specify a single positive class.
  warnings.warn(

2026-09-16 21:13:44,979:WARNING:c:\Users\laboratorio\Desktop\Nova Pasta\PyCaret\.venv\Lib\site-packages\sklearn\metrics\_classification.py:1561: UserWarning: Note that pos_label (set to 'Yes') is ignored when average != 'binary' (got 'weighted'). You may use labels=[pos_label] to specify a single positive class.
  warnings.warn(

2026-09-16 21:13:44,979:WARNING:c:\Users\laboratorio\Desktop\Nova Pasta\PyCaret\.venv\Lib\site-packages\sklearn\metrics\_classification.py:1561: UserWarning: Note that pos_label (set to 'Yes') is ignored when average != 'binary' (got 'weighted'). You may use labels=[pos_label] to specify a single positive class.
  warnings.warn(

2026-09-16 21:13:44,979:WARNING:c:\Users\laboratorio\Desktop\Nova Pasta\PyCaret\.venv\Lib\site-packages\sklearn\metrics\_classification.py:1509: UndefinedMetricWarning: Precision is ill-defined and being set to 0.0 in labels with no predicted samples. Use `zero_division` parameter to control this behavior.
  _warn_prf(average, modifier, f"{metric.capitalize()} is", len(result))

2026-09-16 21:13:44,979:WARNING:c:\Users\laboratorio\Desktop\Nova Pasta\PyCaret\.venv\Lib\site-packages\sklearn\metrics\_classification.py:1561: UserWarning: Note that pos_label (set to 'Yes') is ignored when average != 'binary' (got 'weighted'). You may use labels=[pos_label] to specify a single positive class.
  warnings.warn(

2026-09-16 21:13:44,979:WARNING:c:\Users\laboratorio\Desktop\Nova Pasta\PyCaret\.venv\Lib\site-packages\sklearn\metrics\_classification.py:1561: UserWarning: Note that pos_label (set to 'Yes') is ignored when average != 'binary' (got 'weighted'). You may use labels=[pos_label] to specify a single positive class.
  warnings.warn(

2026-09-16 21:13:44,979:WARNING:c:\Users\laboratorio\Desktop\Nova Pasta\PyCaret\.venv\Lib\site-packages\sklearn\metrics\_classification.py:1561: UserWarning: Note that pos_label (set to 'Yes') is ignored when average != 'binary' (got 'weighted'). You may use labels=[pos_label] to specify a single positive class.
  warnings.warn(

2026-09-16 21:13:44,979:WARNING:c:\Users\laboratorio\Desktop\Nova Pasta\PyCaret\.venv\Lib\site-packages\sklearn\metrics\_classification.py:1509: UndefinedMetricWarning: Precision is ill-defined and being set to 0.0 in labels with no predicted samples. Use `zero_division` parameter to control this behavior.
  _warn_prf(average, modifier, f"{metric.capitalize()} is", len(result))

2026-09-16 21:13:44,979:WARNING:c:\Users\laboratorio\Desktop\Nova Pasta\PyCaret\.venv\Lib\site-packages\sklearn\metrics\_classification.py:1561: UserWarning: Note that pos_label (set to 'Yes') is ignored when average != 'binary' (got 'weighted'). You may use labels=[pos_label] to specify a single positive class.
  warnings.warn(

2026-09-16 21:13:44,979:WARNING:c:\Users\laboratorio\Desktop\Nova Pasta\PyCaret\.venv\Lib\site-packages\sklearn\metrics\_classification.py:1561: UserWarning: Note that pos_label (set to 'Yes') is ignored when average != 'binary' (got 'weighted'). You may use labels=[pos_label] to specify a single positive class.
  warnings.warn(

2026-09-16 21:13:44,990:WARNING:c:\Users\laboratorio\Desktop\Nova Pasta\PyCaret\.venv\Lib\site-packages\sklearn\metrics\_classification.py:1509: UndefinedMetricWarning: Precision is ill-defined and being set to 0.0 in labels with no predicted samples. Use `zero_division` parameter to control this behavior.
  _warn_prf(average, modifier, f"{metric.capitalize()} is", len(result))

2026-09-16 21:13:44,992:WARNING:c:\Users\laboratorio\Desktop\Nova Pasta\PyCaret\.venv\Lib\site-packages\sklearn\metrics\_classification.py:1561: UserWarning: Note that pos_label (set to 'Yes') is ignored when average != 'binary' (got 'weighted'). You may use labels=[pos_label] to specify a single positive class.
  warnings.warn(

2026-09-16 21:13:45,000:INFO:Calculating mean and std
2026-09-16 21:13:45,000:INFO:Creating metrics dataframe
2026-09-16 21:13:45,000:INFO:Uploading results into container
2026-09-16 21:13:45,000:INFO:Uploading model into container now
2026-09-16 21:13:45,000:INFO:_master_model_container: 9
2026-09-16 21:13:45,000:INFO:_display_container: 2
2026-09-16 21:13:45,000:INFO:AdaBoostClassifier(algorithm='SAMME.R', estimator=None, learning_rate=1.0,
                   n_estimators=50, random_state=123)
2026-09-16 21:13:45,000:INFO:create_model() successfully completed......................................
2026-09-16 21:13:45,056:INFO:SubProcess create_model() end ==================================
2026-09-16 21:13:45,056:INFO:Creating metrics dataframe
2026-09-16 21:13:45,056:INFO:Initializing Gradient Boosting Classifier
2026-09-16 21:13:45,056:INFO:Total runtime is 0.2689044117927551 minutes
2026-09-16 21:13:45,056:INFO:SubProcess create_model() called ==================================
2026-09-16 21:13:45,056:INFO:Initializing create_model()
2026-09-16 21:13:45,056:INFO:create_model(self=<pycaret.classification.oop.ClassificationExperiment object at 0x00000287133624D0>, estimator=gbc, fold=StratifiedKFold(n_splits=10, random_state=None, shuffle=False), round=4, cross_validation=True, predict=True, fit_kwargs={}, groups=None, refit=False, probability_threshold=None, experiment_custom_tags=None, verbose=False, system=False, add_to_model_list=True, metrics=None, display=<pycaret.internal.display.display.CommonDisplay object at 0x00000287147BD210>, model_only=True, return_train_score=False, error_score=0.0, kwargs={})
2026-09-16 21:13:45,056:INFO:Checking exceptions
2026-09-16 21:13:45,056:INFO:Importing libraries
2026-09-16 21:13:45,056:INFO:Copying training dataset
2026-09-16 21:13:45,074:INFO:Defining folds
2026-09-16 21:13:45,074:INFO:Declaring metric variables
2026-09-16 21:13:45,074:INFO:Importing untrained model
2026-09-16 21:13:45,074:INFO:Gradient Boosting Classifier Imported successfully
2026-09-16 21:13:45,074:INFO:Starting cross validation
2026-09-16 21:13:45,082:INFO:Cross validating with StratifiedKFold(n_splits=10, random_state=None, shuffle=False), n_jobs=-1
2026-09-16 21:13:45,948:WARNING:c:\Users\laboratorio\Desktop\Nova Pasta\PyCaret\.venv\Lib\site-packages\sklearn\metrics\_classification.py:1561: UserWarning: Note that pos_label (set to 'Yes') is ignored when average != 'binary' (got 'weighted'). You may use labels=[pos_label] to specify a single positive class.
  warnings.warn(

2026-09-16 21:13:45,952:WARNING:c:\Users\laboratorio\Desktop\Nova Pasta\PyCaret\.venv\Lib\site-packages\sklearn\metrics\_classification.py:1561: UserWarning: Note that pos_label (set to 'Yes') is ignored when average != 'binary' (got 'weighted'). You may use labels=[pos_label] to specify a single positive class.
  warnings.warn(

2026-09-16 21:13:45,954:WARNING:c:\Users\laboratorio\Desktop\Nova Pasta\PyCaret\.venv\Lib\site-packages\sklearn\metrics\_classification.py:1509: UndefinedMetricWarning: Precision is ill-defined and being set to 0.0 in labels with no predicted samples. Use `zero_division` parameter to control this behavior.
  _warn_prf(average, modifier, f"{metric.capitalize()} is", len(result))

2026-09-16 21:13:45,958:WARNING:c:\Users\laboratorio\Desktop\Nova Pasta\PyCaret\.venv\Lib\site-packages\sklearn\metrics\_classification.py:1561: UserWarning: Note that pos_label (set to 'Yes') is ignored when average != 'binary' (got 'weighted'). You may use labels=[pos_label] to specify a single positive class.
  warnings.warn(

2026-09-16 21:13:45,972:WARNING:c:\Users\laboratorio\Desktop\Nova Pasta\PyCaret\.venv\Lib\site-packages\sklearn\metrics\_classification.py:1561: UserWarning: Note that pos_label (set to 'Yes') is ignored when average != 'binary' (got 'weighted'). You may use labels=[pos_label] to specify a single positive class.
  warnings.warn(

2026-09-16 21:13:45,977:WARNING:c:\Users\laboratorio\Desktop\Nova Pasta\PyCaret\.venv\Lib\site-packages\sklearn\metrics\_classification.py:1561: UserWarning: Note that pos_label (set to 'Yes') is ignored when average != 'binary' (got 'weighted'). You may use labels=[pos_label] to specify a single positive class.
  warnings.warn(

2026-09-16 21:13:45,978:WARNING:c:\Users\laboratorio\Desktop\Nova Pasta\PyCaret\.venv\Lib\site-packages\sklearn\metrics\_classification.py:1561: UserWarning: Note that pos_label (set to 'Yes') is ignored when average != 'binary' (got 'weighted'). You may use labels=[pos_label] to specify a single positive class.
  warnings.warn(

2026-09-16 21:13:45,980:WARNING:c:\Users\laboratorio\Desktop\Nova Pasta\PyCaret\.venv\Lib\site-packages\sklearn\metrics\_classification.py:1509: UndefinedMetricWarning: Precision is ill-defined and being set to 0.0 in labels with no predicted samples. Use `zero_division` parameter to control this behavior.
  _warn_prf(average, modifier, f"{metric.capitalize()} is", len(result))

2026-09-16 21:13:45,981:WARNING:c:\Users\laboratorio\Desktop\Nova Pasta\PyCaret\.venv\Lib\site-packages\sklearn\metrics\_classification.py:1561: UserWarning: Note that pos_label (set to 'Yes') is ignored when average != 'binary' (got 'weighted'). You may use labels=[pos_label] to specify a single positive class.
  warnings.warn(

2026-09-16 21:13:45,982:WARNING:c:\Users\laboratorio\Desktop\Nova Pasta\PyCaret\.venv\Lib\site-packages\sklearn\metrics\_classification.py:1561: UserWarning: Note that pos_label (set to 'Yes') is ignored when average != 'binary' (got 'weighted'). You may use labels=[pos_label] to specify a single positive class.
  warnings.warn(

2026-09-16 21:13:45,985:WARNING:c:\Users\laboratorio\Desktop\Nova Pasta\PyCaret\.venv\Lib\site-packages\sklearn\metrics\_classification.py:1561: UserWarning: Note that pos_label (set to 'Yes') is ignored when average != 'binary' (got 'weighted'). You may use labels=[pos_label] to specify a single positive class.
  warnings.warn(

2026-09-16 21:13:45,987:WARNING:c:\Users\laboratorio\Desktop\Nova Pasta\PyCaret\.venv\Lib\site-packages\sklearn\metrics\_classification.py:1561: UserWarning: Note that pos_label (set to 'Yes') is ignored when average != 'binary' (got 'weighted'). You may use labels=[pos_label] to specify a single positive class.
  warnings.warn(

2026-09-16 21:13:45,987:WARNING:c:\Users\laboratorio\Desktop\Nova Pasta\PyCaret\.venv\Lib\site-packages\sklearn\metrics\_classification.py:1561: UserWarning: Note that pos_label (set to 'Yes') is ignored when average != 'binary' (got 'weighted'). You may use labels=[pos_label] to specify a single positive class.
  warnings.warn(

2026-09-16 21:13:45,989:WARNING:c:\Users\laboratorio\Desktop\Nova Pasta\PyCaret\.venv\Lib\site-packages\sklearn\metrics\_classification.py:1561: UserWarning: Note that pos_label (set to 'Yes') is ignored when average != 'binary' (got 'weighted'). You may use labels=[pos_label] to specify a single positive class.
  warnings.warn(

2026-09-16 21:13:45,989:WARNING:c:\Users\laboratorio\Desktop\Nova Pasta\PyCaret\.venv\Lib\site-packages\sklearn\metrics\_classification.py:1509: UndefinedMetricWarning: Precision is ill-defined and being set to 0.0 in labels with no predicted samples. Use `zero_division` parameter to control this behavior.
  _warn_prf(average, modifier, f"{metric.capitalize()} is", len(result))

2026-09-16 21:13:45,990:WARNING:c:\Users\laboratorio\Desktop\Nova Pasta\PyCaret\.venv\Lib\site-packages\sklearn\metrics\_classification.py:1509: UndefinedMetricWarning: Precision is ill-defined and being set to 0.0 in labels with no predicted samples. Use `zero_division` parameter to control this behavior.
  _warn_prf(average, modifier, f"{metric.capitalize()} is", len(result))

2026-09-16 21:13:45,992:WARNING:c:\Users\laboratorio\Desktop\Nova Pasta\PyCaret\.venv\Lib\site-packages\sklearn\metrics\_classification.py:1561: UserWarning: Note that pos_label (set to 'Yes') is ignored when average != 'binary' (got 'weighted'). You may use labels=[pos_label] to specify a single positive class.
  warnings.warn(

2026-09-16 21:13:45,993:WARNING:c:\Users\laboratorio\Desktop\Nova Pasta\PyCaret\.venv\Lib\site-packages\sklearn\metrics\_classification.py:1561: UserWarning: Note that pos_label (set to 'Yes') is ignored when average != 'binary' (got 'weighted'). You may use labels=[pos_label] to specify a single positive class.
  warnings.warn(

2026-09-16 21:13:45,994:WARNING:c:\Users\laboratorio\Desktop\Nova Pasta\PyCaret\.venv\Lib\site-packages\sklearn\metrics\_classification.py:1561: UserWarning: Note that pos_label (set to 'Yes') is ignored when average != 'binary' (got 'weighted'). You may use labels=[pos_label] to specify a single positive class.
  warnings.warn(

2026-09-16 21:13:45,994:WARNING:c:\Users\laboratorio\Desktop\Nova Pasta\PyCaret\.venv\Lib\site-packages\sklearn\metrics\_classification.py:1561: UserWarning: Note that pos_label (set to 'Yes') is ignored when average != 'binary' (got 'weighted'). You may use labels=[pos_label] to specify a single positive class.
  warnings.warn(

2026-09-16 21:13:45,994:WARNING:c:\Users\laboratorio\Desktop\Nova Pasta\PyCaret\.venv\Lib\site-packages\sklearn\metrics\_classification.py:1561: UserWarning: Note that pos_label (set to 'Yes') is ignored when average != 'binary' (got 'weighted'). You may use labels=[pos_label] to specify a single positive class.
  warnings.warn(

2026-09-16 21:13:45,995:WARNING:c:\Users\laboratorio\Desktop\Nova Pasta\PyCaret\.venv\Lib\site-packages\sklearn\metrics\_classification.py:1561: UserWarning: Note that pos_label (set to 'Yes') is ignored when average != 'binary' (got 'weighted'). You may use labels=[pos_label] to specify a single positive class.
  warnings.warn(

2026-09-16 21:13:45,996:WARNING:c:\Users\laboratorio\Desktop\Nova Pasta\PyCaret\.venv\Lib\site-packages\sklearn\metrics\_classification.py:1509: UndefinedMetricWarning: Precision is ill-defined and being set to 0.0 in labels with no predicted samples. Use `zero_division` parameter to control this behavior.
  _warn_prf(average, modifier, f"{metric.capitalize()} is", len(result))

2026-09-16 21:13:45,996:WARNING:c:\Users\laboratorio\Desktop\Nova Pasta\PyCaret\.venv\Lib\site-packages\sklearn\metrics\_classification.py:1509: UndefinedMetricWarning: Precision is ill-defined and being set to 0.0 in labels with no predicted samples. Use `zero_division` parameter to control this behavior.
  _warn_prf(average, modifier, f"{metric.capitalize()} is", len(result))

2026-09-16 21:13:45,996:WARNING:c:\Users\laboratorio\Desktop\Nova Pasta\PyCaret\.venv\Lib\site-packages\sklearn\metrics\_classification.py:1561: UserWarning: Note that pos_label (set to 'Yes') is ignored when average != 'binary' (got 'weighted'). You may use labels=[pos_label] to specify a single positive class.
  warnings.warn(

2026-09-16 21:13:45,999:WARNING:c:\Users\laboratorio\Desktop\Nova Pasta\PyCaret\.venv\Lib\site-packages\sklearn\metrics\_classification.py:1561: UserWarning: Note that pos_label (set to 'Yes') is ignored when average != 'binary' (got 'weighted'). You may use labels=[pos_label] to specify a single positive class.
  warnings.warn(

2026-09-16 21:13:46,000:WARNING:c:\Users\laboratorio\Desktop\Nova Pasta\PyCaret\.venv\Lib\site-packages\sklearn\metrics\_classification.py:1561: UserWarning: Note that pos_label (set to 'Yes') is ignored when average != 'binary' (got 'weighted'). You may use labels=[pos_label] to specify a single positive class.
  warnings.warn(

2026-09-16 21:13:46,000:WARNING:c:\Users\laboratorio\Desktop\Nova Pasta\PyCaret\.venv\Lib\site-packages\sklearn\metrics\_classification.py:1509: UndefinedMetricWarning: Precision is ill-defined and being set to 0.0 in labels with no predicted samples. Use `zero_division` parameter to control this behavior.
  _warn_prf(average, modifier, f"{metric.capitalize()} is", len(result))

2026-09-16 21:13:46,001:WARNING:c:\Users\laboratorio\Desktop\Nova Pasta\PyCaret\.venv\Lib\site-packages\sklearn\metrics\_classification.py:1561: UserWarning: Note that pos_label (set to 'Yes') is ignored when average != 'binary' (got 'weighted'). You may use labels=[pos_label] to specify a single positive class.
  warnings.warn(

2026-09-16 21:13:46,002:WARNING:c:\Users\laboratorio\Desktop\Nova Pasta\PyCaret\.venv\Lib\site-packages\sklearn\metrics\_classification.py:1561: UserWarning: Note that pos_label (set to 'Yes') is ignored when average != 'binary' (got 'weighted'). You may use labels=[pos_label] to specify a single positive class.
  warnings.warn(

2026-09-16 21:13:46,003:WARNING:c:\Users\laboratorio\Desktop\Nova Pasta\PyCaret\.venv\Lib\site-packages\sklearn\metrics\_classification.py:1509: UndefinedMetricWarning: Precision is ill-defined and being set to 0.0 in labels with no predicted samples. Use `zero_division` parameter to control this behavior.
  _warn_prf(average, modifier, f"{metric.capitalize()} is", len(result))

2026-09-16 21:13:46,005:WARNING:c:\Users\laboratorio\Desktop\Nova Pasta\PyCaret\.venv\Lib\site-packages\sklearn\metrics\_classification.py:1561: UserWarning: Note that pos_label (set to 'Yes') is ignored when average != 'binary' (got 'weighted'). You may use labels=[pos_label] to specify a single positive class.
  warnings.warn(

2026-09-16 21:13:46,013:WARNING:c:\Users\laboratorio\Desktop\Nova Pasta\PyCaret\.venv\Lib\site-packages\sklearn\metrics\_classification.py:1561: UserWarning: Note that pos_label (set to 'Yes') is ignored when average != 'binary' (got 'weighted'). You may use labels=[pos_label] to specify a single positive class.
  warnings.warn(

2026-09-16 21:13:46,017:WARNING:c:\Users\laboratorio\Desktop\Nova Pasta\PyCaret\.venv\Lib\site-packages\sklearn\metrics\_classification.py:1561: UserWarning: Note that pos_label (set to 'Yes') is ignored when average != 'binary' (got 'weighted'). You may use labels=[pos_label] to specify a single positive class.
  warnings.warn(

2026-09-16 21:13:46,018:WARNING:c:\Users\laboratorio\Desktop\Nova Pasta\PyCaret\.venv\Lib\site-packages\sklearn\metrics\_classification.py:1509: UndefinedMetricWarning: Precision is ill-defined and being set to 0.0 in labels with no predicted samples. Use `zero_division` parameter to control this behavior.
  _warn_prf(average, modifier, f"{metric.capitalize()} is", len(result))

2026-09-16 21:13:46,019:WARNING:c:\Users\laboratorio\Desktop\Nova Pasta\PyCaret\.venv\Lib\site-packages\sklearn\metrics\_classification.py:1561: UserWarning: Note that pos_label (set to 'Yes') is ignored when average != 'binary' (got 'weighted'). You may use labels=[pos_label] to specify a single positive class.
  warnings.warn(

2026-09-16 21:13:46,020:WARNING:c:\Users\laboratorio\Desktop\Nova Pasta\PyCaret\.venv\Lib\site-packages\sklearn\metrics\_classification.py:1561: UserWarning: Note that pos_label (set to 'Yes') is ignored when average != 'binary' (got 'weighted'). You may use labels=[pos_label] to specify a single positive class.
  warnings.warn(

2026-09-16 21:13:46,022:WARNING:c:\Users\laboratorio\Desktop\Nova Pasta\PyCaret\.venv\Lib\site-packages\sklearn\metrics\_classification.py:1561: UserWarning: Note that pos_label (set to 'Yes') is ignored when average != 'binary' (got 'weighted'). You may use labels=[pos_label] to specify a single positive class.
  warnings.warn(

2026-09-16 21:13:46,022:WARNING:c:\Users\laboratorio\Desktop\Nova Pasta\PyCaret\.venv\Lib\site-packages\sklearn\metrics\_classification.py:1509: UndefinedMetricWarning: Precision is ill-defined and being set to 0.0 in labels with no predicted samples. Use `zero_division` parameter to control this behavior.
  _warn_prf(average, modifier, f"{metric.capitalize()} is", len(result))

2026-09-16 21:13:46,022:WARNING:c:\Users\laboratorio\Desktop\Nova Pasta\PyCaret\.venv\Lib\site-packages\sklearn\metrics\_classification.py:1561: UserWarning: Note that pos_label (set to 'Yes') is ignored when average != 'binary' (got 'weighted'). You may use labels=[pos_label] to specify a single positive class.
  warnings.warn(

2026-09-16 21:13:46,038:INFO:Calculating mean and std
2026-09-16 21:13:46,039:INFO:Creating metrics dataframe
2026-09-16 21:13:46,040:INFO:Uploading results into container
2026-09-16 21:13:46,040:INFO:Uploading model into container now
2026-09-16 21:13:46,041:INFO:_master_model_container: 10
2026-09-16 21:13:46,041:INFO:_display_container: 2
2026-09-16 21:13:46,041:INFO:GradientBoostingClassifier(ccp_alpha=0.0, criterion='friedman_mse', init=None,
                           learning_rate=0.1, loss='log_loss', max_depth=3,
                           max_features=None, max_leaf_nodes=None,
                           min_impurity_decrease=0.0, min_samples_leaf=1,
                           min_samples_split=2, min_weight_fraction_leaf=0.0,
                           n_estimators=100, n_iter_no_change=None,
                           random_state=123, subsample=1.0, tol=0.0001,
                           validation_fraction=0.1, verbose=0,
                           warm_start=False)
2026-09-16 21:13:46,041:INFO:create_model() successfully completed......................................
2026-09-16 21:13:46,102:INFO:SubProcess create_model() end ==================================
2026-09-16 21:13:46,102:INFO:Creating metrics dataframe
2026-09-16 21:13:46,107:INFO:Initializing Linear Discriminant Analysis
2026-09-16 21:13:46,107:INFO:Total runtime is 0.286416749159495 minutes
2026-09-16 21:13:46,110:INFO:SubProcess create_model() called ==================================
2026-09-16 21:13:46,110:INFO:Initializing create_model()
2026-09-16 21:13:46,110:INFO:create_model(self=<pycaret.classification.oop.ClassificationExperiment object at 0x00000287133624D0>, estimator=lda, fold=StratifiedKFold(n_splits=10, random_state=None, shuffle=False), round=4, cross_validation=True, predict=True, fit_kwargs={}, groups=None, refit=False, probability_threshold=None, experiment_custom_tags=None, verbose=False, system=False, add_to_model_list=True, metrics=None, display=<pycaret.internal.display.display.CommonDisplay object at 0x00000287147BD210>, model_only=True, return_train_score=False, error_score=0.0, kwargs={})
2026-09-16 21:13:46,110:INFO:Checking exceptions
2026-09-16 21:13:46,110:INFO:Importing libraries
2026-09-16 21:13:46,110:INFO:Copying training dataset
2026-09-16 21:13:46,113:INFO:Defining folds
2026-09-16 21:13:46,113:INFO:Declaring metric variables
2026-09-16 21:13:46,114:INFO:Importing untrained model
2026-09-16 21:13:46,116:INFO:Linear Discriminant Analysis Imported successfully
2026-09-16 21:13:46,118:INFO:Starting cross validation
2026-09-16 21:13:46,120:INFO:Cross validating with StratifiedKFold(n_splits=10, random_state=None, shuffle=False), n_jobs=-1
2026-09-16 21:13:46,645:WARNING:c:\Users\laboratorio\Desktop\Nova Pasta\PyCaret\.venv\Lib\site-packages\sklearn\metrics\_classification.py:1561: UserWarning: Note that pos_label (set to 'Yes') is ignored when average != 'binary' (got 'weighted'). You may use labels=[pos_label] to specify a single positive class.
  warnings.warn(

2026-09-16 21:13:46,646:WARNING:c:\Users\laboratorio\Desktop\Nova Pasta\PyCaret\.venv\Lib\site-packages\sklearn\metrics\_classification.py:1561: UserWarning: Note that pos_label (set to 'Yes') is ignored when average != 'binary' (got 'weighted'). You may use labels=[pos_label] to specify a single positive class.
  warnings.warn(

2026-09-16 21:13:46,650:WARNING:c:\Users\laboratorio\Desktop\Nova Pasta\PyCaret\.venv\Lib\site-packages\sklearn\metrics\_classification.py:1561: UserWarning: Note that pos_label (set to 'Yes') is ignored when average != 'binary' (got 'weighted'). You may use labels=[pos_label] to specify a single positive class.
  warnings.warn(

2026-09-16 21:13:46,651:WARNING:c:\Users\laboratorio\Desktop\Nova Pasta\PyCaret\.venv\Lib\site-packages\sklearn\metrics\_classification.py:1561: UserWarning: Note that pos_label (set to 'Yes') is ignored when average != 'binary' (got 'weighted'). You may use labels=[pos_label] to specify a single positive class.
  warnings.warn(

2026-09-16 21:13:46,653:WARNING:c:\Users\laboratorio\Desktop\Nova Pasta\PyCaret\.venv\Lib\site-packages\sklearn\metrics\_classification.py:1509: UndefinedMetricWarning: Precision is ill-defined and being set to 0.0 in labels with no predicted samples. Use `zero_division` parameter to control this behavior.
  _warn_prf(average, modifier, f"{metric.capitalize()} is", len(result))

2026-09-16 21:13:46,654:WARNING:c:\Users\laboratorio\Desktop\Nova Pasta\PyCaret\.venv\Lib\site-packages\sklearn\metrics\_classification.py:1509: UndefinedMetricWarning: Precision is ill-defined and being set to 0.0 in labels with no predicted samples. Use `zero_division` parameter to control this behavior.
  _warn_prf(average, modifier, f"{metric.capitalize()} is", len(result))

2026-09-16 21:13:46,654:WARNING:c:\Users\laboratorio\Desktop\Nova Pasta\PyCaret\.venv\Lib\site-packages\sklearn\metrics\_classification.py:1561: UserWarning: Note that pos_label (set to 'Yes') is ignored when average != 'binary' (got 'weighted'). You may use labels=[pos_label] to specify a single positive class.
  warnings.warn(

2026-09-16 21:13:46,656:WARNING:c:\Users\laboratorio\Desktop\Nova Pasta\PyCaret\.venv\Lib\site-packages\sklearn\metrics\_classification.py:1561: UserWarning: Note that pos_label (set to 'Yes') is ignored when average != 'binary' (got 'weighted'). You may use labels=[pos_label] to specify a single positive class.
  warnings.warn(

2026-09-16 21:13:46,657:WARNING:c:\Users\laboratorio\Desktop\Nova Pasta\PyCaret\.venv\Lib\site-packages\sklearn\metrics\_classification.py:1561: UserWarning: Note that pos_label (set to 'Yes') is ignored when average != 'binary' (got 'weighted'). You may use labels=[pos_label] to specify a single positive class.
  warnings.warn(

2026-09-16 21:13:46,662:WARNING:c:\Users\laboratorio\Desktop\Nova Pasta\PyCaret\.venv\Lib\site-packages\sklearn\metrics\_classification.py:1561: UserWarning: Note that pos_label (set to 'Yes') is ignored when average != 'binary' (got 'weighted'). You may use labels=[pos_label] to specify a single positive class.
  warnings.warn(

2026-09-16 21:13:46,662:WARNING:c:\Users\laboratorio\Desktop\Nova Pasta\PyCaret\.venv\Lib\site-packages\sklearn\metrics\_classification.py:1561: UserWarning: Note that pos_label (set to 'Yes') is ignored when average != 'binary' (got 'weighted'). You may use labels=[pos_label] to specify a single positive class.
  warnings.warn(

2026-09-16 21:13:46,667:WARNING:c:\Users\laboratorio\Desktop\Nova Pasta\PyCaret\.venv\Lib\site-packages\sklearn\metrics\_classification.py:1509: UndefinedMetricWarning: Precision is ill-defined and being set to 0.0 in labels with no predicted samples. Use `zero_division` parameter to control this behavior.
  _warn_prf(average, modifier, f"{metric.capitalize()} is", len(result))

2026-09-16 21:13:46,668:WARNING:c:\Users\laboratorio\Desktop\Nova Pasta\PyCaret\.venv\Lib\site-packages\sklearn\metrics\_classification.py:1561: UserWarning: Note that pos_label (set to 'Yes') is ignored when average != 'binary' (got 'weighted'). You may use labels=[pos_label] to specify a single positive class.
  warnings.warn(

2026-09-16 21:13:46,668:WARNING:c:\Users\laboratorio\Desktop\Nova Pasta\PyCaret\.venv\Lib\site-packages\sklearn\metrics\_classification.py:1561: UserWarning: Note that pos_label (set to 'Yes') is ignored when average != 'binary' (got 'weighted'). You may use labels=[pos_label] to specify a single positive class.
  warnings.warn(

2026-09-16 21:13:46,670:WARNING:c:\Users\laboratorio\Desktop\Nova Pasta\PyCaret\.venv\Lib\site-packages\sklearn\metrics\_classification.py:1509: UndefinedMetricWarning: Precision is ill-defined and being set to 0.0 in labels with no predicted samples. Use `zero_division` parameter to control this behavior.
  _warn_prf(average, modifier, f"{metric.capitalize()} is", len(result))

2026-09-16 21:13:46,671:WARNING:c:\Users\laboratorio\Desktop\Nova Pasta\PyCaret\.venv\Lib\site-packages\sklearn\metrics\_classification.py:1561: UserWarning: Note that pos_label (set to 'Yes') is ignored when average != 'binary' (got 'weighted'). You may use labels=[pos_label] to specify a single positive class.
  warnings.warn(

2026-09-16 21:13:46,671:WARNING:c:\Users\laboratorio\Desktop\Nova Pasta\PyCaret\.venv\Lib\site-packages\sklearn\metrics\_classification.py:1561: UserWarning: Note that pos_label (set to 'Yes') is ignored when average != 'binary' (got 'weighted'). You may use labels=[pos_label] to specify a single positive class.
  warnings.warn(

2026-09-16 21:13:46,672:WARNING:c:\Users\laboratorio\Desktop\Nova Pasta\PyCaret\.venv\Lib\site-packages\sklearn\metrics\_classification.py:1561: UserWarning: Note that pos_label (set to 'Yes') is ignored when average != 'binary' (got 'weighted'). You may use labels=[pos_label] to specify a single positive class.
  warnings.warn(

2026-09-16 21:13:46,673:WARNING:c:\Users\laboratorio\Desktop\Nova Pasta\PyCaret\.venv\Lib\site-packages\sklearn\metrics\_classification.py:1561: UserWarning: Note that pos_label (set to 'Yes') is ignored when average != 'binary' (got 'weighted'). You may use labels=[pos_label] to specify a single positive class.
  warnings.warn(

2026-09-16 21:13:46,675:WARNING:c:\Users\laboratorio\Desktop\Nova Pasta\PyCaret\.venv\Lib\site-packages\sklearn\metrics\_classification.py:1509: UndefinedMetricWarning: Precision is ill-defined and being set to 0.0 in labels with no predicted samples. Use `zero_division` parameter to control this behavior.
  _warn_prf(average, modifier, f"{metric.capitalize()} is", len(result))

2026-09-16 21:13:46,677:WARNING:c:\Users\laboratorio\Desktop\Nova Pasta\PyCaret\.venv\Lib\site-packages\sklearn\metrics\_classification.py:1561: UserWarning: Note that pos_label (set to 'Yes') is ignored when average != 'binary' (got 'weighted'). You may use labels=[pos_label] to specify a single positive class.
  warnings.warn(

2026-09-16 21:13:46,679:WARNING:c:\Users\laboratorio\Desktop\Nova Pasta\PyCaret\.venv\Lib\site-packages\sklearn\metrics\_classification.py:1561: UserWarning: Note that pos_label (set to 'Yes') is ignored when average != 'binary' (got 'weighted'). You may use labels=[pos_label] to specify a single positive class.
  warnings.warn(

2026-09-16 21:13:46,682:WARNING:c:\Users\laboratorio\Desktop\Nova Pasta\PyCaret\.venv\Lib\site-packages\sklearn\metrics\_classification.py:1509: UndefinedMetricWarning: Precision is ill-defined and being set to 0.0 in labels with no predicted samples. Use `zero_division` parameter to control this behavior.
  _warn_prf(average, modifier, f"{metric.capitalize()} is", len(result))

2026-09-16 21:13:46,684:WARNING:c:\Users\laboratorio\Desktop\Nova Pasta\PyCaret\.venv\Lib\site-packages\sklearn\metrics\_classification.py:1561: UserWarning: Note that pos_label (set to 'Yes') is ignored when average != 'binary' (got 'weighted'). You may use labels=[pos_label] to specify a single positive class.
  warnings.warn(

2026-09-16 21:13:46,687:WARNING:c:\Users\laboratorio\Desktop\Nova Pasta\PyCaret\.venv\Lib\site-packages\sklearn\metrics\_classification.py:1561: UserWarning: Note that pos_label (set to 'Yes') is ignored when average != 'binary' (got 'weighted'). You may use labels=[pos_label] to specify a single positive class.
  warnings.warn(

2026-09-16 21:13:46,691:WARNING:c:\Users\laboratorio\Desktop\Nova Pasta\PyCaret\.venv\Lib\site-packages\sklearn\metrics\_classification.py:1561: UserWarning: Note that pos_label (set to 'Yes') is ignored when average != 'binary' (got 'weighted'). You may use labels=[pos_label] to specify a single positive class.
  warnings.warn(

2026-09-16 21:13:46,693:WARNING:c:\Users\laboratorio\Desktop\Nova Pasta\PyCaret\.venv\Lib\site-packages\sklearn\metrics\_classification.py:1509: UndefinedMetricWarning: Precision is ill-defined and being set to 0.0 in labels with no predicted samples. Use `zero_division` parameter to control this behavior.
  _warn_prf(average, modifier, f"{metric.capitalize()} is", len(result))

2026-09-16 21:13:46,694:WARNING:c:\Users\laboratorio\Desktop\Nova Pasta\PyCaret\.venv\Lib\site-packages\sklearn\metrics\_classification.py:1561: UserWarning: Note that pos_label (set to 'Yes') is ignored when average != 'binary' (got 'weighted'). You may use labels=[pos_label] to specify a single positive class.
  warnings.warn(

2026-09-16 21:13:46,695:WARNING:c:\Users\laboratorio\Desktop\Nova Pasta\PyCaret\.venv\Lib\site-packages\sklearn\metrics\_classification.py:1561: UserWarning: Note that pos_label (set to 'Yes') is ignored when average != 'binary' (got 'weighted'). You may use labels=[pos_label] to specify a single positive class.
  warnings.warn(

2026-09-16 21:13:46,697:WARNING:c:\Users\laboratorio\Desktop\Nova Pasta\PyCaret\.venv\Lib\site-packages\sklearn\metrics\_classification.py:1561: UserWarning: Note that pos_label (set to 'Yes') is ignored when average != 'binary' (got 'weighted'). You may use labels=[pos_label] to specify a single positive class.
  warnings.warn(

2026-09-16 21:13:46,697:WARNING:c:\Users\laboratorio\Desktop\Nova Pasta\PyCaret\.venv\Lib\site-packages\sklearn\metrics\_classification.py:1509: UndefinedMetricWarning: Precision is ill-defined and being set to 0.0 in labels with no predicted samples. Use `zero_division` parameter to control this behavior.
  _warn_prf(average, modifier, f"{metric.capitalize()} is", len(result))

2026-09-16 21:13:46,697:WARNING:c:\Users\laboratorio\Desktop\Nova Pasta\PyCaret\.venv\Lib\site-packages\sklearn\metrics\_classification.py:1561: UserWarning: Note that pos_label (set to 'Yes') is ignored when average != 'binary' (got 'weighted'). You may use labels=[pos_label] to specify a single positive class.
  warnings.warn(

2026-09-16 21:13:46,705:WARNING:c:\Users\laboratorio\Desktop\Nova Pasta\PyCaret\.venv\Lib\site-packages\sklearn\metrics\_classification.py:1561: UserWarning: Note that pos_label (set to 'Yes') is ignored when average != 'binary' (got 'weighted'). You may use labels=[pos_label] to specify a single positive class.
  warnings.warn(

2026-09-16 21:13:46,709:WARNING:c:\Users\laboratorio\Desktop\Nova Pasta\PyCaret\.venv\Lib\site-packages\sklearn\metrics\_classification.py:1561: UserWarning: Note that pos_label (set to 'Yes') is ignored when average != 'binary' (got 'weighted'). You may use labels=[pos_label] to specify a single positive class.
  warnings.warn(

2026-09-16 21:13:46,712:WARNING:c:\Users\laboratorio\Desktop\Nova Pasta\PyCaret\.venv\Lib\site-packages\sklearn\metrics\_classification.py:1509: UndefinedMetricWarning: Precision is ill-defined and being set to 0.0 in labels with no predicted samples. Use `zero_division` parameter to control this behavior.
  _warn_prf(average, modifier, f"{metric.capitalize()} is", len(result))

2026-09-16 21:13:46,712:WARNING:c:\Users\laboratorio\Desktop\Nova Pasta\PyCaret\.venv\Lib\site-packages\sklearn\metrics\_classification.py:1561: UserWarning: Note that pos_label (set to 'Yes') is ignored when average != 'binary' (got 'weighted'). You may use labels=[pos_label] to specify a single positive class.
  warnings.warn(

2026-09-16 21:13:46,712:WARNING:c:\Users\laboratorio\Desktop\Nova Pasta\PyCaret\.venv\Lib\site-packages\sklearn\metrics\_classification.py:1561: UserWarning: Note that pos_label (set to 'Yes') is ignored when average != 'binary' (got 'weighted'). You may use labels=[pos_label] to specify a single positive class.
  warnings.warn(

2026-09-16 21:13:46,712:WARNING:c:\Users\laboratorio\Desktop\Nova Pasta\PyCaret\.venv\Lib\site-packages\sklearn\metrics\_classification.py:1561: UserWarning: Note that pos_label (set to 'Yes') is ignored when average != 'binary' (got 'weighted'). You may use labels=[pos_label] to specify a single positive class.
  warnings.warn(

2026-09-16 21:13:46,717:WARNING:c:\Users\laboratorio\Desktop\Nova Pasta\PyCaret\.venv\Lib\site-packages\sklearn\metrics\_classification.py:1509: UndefinedMetricWarning: Precision is ill-defined and being set to 0.0 in labels with no predicted samples. Use `zero_division` parameter to control this behavior.
  _warn_prf(average, modifier, f"{metric.capitalize()} is", len(result))

2026-09-16 21:13:46,721:WARNING:c:\Users\laboratorio\Desktop\Nova Pasta\PyCaret\.venv\Lib\site-packages\sklearn\metrics\_classification.py:1561: UserWarning: Note that pos_label (set to 'Yes') is ignored when average != 'binary' (got 'weighted'). You may use labels=[pos_label] to specify a single positive class.
  warnings.warn(

2026-09-16 21:13:46,728:INFO:Calculating mean and std
2026-09-16 21:13:46,728:INFO:Creating metrics dataframe
2026-09-16 21:13:46,728:INFO:Uploading results into container
2026-09-16 21:13:46,728:INFO:Uploading model into container now
2026-09-16 21:13:46,728:INFO:_master_model_container: 11
2026-09-16 21:13:46,728:INFO:_display_container: 2
2026-09-16 21:13:46,728:INFO:LinearDiscriminantAnalysis(covariance_estimator=None, n_components=None,
                           priors=None, shrinkage=None, solver='svd',
                           store_covariance=False, tol=0.0001)
2026-09-16 21:13:46,728:INFO:create_model() successfully completed......................................
2026-09-16 21:13:46,790:INFO:SubProcess create_model() end ==================================
2026-09-16 21:13:46,790:INFO:Creating metrics dataframe
2026-09-16 21:13:46,794:INFO:Initializing Extra Trees Classifier
2026-09-16 21:13:46,794:INFO:Total runtime is 0.2978559732437133 minutes
2026-09-16 21:13:46,795:INFO:SubProcess create_model() called ==================================
2026-09-16 21:13:46,795:INFO:Initializing create_model()
2026-09-16 21:13:46,795:INFO:create_model(self=<pycaret.classification.oop.ClassificationExperiment object at 0x00000287133624D0>, estimator=et, fold=StratifiedKFold(n_splits=10, random_state=None, shuffle=False), round=4, cross_validation=True, predict=True, fit_kwargs={}, groups=None, refit=False, probability_threshold=None, experiment_custom_tags=None, verbose=False, system=False, add_to_model_list=True, metrics=None, display=<pycaret.internal.display.display.CommonDisplay object at 0x00000287147BD210>, model_only=True, return_train_score=False, error_score=0.0, kwargs={})
2026-09-16 21:13:46,795:INFO:Checking exceptions
2026-09-16 21:13:46,795:INFO:Importing libraries
2026-09-16 21:13:46,795:INFO:Copying training dataset
2026-09-16 21:13:46,795:INFO:Defining folds
2026-09-16 21:13:46,795:INFO:Declaring metric variables
2026-09-16 21:13:46,795:INFO:Importing untrained model
2026-09-16 21:13:46,795:INFO:Extra Trees Classifier Imported successfully
2026-09-16 21:13:46,805:INFO:Starting cross validation
2026-09-16 21:13:46,806:INFO:Cross validating with StratifiedKFold(n_splits=10, random_state=None, shuffle=False), n_jobs=-1
2026-09-16 21:13:47,684:WARNING:c:\Users\laboratorio\Desktop\Nova Pasta\PyCaret\.venv\Lib\site-packages\sklearn\metrics\_classification.py:1561: UserWarning: Note that pos_label (set to 'Yes') is ignored when average != 'binary' (got 'weighted'). You may use labels=[pos_label] to specify a single positive class.
  warnings.warn(

2026-09-16 21:13:47,689:WARNING:c:\Users\laboratorio\Desktop\Nova Pasta\PyCaret\.venv\Lib\site-packages\sklearn\metrics\_classification.py:1561: UserWarning: Note that pos_label (set to 'Yes') is ignored when average != 'binary' (got 'weighted'). You may use labels=[pos_label] to specify a single positive class.
  warnings.warn(

2026-09-16 21:13:47,692:WARNING:c:\Users\laboratorio\Desktop\Nova Pasta\PyCaret\.venv\Lib\site-packages\sklearn\metrics\_classification.py:1561: UserWarning: Note that pos_label (set to 'Yes') is ignored when average != 'binary' (got 'weighted'). You may use labels=[pos_label] to specify a single positive class.
  warnings.warn(

2026-09-16 21:13:47,694:WARNING:c:\Users\laboratorio\Desktop\Nova Pasta\PyCaret\.venv\Lib\site-packages\sklearn\metrics\_classification.py:1561: UserWarning: Note that pos_label (set to 'Yes') is ignored when average != 'binary' (got 'weighted'). You may use labels=[pos_label] to specify a single positive class.
  warnings.warn(

2026-09-16 21:13:47,697:WARNING:c:\Users\laboratorio\Desktop\Nova Pasta\PyCaret\.venv\Lib\site-packages\sklearn\metrics\_classification.py:1561: UserWarning: Note that pos_label (set to 'Yes') is ignored when average != 'binary' (got 'weighted'). You may use labels=[pos_label] to specify a single positive class.
  warnings.warn(

2026-09-16 21:13:47,697:WARNING:c:\Users\laboratorio\Desktop\Nova Pasta\PyCaret\.venv\Lib\site-packages\sklearn\metrics\_classification.py:1561: UserWarning: Note that pos_label (set to 'Yes') is ignored when average != 'binary' (got 'weighted'). You may use labels=[pos_label] to specify a single positive class.
  warnings.warn(

2026-09-16 21:13:47,698:WARNING:c:\Users\laboratorio\Desktop\Nova Pasta\PyCaret\.venv\Lib\site-packages\sklearn\metrics\_classification.py:1561: UserWarning: Note that pos_label (set to 'Yes') is ignored when average != 'binary' (got 'weighted'). You may use labels=[pos_label] to specify a single positive class.
  warnings.warn(

2026-09-16 21:13:47,699:WARNING:c:\Users\laboratorio\Desktop\Nova Pasta\PyCaret\.venv\Lib\site-packages\sklearn\metrics\_classification.py:1561: UserWarning: Note that pos_label (set to 'Yes') is ignored when average != 'binary' (got 'weighted'). You may use labels=[pos_label] to specify a single positive class.
  warnings.warn(

2026-09-16 21:13:47,703:WARNING:c:\Users\laboratorio\Desktop\Nova Pasta\PyCaret\.venv\Lib\site-packages\sklearn\metrics\_classification.py:1561: UserWarning: Note that pos_label (set to 'Yes') is ignored when average != 'binary' (got 'weighted'). You may use labels=[pos_label] to specify a single positive class.
  warnings.warn(

2026-09-16 21:13:47,703:WARNING:c:\Users\laboratorio\Desktop\Nova Pasta\PyCaret\.venv\Lib\site-packages\sklearn\metrics\_classification.py:1561: UserWarning: Note that pos_label (set to 'Yes') is ignored when average != 'binary' (got 'weighted'). You may use labels=[pos_label] to specify a single positive class.
  warnings.warn(

2026-09-16 21:13:47,708:WARNING:c:\Users\laboratorio\Desktop\Nova Pasta\PyCaret\.venv\Lib\site-packages\sklearn\metrics\_classification.py:1561: UserWarning: Note that pos_label (set to 'Yes') is ignored when average != 'binary' (got 'weighted'). You may use labels=[pos_label] to specify a single positive class.
  warnings.warn(

2026-09-16 21:13:47,708:WARNING:c:\Users\laboratorio\Desktop\Nova Pasta\PyCaret\.venv\Lib\site-packages\sklearn\metrics\_classification.py:1561: UserWarning: Note that pos_label (set to 'Yes') is ignored when average != 'binary' (got 'weighted'). You may use labels=[pos_label] to specify a single positive class.
  warnings.warn(

2026-09-16 21:13:47,713:WARNING:c:\Users\laboratorio\Desktop\Nova Pasta\PyCaret\.venv\Lib\site-packages\sklearn\metrics\_classification.py:1561: UserWarning: Note that pos_label (set to 'Yes') is ignored when average != 'binary' (got 'weighted'). You may use labels=[pos_label] to specify a single positive class.
  warnings.warn(

2026-09-16 21:13:47,713:WARNING:c:\Users\laboratorio\Desktop\Nova Pasta\PyCaret\.venv\Lib\site-packages\sklearn\metrics\_classification.py:1561: UserWarning: Note that pos_label (set to 'Yes') is ignored when average != 'binary' (got 'weighted'). You may use labels=[pos_label] to specify a single positive class.
  warnings.warn(

2026-09-16 21:13:47,718:WARNING:c:\Users\laboratorio\Desktop\Nova Pasta\PyCaret\.venv\Lib\site-packages\sklearn\metrics\_classification.py:1561: UserWarning: Note that pos_label (set to 'Yes') is ignored when average != 'binary' (got 'weighted'). You may use labels=[pos_label] to specify a single positive class.
  warnings.warn(

2026-09-16 21:13:47,718:WARNING:c:\Users\laboratorio\Desktop\Nova Pasta\PyCaret\.venv\Lib\site-packages\sklearn\metrics\_classification.py:1561: UserWarning: Note that pos_label (set to 'Yes') is ignored when average != 'binary' (got 'weighted'). You may use labels=[pos_label] to specify a single positive class.
  warnings.warn(

2026-09-16 21:13:47,724:WARNING:c:\Users\laboratorio\Desktop\Nova Pasta\PyCaret\.venv\Lib\site-packages\sklearn\metrics\_classification.py:1561: UserWarning: Note that pos_label (set to 'Yes') is ignored when average != 'binary' (got 'weighted'). You may use labels=[pos_label] to specify a single positive class.
  warnings.warn(

2026-09-16 21:13:47,724:WARNING:c:\Users\laboratorio\Desktop\Nova Pasta\PyCaret\.venv\Lib\site-packages\sklearn\metrics\_classification.py:1561: UserWarning: Note that pos_label (set to 'Yes') is ignored when average != 'binary' (got 'weighted'). You may use labels=[pos_label] to specify a single positive class.
  warnings.warn(

2026-09-16 21:13:47,734:WARNING:c:\Users\laboratorio\Desktop\Nova Pasta\PyCaret\.venv\Lib\site-packages\sklearn\metrics\_classification.py:1561: UserWarning: Note that pos_label (set to 'Yes') is ignored when average != 'binary' (got 'weighted'). You may use labels=[pos_label] to specify a single positive class.
  warnings.warn(

2026-09-16 21:13:47,736:WARNING:c:\Users\laboratorio\Desktop\Nova Pasta\PyCaret\.venv\Lib\site-packages\sklearn\metrics\_classification.py:1561: UserWarning: Note that pos_label (set to 'Yes') is ignored when average != 'binary' (got 'weighted'). You may use labels=[pos_label] to specify a single positive class.
  warnings.warn(

2026-09-16 21:13:47,739:WARNING:c:\Users\laboratorio\Desktop\Nova Pasta\PyCaret\.venv\Lib\site-packages\sklearn\metrics\_classification.py:1561: UserWarning: Note that pos_label (set to 'Yes') is ignored when average != 'binary' (got 'weighted'). You may use labels=[pos_label] to specify a single positive class.
  warnings.warn(

2026-09-16 21:13:47,741:WARNING:c:\Users\laboratorio\Desktop\Nova Pasta\PyCaret\.venv\Lib\site-packages\sklearn\metrics\_classification.py:1561: UserWarning: Note that pos_label (set to 'Yes') is ignored when average != 'binary' (got 'weighted'). You may use labels=[pos_label] to specify a single positive class.
  warnings.warn(

2026-09-16 21:13:47,741:WARNING:c:\Users\laboratorio\Desktop\Nova Pasta\PyCaret\.venv\Lib\site-packages\sklearn\metrics\_classification.py:1509: UndefinedMetricWarning: Precision is ill-defined and being set to 0.0 in labels with no predicted samples. Use `zero_division` parameter to control this behavior.
  _warn_prf(average, modifier, f"{metric.capitalize()} is", len(result))

2026-09-16 21:13:47,744:WARNING:c:\Users\laboratorio\Desktop\Nova Pasta\PyCaret\.venv\Lib\site-packages\sklearn\metrics\_classification.py:1561: UserWarning: Note that pos_label (set to 'Yes') is ignored when average != 'binary' (got 'weighted'). You may use labels=[pos_label] to specify a single positive class.
  warnings.warn(

2026-09-16 21:13:47,746:WARNING:c:\Users\laboratorio\Desktop\Nova Pasta\PyCaret\.venv\Lib\site-packages\sklearn\metrics\_classification.py:1561: UserWarning: Note that pos_label (set to 'Yes') is ignored when average != 'binary' (got 'weighted'). You may use labels=[pos_label] to specify a single positive class.
  warnings.warn(

2026-09-16 21:13:47,760:WARNING:c:\Users\laboratorio\Desktop\Nova Pasta\PyCaret\.venv\Lib\site-packages\sklearn\metrics\_classification.py:1561: UserWarning: Note that pos_label (set to 'Yes') is ignored when average != 'binary' (got 'weighted'). You may use labels=[pos_label] to specify a single positive class.
  warnings.warn(

2026-09-16 21:13:47,764:WARNING:c:\Users\laboratorio\Desktop\Nova Pasta\PyCaret\.venv\Lib\site-packages\sklearn\metrics\_classification.py:1561: UserWarning: Note that pos_label (set to 'Yes') is ignored when average != 'binary' (got 'weighted'). You may use labels=[pos_label] to specify a single positive class.
  warnings.warn(

2026-09-16 21:13:47,769:WARNING:c:\Users\laboratorio\Desktop\Nova Pasta\PyCaret\.venv\Lib\site-packages\sklearn\metrics\_classification.py:1561: UserWarning: Note that pos_label (set to 'Yes') is ignored when average != 'binary' (got 'weighted'). You may use labels=[pos_label] to specify a single positive class.
  warnings.warn(

2026-09-16 21:13:47,831:WARNING:c:\Users\laboratorio\Desktop\Nova Pasta\PyCaret\.venv\Lib\site-packages\sklearn\metrics\_classification.py:1561: UserWarning: Note that pos_label (set to 'Yes') is ignored when average != 'binary' (got 'weighted'). You may use labels=[pos_label] to specify a single positive class.
  warnings.warn(

2026-09-16 21:13:47,837:WARNING:c:\Users\laboratorio\Desktop\Nova Pasta\PyCaret\.venv\Lib\site-packages\sklearn\metrics\_classification.py:1561: UserWarning: Note that pos_label (set to 'Yes') is ignored when average != 'binary' (got 'weighted'). You may use labels=[pos_label] to specify a single positive class.
  warnings.warn(

2026-09-16 21:13:47,841:WARNING:c:\Users\laboratorio\Desktop\Nova Pasta\PyCaret\.venv\Lib\site-packages\sklearn\metrics\_classification.py:1561: UserWarning: Note that pos_label (set to 'Yes') is ignored when average != 'binary' (got 'weighted'). You may use labels=[pos_label] to specify a single positive class.
  warnings.warn(

2026-09-16 21:13:47,858:INFO:Calculating mean and std
2026-09-16 21:13:47,858:INFO:Creating metrics dataframe
2026-09-16 21:13:47,860:INFO:Uploading results into container
2026-09-16 21:13:47,860:INFO:Uploading model into container now
2026-09-16 21:13:47,860:INFO:_master_model_container: 12
2026-09-16 21:13:47,861:INFO:_display_container: 2
2026-09-16 21:13:47,861:INFO:ExtraTreesClassifier(bootstrap=False, ccp_alpha=0.0, class_weight=None,
                     criterion='gini', max_depth=None, max_features='sqrt',
                     max_leaf_nodes=None, max_samples=None,
                     min_impurity_decrease=0.0, min_samples_leaf=1,
                     min_samples_split=2, min_weight_fraction_leaf=0.0,
                     monotonic_cst=None, n_estimators=100, n_jobs=-1,
                     oob_score=False, random_state=123, verbose=0,
                     warm_start=False)
2026-09-16 21:13:47,861:INFO:create_model() successfully completed......................................
2026-09-16 21:13:47,918:INFO:SubProcess create_model() end ==================================
2026-09-16 21:13:47,918:INFO:Creating metrics dataframe
2026-09-16 21:13:47,923:INFO:Initializing Light Gradient Boosting Machine
2026-09-16 21:13:47,923:INFO:Total runtime is 0.3166754245758056 minutes
2026-09-16 21:13:47,925:INFO:SubProcess create_model() called ==================================
2026-09-16 21:13:47,925:INFO:Initializing create_model()
2026-09-16 21:13:47,925:INFO:create_model(self=<pycaret.classification.oop.ClassificationExperiment object at 0x00000287133624D0>, estimator=lightgbm, fold=StratifiedKFold(n_splits=10, random_state=None, shuffle=False), round=4, cross_validation=True, predict=True, fit_kwargs={}, groups=None, refit=False, probability_threshold=None, experiment_custom_tags=None, verbose=False, system=False, add_to_model_list=True, metrics=None, display=<pycaret.internal.display.display.CommonDisplay object at 0x00000287147BD210>, model_only=True, return_train_score=False, error_score=0.0, kwargs={})
2026-09-16 21:13:47,925:INFO:Checking exceptions
2026-09-16 21:13:47,925:INFO:Importing libraries
2026-09-16 21:13:47,925:INFO:Copying training dataset
2026-09-16 21:13:47,928:INFO:Defining folds
2026-09-16 21:13:47,929:INFO:Declaring metric variables
2026-09-16 21:13:47,930:INFO:Importing untrained model
2026-09-16 21:13:47,932:INFO:Light Gradient Boosting Machine Imported successfully
2026-09-16 21:13:47,934:INFO:Starting cross validation
2026-09-16 21:13:47,936:INFO:Cross validating with StratifiedKFold(n_splits=10, random_state=None, shuffle=False), n_jobs=-1
2026-09-16 21:13:49,049:WARNING:c:\Users\laboratorio\Desktop\Nova Pasta\PyCaret\.venv\Lib\site-packages\sklearn\metrics\_classification.py:1561: UserWarning: Note that pos_label (set to 'Yes') is ignored when average != 'binary' (got 'weighted'). You may use labels=[pos_label] to specify a single positive class.
  warnings.warn(

2026-09-16 21:13:49,052:WARNING:c:\Users\laboratorio\Desktop\Nova Pasta\PyCaret\.venv\Lib\site-packages\sklearn\metrics\_classification.py:1561: UserWarning: Note that pos_label (set to 'Yes') is ignored when average != 'binary' (got 'weighted'). You may use labels=[pos_label] to specify a single positive class.
  warnings.warn(

2026-09-16 21:13:49,053:WARNING:c:\Users\laboratorio\Desktop\Nova Pasta\PyCaret\.venv\Lib\site-packages\sklearn\metrics\_classification.py:1561: UserWarning: Note that pos_label (set to 'Yes') is ignored when average != 'binary' (got 'weighted'). You may use labels=[pos_label] to specify a single positive class.
  warnings.warn(

2026-09-16 21:13:49,056:WARNING:c:\Users\laboratorio\Desktop\Nova Pasta\PyCaret\.venv\Lib\site-packages\sklearn\metrics\_classification.py:1561: UserWarning: Note that pos_label (set to 'Yes') is ignored when average != 'binary' (got 'weighted'). You may use labels=[pos_label] to specify a single positive class.
  warnings.warn(

2026-09-16 21:13:49,059:WARNING:c:\Users\laboratorio\Desktop\Nova Pasta\PyCaret\.venv\Lib\site-packages\sklearn\metrics\_classification.py:1561: UserWarning: Note that pos_label (set to 'Yes') is ignored when average != 'binary' (got 'weighted'). You may use labels=[pos_label] to specify a single positive class.
  warnings.warn(

2026-09-16 21:13:49,059:WARNING:c:\Users\laboratorio\Desktop\Nova Pasta\PyCaret\.venv\Lib\site-packages\sklearn\metrics\_classification.py:1509: UndefinedMetricWarning: Precision is ill-defined and being set to 0.0 in labels with no predicted samples. Use `zero_division` parameter to control this behavior.
  _warn_prf(average, modifier, f"{metric.capitalize()} is", len(result))

2026-09-16 21:13:49,063:WARNING:c:\Users\laboratorio\Desktop\Nova Pasta\PyCaret\.venv\Lib\site-packages\sklearn\metrics\_classification.py:1509: UndefinedMetricWarning: Precision is ill-defined and being set to 0.0 in labels with no predicted samples. Use `zero_division` parameter to control this behavior.
  _warn_prf(average, modifier, f"{metric.capitalize()} is", len(result))

2026-09-16 21:13:49,064:WARNING:c:\Users\laboratorio\Desktop\Nova Pasta\PyCaret\.venv\Lib\site-packages\sklearn\metrics\_classification.py:1561: UserWarning: Note that pos_label (set to 'Yes') is ignored when average != 'binary' (got 'weighted'). You may use labels=[pos_label] to specify a single positive class.
  warnings.warn(

2026-09-16 21:13:49,066:WARNING:c:\Users\laboratorio\Desktop\Nova Pasta\PyCaret\.venv\Lib\site-packages\sklearn\metrics\_classification.py:1561: UserWarning: Note that pos_label (set to 'Yes') is ignored when average != 'binary' (got 'weighted'). You may use labels=[pos_label] to specify a single positive class.
  warnings.warn(

2026-09-16 21:13:49,067:WARNING:c:\Users\laboratorio\Desktop\Nova Pasta\PyCaret\.venv\Lib\site-packages\sklearn\metrics\_classification.py:1561: UserWarning: Note that pos_label (set to 'Yes') is ignored when average != 'binary' (got 'weighted'). You may use labels=[pos_label] to specify a single positive class.
  warnings.warn(

2026-09-16 21:13:49,069:WARNING:c:\Users\laboratorio\Desktop\Nova Pasta\PyCaret\.venv\Lib\site-packages\sklearn\metrics\_classification.py:1509: UndefinedMetricWarning: Precision is ill-defined and being set to 0.0 in labels with no predicted samples. Use `zero_division` parameter to control this behavior.
  _warn_prf(average, modifier, f"{metric.capitalize()} is", len(result))

2026-09-16 21:13:49,073:WARNING:c:\Users\laboratorio\Desktop\Nova Pasta\PyCaret\.venv\Lib\site-packages\sklearn\metrics\_classification.py:1561: UserWarning: Note that pos_label (set to 'Yes') is ignored when average != 'binary' (got 'weighted'). You may use labels=[pos_label] to specify a single positive class.
  warnings.warn(

2026-09-16 21:13:49,073:WARNING:c:\Users\laboratorio\Desktop\Nova Pasta\PyCaret\.venv\Lib\site-packages\sklearn\metrics\_classification.py:1561: UserWarning: Note that pos_label (set to 'Yes') is ignored when average != 'binary' (got 'weighted'). You may use labels=[pos_label] to specify a single positive class.
  warnings.warn(

2026-09-16 21:13:49,080:WARNING:c:\Users\laboratorio\Desktop\Nova Pasta\PyCaret\.venv\Lib\site-packages\sklearn\metrics\_classification.py:1561: UserWarning: Note that pos_label (set to 'Yes') is ignored when average != 'binary' (got 'weighted'). You may use labels=[pos_label] to specify a single positive class.
  warnings.warn(

2026-09-16 21:13:49,081:WARNING:c:\Users\laboratorio\Desktop\Nova Pasta\PyCaret\.venv\Lib\site-packages\sklearn\metrics\_classification.py:1561: UserWarning: Note that pos_label (set to 'Yes') is ignored when average != 'binary' (got 'weighted'). You may use labels=[pos_label] to specify a single positive class.
  warnings.warn(

2026-09-16 21:13:49,083:WARNING:c:\Users\laboratorio\Desktop\Nova Pasta\PyCaret\.venv\Lib\site-packages\sklearn\metrics\_classification.py:1509: UndefinedMetricWarning: Precision is ill-defined and being set to 0.0 in labels with no predicted samples. Use `zero_division` parameter to control this behavior.
  _warn_prf(average, modifier, f"{metric.capitalize()} is", len(result))

2026-09-16 21:13:49,087:WARNING:c:\Users\laboratorio\Desktop\Nova Pasta\PyCaret\.venv\Lib\site-packages\sklearn\metrics\_classification.py:1561: UserWarning: Note that pos_label (set to 'Yes') is ignored when average != 'binary' (got 'weighted'). You may use labels=[pos_label] to specify a single positive class.
  warnings.warn(

2026-09-16 21:13:49,089:WARNING:c:\Users\laboratorio\Desktop\Nova Pasta\PyCaret\.venv\Lib\site-packages\sklearn\metrics\_classification.py:1561: UserWarning: Note that pos_label (set to 'Yes') is ignored when average != 'binary' (got 'weighted'). You may use labels=[pos_label] to specify a single positive class.
  warnings.warn(

2026-09-16 21:13:49,091:WARNING:c:\Users\laboratorio\Desktop\Nova Pasta\PyCaret\.venv\Lib\site-packages\sklearn\metrics\_classification.py:1509: UndefinedMetricWarning: Precision is ill-defined and being set to 0.0 in labels with no predicted samples. Use `zero_division` parameter to control this behavior.
  _warn_prf(average, modifier, f"{metric.capitalize()} is", len(result))

2026-09-16 21:13:49,093:WARNING:c:\Users\laboratorio\Desktop\Nova Pasta\PyCaret\.venv\Lib\site-packages\sklearn\metrics\_classification.py:1561: UserWarning: Note that pos_label (set to 'Yes') is ignored when average != 'binary' (got 'weighted'). You may use labels=[pos_label] to specify a single positive class.
  warnings.warn(

2026-09-16 21:13:49,094:WARNING:c:\Users\laboratorio\Desktop\Nova Pasta\PyCaret\.venv\Lib\site-packages\sklearn\metrics\_classification.py:1561: UserWarning: Note that pos_label (set to 'Yes') is ignored when average != 'binary' (got 'weighted'). You may use labels=[pos_label] to specify a single positive class.
  warnings.warn(

2026-09-16 21:13:49,101:WARNING:c:\Users\laboratorio\Desktop\Nova Pasta\PyCaret\.venv\Lib\site-packages\sklearn\metrics\_classification.py:1561: UserWarning: Note that pos_label (set to 'Yes') is ignored when average != 'binary' (got 'weighted'). You may use labels=[pos_label] to specify a single positive class.
  warnings.warn(

2026-09-16 21:13:49,105:WARNING:c:\Users\laboratorio\Desktop\Nova Pasta\PyCaret\.venv\Lib\site-packages\sklearn\metrics\_classification.py:1509: UndefinedMetricWarning: Precision is ill-defined and being set to 0.0 in labels with no predicted samples. Use `zero_division` parameter to control this behavior.
  _warn_prf(average, modifier, f"{metric.capitalize()} is", len(result))

2026-09-16 21:13:49,108:WARNING:c:\Users\laboratorio\Desktop\Nova Pasta\PyCaret\.venv\Lib\site-packages\sklearn\metrics\_classification.py:1561: UserWarning: Note that pos_label (set to 'Yes') is ignored when average != 'binary' (got 'weighted'). You may use labels=[pos_label] to specify a single positive class.
  warnings.warn(

2026-09-16 21:13:49,114:WARNING:c:\Users\laboratorio\Desktop\Nova Pasta\PyCaret\.venv\Lib\site-packages\sklearn\metrics\_classification.py:1561: UserWarning: Note that pos_label (set to 'Yes') is ignored when average != 'binary' (got 'weighted'). You may use labels=[pos_label] to specify a single positive class.
  warnings.warn(

2026-09-16 21:13:49,122:WARNING:c:\Users\laboratorio\Desktop\Nova Pasta\PyCaret\.venv\Lib\site-packages\sklearn\metrics\_classification.py:1561: UserWarning: Note that pos_label (set to 'Yes') is ignored when average != 'binary' (got 'weighted'). You may use labels=[pos_label] to specify a single positive class.
  warnings.warn(

2026-09-16 21:13:49,125:WARNING:c:\Users\laboratorio\Desktop\Nova Pasta\PyCaret\.venv\Lib\site-packages\sklearn\metrics\_classification.py:1509: UndefinedMetricWarning: Precision is ill-defined and being set to 0.0 in labels with no predicted samples. Use `zero_division` parameter to control this behavior.
  _warn_prf(average, modifier, f"{metric.capitalize()} is", len(result))

2026-09-16 21:13:49,129:WARNING:c:\Users\laboratorio\Desktop\Nova Pasta\PyCaret\.venv\Lib\site-packages\sklearn\metrics\_classification.py:1561: UserWarning: Note that pos_label (set to 'Yes') is ignored when average != 'binary' (got 'weighted'). You may use labels=[pos_label] to specify a single positive class.
  warnings.warn(

2026-09-16 21:13:49,212:WARNING:c:\Users\laboratorio\Desktop\Nova Pasta\PyCaret\.venv\Lib\site-packages\sklearn\metrics\_classification.py:1561: UserWarning: Note that pos_label (set to 'Yes') is ignored when average != 'binary' (got 'weighted'). You may use labels=[pos_label] to specify a single positive class.
  warnings.warn(

2026-09-16 21:13:49,218:WARNING:c:\Users\laboratorio\Desktop\Nova Pasta\PyCaret\.venv\Lib\site-packages\sklearn\metrics\_classification.py:1561: UserWarning: Note that pos_label (set to 'Yes') is ignored when average != 'binary' (got 'weighted'). You may use labels=[pos_label] to specify a single positive class.
  warnings.warn(

2026-09-16 21:13:49,218:WARNING:c:\Users\laboratorio\Desktop\Nova Pasta\PyCaret\.venv\Lib\site-packages\sklearn\metrics\_classification.py:1561: UserWarning: Note that pos_label (set to 'Yes') is ignored when average != 'binary' (got 'weighted'). You may use labels=[pos_label] to specify a single positive class.
  warnings.warn(

2026-09-16 21:13:49,220:WARNING:c:\Users\laboratorio\Desktop\Nova Pasta\PyCaret\.venv\Lib\site-packages\sklearn\metrics\_classification.py:1509: UndefinedMetricWarning: Precision is ill-defined and being set to 0.0 in labels with no predicted samples. Use `zero_division` parameter to control this behavior.
  _warn_prf(average, modifier, f"{metric.capitalize()} is", len(result))

2026-09-16 21:13:49,223:WARNING:c:\Users\laboratorio\Desktop\Nova Pasta\PyCaret\.venv\Lib\site-packages\sklearn\metrics\_classification.py:1561: UserWarning: Note that pos_label (set to 'Yes') is ignored when average != 'binary' (got 'weighted'). You may use labels=[pos_label] to specify a single positive class.
  warnings.warn(

2026-09-16 21:13:49,225:WARNING:c:\Users\laboratorio\Desktop\Nova Pasta\PyCaret\.venv\Lib\site-packages\sklearn\metrics\_classification.py:1561: UserWarning: Note that pos_label (set to 'Yes') is ignored when average != 'binary' (got 'weighted'). You may use labels=[pos_label] to specify a single positive class.
  warnings.warn(

2026-09-16 21:13:49,228:WARNING:c:\Users\laboratorio\Desktop\Nova Pasta\PyCaret\.venv\Lib\site-packages\sklearn\metrics\_classification.py:1509: UndefinedMetricWarning: Precision is ill-defined and being set to 0.0 in labels with no predicted samples. Use `zero_division` parameter to control this behavior.
  _warn_prf(average, modifier, f"{metric.capitalize()} is", len(result))

2026-09-16 21:13:49,230:WARNING:c:\Users\laboratorio\Desktop\Nova Pasta\PyCaret\.venv\Lib\site-packages\sklearn\metrics\_classification.py:1561: UserWarning: Note that pos_label (set to 'Yes') is ignored when average != 'binary' (got 'weighted'). You may use labels=[pos_label] to specify a single positive class.
  warnings.warn(

2026-09-16 21:13:49,247:WARNING:c:\Users\laboratorio\Desktop\Nova Pasta\PyCaret\.venv\Lib\site-packages\sklearn\metrics\_classification.py:1561: UserWarning: Note that pos_label (set to 'Yes') is ignored when average != 'binary' (got 'weighted'). You may use labels=[pos_label] to specify a single positive class.
  warnings.warn(

2026-09-16 21:13:49,252:WARNING:c:\Users\laboratorio\Desktop\Nova Pasta\PyCaret\.venv\Lib\site-packages\sklearn\metrics\_classification.py:1561: UserWarning: Note that pos_label (set to 'Yes') is ignored when average != 'binary' (got 'weighted'). You may use labels=[pos_label] to specify a single positive class.
  warnings.warn(

2026-09-16 21:13:49,255:WARNING:c:\Users\laboratorio\Desktop\Nova Pasta\PyCaret\.venv\Lib\site-packages\sklearn\metrics\_classification.py:1509: UndefinedMetricWarning: Precision is ill-defined and being set to 0.0 in labels with no predicted samples. Use `zero_division` parameter to control this behavior.
  _warn_prf(average, modifier, f"{metric.capitalize()} is", len(result))

2026-09-16 21:13:49,258:WARNING:c:\Users\laboratorio\Desktop\Nova Pasta\PyCaret\.venv\Lib\site-packages\sklearn\metrics\_classification.py:1561: UserWarning: Note that pos_label (set to 'Yes') is ignored when average != 'binary' (got 'weighted'). You may use labels=[pos_label] to specify a single positive class.
  warnings.warn(

2026-09-16 21:13:49,269:INFO:Calculating mean and std
2026-09-16 21:13:49,269:INFO:Creating metrics dataframe
2026-09-16 21:13:49,271:INFO:Uploading results into container
2026-09-16 21:13:49,271:INFO:Uploading model into container now
2026-09-16 21:13:49,271:INFO:_master_model_container: 13
2026-09-16 21:13:49,272:INFO:_display_container: 2
2026-09-16 21:13:49,272:INFO:LGBMClassifier(boosting_type='gbdt', class_weight=None, colsample_bytree=1.0,
               importance_type='split', learning_rate=0.1, max_depth=-1,
               min_child_samples=20, min_child_weight=0.001, min_split_gain=0.0,
               n_estimators=100, n_jobs=-1, num_leaves=31, objective=None,
               random_state=123, reg_alpha=0.0, reg_lambda=0.0, subsample=1.0,
               subsample_for_bin=200000, subsample_freq=0)
2026-09-16 21:13:49,272:INFO:create_model() successfully completed......................................
2026-09-16 21:13:49,341:INFO:SubProcess create_model() end ==================================
2026-09-16 21:13:49,341:INFO:Creating metrics dataframe
2026-09-16 21:13:49,347:INFO:Initializing Dummy Classifier
2026-09-16 21:13:49,347:INFO:Total runtime is 0.34041575193405144 minutes
2026-09-16 21:13:49,349:INFO:SubProcess create_model() called ==================================
2026-09-16 21:13:49,349:INFO:Initializing create_model()
2026-09-16 21:13:49,349:INFO:create_model(self=<pycaret.classification.oop.ClassificationExperiment object at 0x00000287133624D0>, estimator=dummy, fold=StratifiedKFold(n_splits=10, random_state=None, shuffle=False), round=4, cross_validation=True, predict=True, fit_kwargs={}, groups=None, refit=False, probability_threshold=None, experiment_custom_tags=None, verbose=False, system=False, add_to_model_list=True, metrics=None, display=<pycaret.internal.display.display.CommonDisplay object at 0x00000287147BD210>, model_only=True, return_train_score=False, error_score=0.0, kwargs={})
2026-09-16 21:13:49,349:INFO:Checking exceptions
2026-09-16 21:13:49,349:INFO:Importing libraries
2026-09-16 21:13:49,349:INFO:Copying training dataset
2026-09-16 21:13:49,352:INFO:Defining folds
2026-09-16 21:13:49,352:INFO:Declaring metric variables
2026-09-16 21:13:49,353:INFO:Importing untrained model
2026-09-16 21:13:49,355:INFO:Dummy Classifier Imported successfully
2026-09-16 21:13:49,358:INFO:Starting cross validation
2026-09-16 21:13:49,360:INFO:Cross validating with StratifiedKFold(n_splits=10, random_state=None, shuffle=False), n_jobs=-1
2026-09-16 21:13:49,846:WARNING:c:\Users\laboratorio\Desktop\Nova Pasta\PyCaret\.venv\Lib\site-packages\sklearn\metrics\_classification.py:1561: UserWarning: Note that pos_label (set to 'Yes') is ignored when average != 'binary' (got 'weighted'). You may use labels=[pos_label] to specify a single positive class.
  warnings.warn(

2026-09-16 21:13:49,855:WARNING:c:\Users\laboratorio\Desktop\Nova Pasta\PyCaret\.venv\Lib\site-packages\sklearn\metrics\_classification.py:1561: UserWarning: Note that pos_label (set to 'Yes') is ignored when average != 'binary' (got 'weighted'). You may use labels=[pos_label] to specify a single positive class.
  warnings.warn(

2026-09-16 21:13:49,860:WARNING:c:\Users\laboratorio\Desktop\Nova Pasta\PyCaret\.venv\Lib\site-packages\sklearn\metrics\_classification.py:1509: UndefinedMetricWarning: Precision is ill-defined and being set to 0.0 in labels with no predicted samples. Use `zero_division` parameter to control this behavior.
  _warn_prf(average, modifier, f"{metric.capitalize()} is", len(result))

2026-09-16 21:13:49,862:WARNING:c:\Users\laboratorio\Desktop\Nova Pasta\PyCaret\.venv\Lib\site-packages\sklearn\metrics\_classification.py:1561: UserWarning: Note that pos_label (set to 'Yes') is ignored when average != 'binary' (got 'weighted'). You may use labels=[pos_label] to specify a single positive class.
  warnings.warn(

2026-09-16 21:13:49,868:WARNING:c:\Users\laboratorio\Desktop\Nova Pasta\PyCaret\.venv\Lib\site-packages\sklearn\metrics\_classification.py:1561: UserWarning: Note that pos_label (set to 'Yes') is ignored when average != 'binary' (got 'weighted'). You may use labels=[pos_label] to specify a single positive class.
  warnings.warn(

2026-09-16 21:13:49,869:WARNING:c:\Users\laboratorio\Desktop\Nova Pasta\PyCaret\.venv\Lib\site-packages\sklearn\metrics\_classification.py:1561: UserWarning: Note that pos_label (set to 'Yes') is ignored when average != 'binary' (got 'weighted'). You may use labels=[pos_label] to specify a single positive class.
  warnings.warn(

2026-09-16 21:13:49,873:WARNING:c:\Users\laboratorio\Desktop\Nova Pasta\PyCaret\.venv\Lib\site-packages\sklearn\metrics\_classification.py:1561: UserWarning: Note that pos_label (set to 'Yes') is ignored when average != 'binary' (got 'weighted'). You may use labels=[pos_label] to specify a single positive class.
  warnings.warn(

2026-09-16 21:13:49,873:WARNING:c:\Users\laboratorio\Desktop\Nova Pasta\PyCaret\.venv\Lib\site-packages\sklearn\metrics\_classification.py:1561: UserWarning: Note that pos_label (set to 'Yes') is ignored when average != 'binary' (got 'weighted'). You may use labels=[pos_label] to specify a single positive class.
  warnings.warn(

2026-09-16 21:13:49,873:WARNING:c:\Users\laboratorio\Desktop\Nova Pasta\PyCaret\.venv\Lib\site-packages\sklearn\metrics\_classification.py:1561: UserWarning: Note that pos_label (set to 'Yes') is ignored when average != 'binary' (got 'weighted'). You may use labels=[pos_label] to specify a single positive class.
  warnings.warn(

2026-09-16 21:13:49,873:WARNING:c:\Users\laboratorio\Desktop\Nova Pasta\PyCaret\.venv\Lib\site-packages\sklearn\metrics\_classification.py:1509: UndefinedMetricWarning: Precision is ill-defined and being set to 0.0 in labels with no predicted samples. Use `zero_division` parameter to control this behavior.
  _warn_prf(average, modifier, f"{metric.capitalize()} is", len(result))

2026-09-16 21:13:49,873:WARNING:c:\Users\laboratorio\Desktop\Nova Pasta\PyCaret\.venv\Lib\site-packages\sklearn\metrics\_classification.py:1509: UndefinedMetricWarning: Precision is ill-defined and being set to 0.0 in labels with no predicted samples. Use `zero_division` parameter to control this behavior.
  _warn_prf(average, modifier, f"{metric.capitalize()} is", len(result))

2026-09-16 21:13:49,873:WARNING:c:\Users\laboratorio\Desktop\Nova Pasta\PyCaret\.venv\Lib\site-packages\sklearn\metrics\_classification.py:1561: UserWarning: Note that pos_label (set to 'Yes') is ignored when average != 'binary' (got 'weighted'). You may use labels=[pos_label] to specify a single positive class.
  warnings.warn(

2026-09-16 21:13:49,873:WARNING:c:\Users\laboratorio\Desktop\Nova Pasta\PyCaret\.venv\Lib\site-packages\sklearn\metrics\_classification.py:1561: UserWarning: Note that pos_label (set to 'Yes') is ignored when average != 'binary' (got 'weighted'). You may use labels=[pos_label] to specify a single positive class.
  warnings.warn(

2026-09-16 21:13:49,873:WARNING:c:\Users\laboratorio\Desktop\Nova Pasta\PyCaret\.venv\Lib\site-packages\sklearn\metrics\_classification.py:1561: UserWarning: Note that pos_label (set to 'Yes') is ignored when average != 'binary' (got 'weighted'). You may use labels=[pos_label] to specify a single positive class.
  warnings.warn(

2026-09-16 21:13:49,873:WARNING:c:\Users\laboratorio\Desktop\Nova Pasta\PyCaret\.venv\Lib\site-packages\sklearn\metrics\_classification.py:1561: UserWarning: Note that pos_label (set to 'Yes') is ignored when average != 'binary' (got 'weighted'). You may use labels=[pos_label] to specify a single positive class.
  warnings.warn(

2026-09-16 21:13:49,883:WARNING:c:\Users\laboratorio\Desktop\Nova Pasta\PyCaret\.venv\Lib\site-packages\sklearn\metrics\_classification.py:1561: UserWarning: Note that pos_label (set to 'Yes') is ignored when average != 'binary' (got 'weighted'). You may use labels=[pos_label] to specify a single positive class.
  warnings.warn(

2026-09-16 21:13:49,883:WARNING:c:\Users\laboratorio\Desktop\Nova Pasta\PyCaret\.venv\Lib\site-packages\sklearn\metrics\_classification.py:1561: UserWarning: Note that pos_label (set to 'Yes') is ignored when average != 'binary' (got 'weighted'). You may use labels=[pos_label] to specify a single positive class.
  warnings.warn(

2026-09-16 21:13:49,883:WARNING:c:\Users\laboratorio\Desktop\Nova Pasta\PyCaret\.venv\Lib\site-packages\sklearn\metrics\_classification.py:1509: UndefinedMetricWarning: Precision is ill-defined and being set to 0.0 in labels with no predicted samples. Use `zero_division` parameter to control this behavior.
  _warn_prf(average, modifier, f"{metric.capitalize()} is", len(result))

2026-09-16 21:13:49,883:WARNING:c:\Users\laboratorio\Desktop\Nova Pasta\PyCaret\.venv\Lib\site-packages\sklearn\metrics\_classification.py:1561: UserWarning: Note that pos_label (set to 'Yes') is ignored when average != 'binary' (got 'weighted'). You may use labels=[pos_label] to specify a single positive class.
  warnings.warn(

2026-09-16 21:13:49,888:WARNING:c:\Users\laboratorio\Desktop\Nova Pasta\PyCaret\.venv\Lib\site-packages\sklearn\metrics\_classification.py:1561: UserWarning: Note that pos_label (set to 'Yes') is ignored when average != 'binary' (got 'weighted'). You may use labels=[pos_label] to specify a single positive class.
  warnings.warn(

2026-09-16 21:13:49,889:WARNING:c:\Users\laboratorio\Desktop\Nova Pasta\PyCaret\.venv\Lib\site-packages\sklearn\metrics\_classification.py:1509: UndefinedMetricWarning: Precision is ill-defined and being set to 0.0 in labels with no predicted samples. Use `zero_division` parameter to control this behavior.
  _warn_prf(average, modifier, f"{metric.capitalize()} is", len(result))

2026-09-16 21:13:49,890:WARNING:c:\Users\laboratorio\Desktop\Nova Pasta\PyCaret\.venv\Lib\site-packages\sklearn\metrics\_classification.py:1561: UserWarning: Note that pos_label (set to 'Yes') is ignored when average != 'binary' (got 'weighted'). You may use labels=[pos_label] to specify a single positive class.
  warnings.warn(

2026-09-16 21:13:49,890:WARNING:c:\Users\laboratorio\Desktop\Nova Pasta\PyCaret\.venv\Lib\site-packages\sklearn\metrics\_classification.py:1509: UndefinedMetricWarning: Precision is ill-defined and being set to 0.0 in labels with no predicted samples. Use `zero_division` parameter to control this behavior.
  _warn_prf(average, modifier, f"{metric.capitalize()} is", len(result))

2026-09-16 21:13:49,890:WARNING:c:\Users\laboratorio\Desktop\Nova Pasta\PyCaret\.venv\Lib\site-packages\sklearn\metrics\_classification.py:1561: UserWarning: Note that pos_label (set to 'Yes') is ignored when average != 'binary' (got 'weighted'). You may use labels=[pos_label] to specify a single positive class.
  warnings.warn(

2026-09-16 21:13:49,892:WARNING:c:\Users\laboratorio\Desktop\Nova Pasta\PyCaret\.venv\Lib\site-packages\sklearn\metrics\_classification.py:1561: UserWarning: Note that pos_label (set to 'Yes') is ignored when average != 'binary' (got 'weighted'). You may use labels=[pos_label] to specify a single positive class.
  warnings.warn(

2026-09-16 21:13:49,892:WARNING:c:\Users\laboratorio\Desktop\Nova Pasta\PyCaret\.venv\Lib\site-packages\sklearn\metrics\_classification.py:1561: UserWarning: Note that pos_label (set to 'Yes') is ignored when average != 'binary' (got 'weighted'). You may use labels=[pos_label] to specify a single positive class.
  warnings.warn(

2026-09-16 21:13:49,892:WARNING:c:\Users\laboratorio\Desktop\Nova Pasta\PyCaret\.venv\Lib\site-packages\sklearn\metrics\_classification.py:1509: UndefinedMetricWarning: Precision is ill-defined and being set to 0.0 in labels with no predicted samples. Use `zero_division` parameter to control this behavior.
  _warn_prf(average, modifier, f"{metric.capitalize()} is", len(result))

2026-09-16 21:13:49,892:WARNING:c:\Users\laboratorio\Desktop\Nova Pasta\PyCaret\.venv\Lib\site-packages\sklearn\metrics\_classification.py:1561: UserWarning: Note that pos_label (set to 'Yes') is ignored when average != 'binary' (got 'weighted'). You may use labels=[pos_label] to specify a single positive class.
  warnings.warn(

2026-09-16 21:13:49,893:WARNING:c:\Users\laboratorio\Desktop\Nova Pasta\PyCaret\.venv\Lib\site-packages\sklearn\metrics\_classification.py:1561: UserWarning: Note that pos_label (set to 'Yes') is ignored when average != 'binary' (got 'weighted'). You may use labels=[pos_label] to specify a single positive class.
  warnings.warn(

2026-09-16 21:13:49,893:WARNING:c:\Users\laboratorio\Desktop\Nova Pasta\PyCaret\.venv\Lib\site-packages\sklearn\metrics\_classification.py:1561: UserWarning: Note that pos_label (set to 'Yes') is ignored when average != 'binary' (got 'weighted'). You may use labels=[pos_label] to specify a single positive class.
  warnings.warn(

2026-09-16 21:13:49,893:WARNING:c:\Users\laboratorio\Desktop\Nova Pasta\PyCaret\.venv\Lib\site-packages\sklearn\metrics\_classification.py:1561: UserWarning: Note that pos_label (set to 'Yes') is ignored when average != 'binary' (got 'weighted'). You may use labels=[pos_label] to specify a single positive class.
  warnings.warn(

2026-09-16 21:13:49,893:WARNING:c:\Users\laboratorio\Desktop\Nova Pasta\PyCaret\.venv\Lib\site-packages\sklearn\metrics\_classification.py:1509: UndefinedMetricWarning: Precision is ill-defined and being set to 0.0 in labels with no predicted samples. Use `zero_division` parameter to control this behavior.
  _warn_prf(average, modifier, f"{metric.capitalize()} is", len(result))

2026-09-16 21:13:49,893:WARNING:c:\Users\laboratorio\Desktop\Nova Pasta\PyCaret\.venv\Lib\site-packages\sklearn\metrics\_classification.py:1561: UserWarning: Note that pos_label (set to 'Yes') is ignored when average != 'binary' (got 'weighted'). You may use labels=[pos_label] to specify a single positive class.
  warnings.warn(

2026-09-16 21:13:49,893:WARNING:c:\Users\laboratorio\Desktop\Nova Pasta\PyCaret\.venv\Lib\site-packages\sklearn\metrics\_classification.py:1561: UserWarning: Note that pos_label (set to 'Yes') is ignored when average != 'binary' (got 'weighted'). You may use labels=[pos_label] to specify a single positive class.
  warnings.warn(

2026-09-16 21:13:49,904:WARNING:c:\Users\laboratorio\Desktop\Nova Pasta\PyCaret\.venv\Lib\site-packages\sklearn\metrics\_classification.py:1509: UndefinedMetricWarning: Precision is ill-defined and being set to 0.0 in labels with no predicted samples. Use `zero_division` parameter to control this behavior.
  _warn_prf(average, modifier, f"{metric.capitalize()} is", len(result))

2026-09-16 21:13:49,906:WARNING:c:\Users\laboratorio\Desktop\Nova Pasta\PyCaret\.venv\Lib\site-packages\sklearn\metrics\_classification.py:1561: UserWarning: Note that pos_label (set to 'Yes') is ignored when average != 'binary' (got 'weighted'). You may use labels=[pos_label] to specify a single positive class.
  warnings.warn(

2026-09-16 21:13:49,906:WARNING:c:\Users\laboratorio\Desktop\Nova Pasta\PyCaret\.venv\Lib\site-packages\sklearn\metrics\_classification.py:1561: UserWarning: Note that pos_label (set to 'Yes') is ignored when average != 'binary' (got 'weighted'). You may use labels=[pos_label] to specify a single positive class.
  warnings.warn(

2026-09-16 21:13:49,906:WARNING:c:\Users\laboratorio\Desktop\Nova Pasta\PyCaret\.venv\Lib\site-packages\sklearn\metrics\_classification.py:1561: UserWarning: Note that pos_label (set to 'Yes') is ignored when average != 'binary' (got 'weighted'). You may use labels=[pos_label] to specify a single positive class.
  warnings.warn(

2026-09-16 21:13:49,906:WARNING:c:\Users\laboratorio\Desktop\Nova Pasta\PyCaret\.venv\Lib\site-packages\sklearn\metrics\_classification.py:1509: UndefinedMetricWarning: Precision is ill-defined and being set to 0.0 in labels with no predicted samples. Use `zero_division` parameter to control this behavior.
  _warn_prf(average, modifier, f"{metric.capitalize()} is", len(result))

2026-09-16 21:13:49,914:WARNING:c:\Users\laboratorio\Desktop\Nova Pasta\PyCaret\.venv\Lib\site-packages\sklearn\metrics\_classification.py:1561: UserWarning: Note that pos_label (set to 'Yes') is ignored when average != 'binary' (got 'weighted'). You may use labels=[pos_label] to specify a single positive class.
  warnings.warn(

2026-09-16 21:13:49,925:INFO:Calculating mean and std
2026-09-16 21:13:49,925:INFO:Creating metrics dataframe
2026-09-16 21:13:49,925:INFO:Uploading results into container
2026-09-16 21:13:49,925:INFO:Uploading model into container now
2026-09-16 21:13:49,925:INFO:_master_model_container: 14
2026-09-16 21:13:49,925:INFO:_display_container: 2
2026-09-16 21:13:49,925:INFO:DummyClassifier(constant=None, random_state=123, strategy='prior')
2026-09-16 21:13:49,925:INFO:create_model() successfully completed......................................
2026-09-16 21:13:49,972:INFO:SubProcess create_model() end ==================================
2026-09-16 21:13:49,972:INFO:Creating metrics dataframe
2026-09-16 21:13:49,989:WARNING:c:\Users\laboratorio\Desktop\Nova Pasta\PyCaret\.venv\Lib\site-packages\pycaret\internal\pycaret_experiment\supervised_experiment.py:339: FutureWarning: Styler.applymap has been deprecated. Use Styler.map instead.
  .applymap(highlight_cols, subset=["TT (Sec)"])

2026-09-16 21:13:49,989:INFO:Initializing create_model()
2026-09-16 21:13:49,989:INFO:create_model(self=<pycaret.classification.oop.ClassificationExperiment object at 0x00000287133624D0>, estimator=KNeighborsClassifier(algorithm='auto', leaf_size=30, metric='minkowski',
                     metric_params=None, n_jobs=-1, n_neighbors=5, p=2,
                     weights='uniform'), fold=StratifiedKFold(n_splits=10, random_state=None, shuffle=False), round=4, cross_validation=False, predict=False, fit_kwargs={}, groups=None, refit=True, probability_threshold=None, experiment_custom_tags=None, verbose=False, system=False, add_to_model_list=True, metrics=None, display=None, model_only=True, return_train_score=False, error_score=0.0, kwargs={})
2026-09-16 21:13:49,989:INFO:Checking exceptions
2026-09-16 21:13:49,989:INFO:Importing libraries
2026-09-16 21:13:49,989:INFO:Copying training dataset
2026-09-16 21:13:49,997:INFO:Defining folds
2026-09-16 21:13:49,997:INFO:Declaring metric variables
2026-09-16 21:13:49,997:INFO:Importing untrained model
2026-09-16 21:13:49,997:INFO:Declaring custom model
2026-09-16 21:13:49,997:INFO:K Neighbors Classifier Imported successfully
2026-09-16 21:13:49,999:INFO:Cross validation set to False
2026-09-16 21:13:49,999:INFO:Fitting Model
2026-09-16 21:13:50,124:INFO:KNeighborsClassifier(algorithm='auto', leaf_size=30, metric='minkowski',
                     metric_params=None, n_jobs=-1, n_neighbors=5, p=2,
                     weights='uniform')
2026-09-16 21:13:50,124:INFO:create_model() successfully completed......................................
2026-09-16 21:13:50,189:INFO:_master_model_container: 14
2026-09-16 21:13:50,189:INFO:_display_container: 2
2026-09-16 21:13:50,189:INFO:KNeighborsClassifier(algorithm='auto', leaf_size=30, metric='minkowski',
                     metric_params=None, n_jobs=-1, n_neighbors=5, p=2,
                     weights='uniform')
2026-09-16 21:13:50,189:INFO:compare_models() successfully completed......................................
2026-09-16 21:16:26,284:INFO:Initializing create_model()
2026-09-16 21:16:26,284:INFO:create_model(self=<pycaret.classification.oop.ClassificationExperiment object at 0x00000287133624D0>, estimator=KNeighborsClassifier(algorithm='auto', leaf_size=30, metric='minkowski',
                     metric_params=None, n_jobs=-1, n_neighbors=5, p=2,
                     weights='uniform'), fold=None, round=4, cross_validation=True, predict=True, fit_kwargs=None, groups=None, refit=True, probability_threshold=None, experiment_custom_tags=None, verbose=True, system=True, add_to_model_list=True, metrics=None, display=None, model_only=True, return_train_score=False, error_score=0.0, kwargs={})
2026-09-16 21:16:26,284:INFO:Checking exceptions
2026-09-16 21:16:26,293:INFO:Importing libraries
2026-09-16 21:16:26,293:INFO:Copying training dataset
2026-09-16 21:16:26,296:INFO:Defining folds
2026-09-16 21:16:26,297:INFO:Declaring metric variables
2026-09-16 21:16:26,299:INFO:Importing untrained model
2026-09-16 21:16:26,299:INFO:Declaring custom model
2026-09-16 21:16:26,301:INFO:K Neighbors Classifier Imported successfully
2026-09-16 21:16:26,304:INFO:Starting cross validation
2026-09-16 21:16:26,307:INFO:Cross validating with StratifiedKFold(n_splits=10, random_state=None, shuffle=False), n_jobs=-1
2026-09-16 21:16:26,957:WARNING:c:\Users\laboratorio\Desktop\Nova Pasta\PyCaret\.venv\Lib\site-packages\sklearn\metrics\_classification.py:1561: UserWarning: Note that pos_label (set to 'Yes') is ignored when average != 'binary' (got 'weighted'). You may use labels=[pos_label] to specify a single positive class.
  warnings.warn(

2026-09-16 21:16:26,957:WARNING:c:\Users\laboratorio\Desktop\Nova Pasta\PyCaret\.venv\Lib\site-packages\sklearn\metrics\_classification.py:1561: UserWarning: Note that pos_label (set to 'Yes') is ignored when average != 'binary' (got 'weighted'). You may use labels=[pos_label] to specify a single positive class.
  warnings.warn(

2026-09-16 21:16:26,968:WARNING:c:\Users\laboratorio\Desktop\Nova Pasta\PyCaret\.venv\Lib\site-packages\sklearn\metrics\_classification.py:1561: UserWarning: Note that pos_label (set to 'Yes') is ignored when average != 'binary' (got 'weighted'). You may use labels=[pos_label] to specify a single positive class.
  warnings.warn(

2026-09-16 21:16:27,021:WARNING:c:\Users\laboratorio\Desktop\Nova Pasta\PyCaret\.venv\Lib\site-packages\sklearn\metrics\_classification.py:1561: UserWarning: Note that pos_label (set to 'Yes') is ignored when average != 'binary' (got 'weighted'). You may use labels=[pos_label] to specify a single positive class.
  warnings.warn(

2026-09-16 21:16:27,027:WARNING:c:\Users\laboratorio\Desktop\Nova Pasta\PyCaret\.venv\Lib\site-packages\sklearn\metrics\_classification.py:1561: UserWarning: Note that pos_label (set to 'Yes') is ignored when average != 'binary' (got 'weighted'). You may use labels=[pos_label] to specify a single positive class.
  warnings.warn(

2026-09-16 21:16:27,027:WARNING:c:\Users\laboratorio\Desktop\Nova Pasta\PyCaret\.venv\Lib\site-packages\sklearn\metrics\_classification.py:1561: UserWarning: Note that pos_label (set to 'Yes') is ignored when average != 'binary' (got 'weighted'). You may use labels=[pos_label] to specify a single positive class.
  warnings.warn(

2026-09-16 21:16:27,029:WARNING:c:\Users\laboratorio\Desktop\Nova Pasta\PyCaret\.venv\Lib\site-packages\sklearn\metrics\_classification.py:1561: UserWarning: Note that pos_label (set to 'Yes') is ignored when average != 'binary' (got 'weighted'). You may use labels=[pos_label] to specify a single positive class.
  warnings.warn(

2026-09-16 21:16:27,031:WARNING:c:\Users\laboratorio\Desktop\Nova Pasta\PyCaret\.venv\Lib\site-packages\sklearn\metrics\_classification.py:1561: UserWarning: Note that pos_label (set to 'Yes') is ignored when average != 'binary' (got 'weighted'). You may use labels=[pos_label] to specify a single positive class.
  warnings.warn(

2026-09-16 21:16:27,035:WARNING:c:\Users\laboratorio\Desktop\Nova Pasta\PyCaret\.venv\Lib\site-packages\sklearn\metrics\_classification.py:1561: UserWarning: Note that pos_label (set to 'Yes') is ignored when average != 'binary' (got 'weighted'). You may use labels=[pos_label] to specify a single positive class.
  warnings.warn(

2026-09-16 21:16:27,042:WARNING:c:\Users\laboratorio\Desktop\Nova Pasta\PyCaret\.venv\Lib\site-packages\sklearn\metrics\_classification.py:1561: UserWarning: Note that pos_label (set to 'Yes') is ignored when average != 'binary' (got 'weighted'). You may use labels=[pos_label] to specify a single positive class.
  warnings.warn(

2026-09-16 21:16:27,042:WARNING:c:\Users\laboratorio\Desktop\Nova Pasta\PyCaret\.venv\Lib\site-packages\sklearn\metrics\_classification.py:1561: UserWarning: Note that pos_label (set to 'Yes') is ignored when average != 'binary' (got 'weighted'). You may use labels=[pos_label] to specify a single positive class.
  warnings.warn(

2026-09-16 21:16:27,044:WARNING:c:\Users\laboratorio\Desktop\Nova Pasta\PyCaret\.venv\Lib\site-packages\sklearn\metrics\_classification.py:1561: UserWarning: Note that pos_label (set to 'Yes') is ignored when average != 'binary' (got 'weighted'). You may use labels=[pos_label] to specify a single positive class.
  warnings.warn(

2026-09-16 21:16:27,046:WARNING:c:\Users\laboratorio\Desktop\Nova Pasta\PyCaret\.venv\Lib\site-packages\sklearn\metrics\_classification.py:1561: UserWarning: Note that pos_label (set to 'Yes') is ignored when average != 'binary' (got 'weighted'). You may use labels=[pos_label] to specify a single positive class.
  warnings.warn(

2026-09-16 21:16:27,046:WARNING:c:\Users\laboratorio\Desktop\Nova Pasta\PyCaret\.venv\Lib\site-packages\sklearn\metrics\_classification.py:1561: UserWarning: Note that pos_label (set to 'Yes') is ignored when average != 'binary' (got 'weighted'). You may use labels=[pos_label] to specify a single positive class.
  warnings.warn(

2026-09-16 21:16:27,048:WARNING:c:\Users\laboratorio\Desktop\Nova Pasta\PyCaret\.venv\Lib\site-packages\sklearn\metrics\_classification.py:1561: UserWarning: Note that pos_label (set to 'Yes') is ignored when average != 'binary' (got 'weighted'). You may use labels=[pos_label] to specify a single positive class.
  warnings.warn(

2026-09-16 21:16:27,048:WARNING:c:\Users\laboratorio\Desktop\Nova Pasta\PyCaret\.venv\Lib\site-packages\sklearn\metrics\_classification.py:1561: UserWarning: Note that pos_label (set to 'Yes') is ignored when average != 'binary' (got 'weighted'). You may use labels=[pos_label] to specify a single positive class.
  warnings.warn(

2026-09-16 21:16:27,050:WARNING:c:\Users\laboratorio\Desktop\Nova Pasta\PyCaret\.venv\Lib\site-packages\sklearn\metrics\_classification.py:1561: UserWarning: Note that pos_label (set to 'Yes') is ignored when average != 'binary' (got 'weighted'). You may use labels=[pos_label] to specify a single positive class.
  warnings.warn(

2026-09-16 21:16:27,050:WARNING:c:\Users\laboratorio\Desktop\Nova Pasta\PyCaret\.venv\Lib\site-packages\sklearn\metrics\_classification.py:1561: UserWarning: Note that pos_label (set to 'Yes') is ignored when average != 'binary' (got 'weighted'). You may use labels=[pos_label] to specify a single positive class.
  warnings.warn(

2026-09-16 21:16:27,052:WARNING:c:\Users\laboratorio\Desktop\Nova Pasta\PyCaret\.venv\Lib\site-packages\sklearn\metrics\_classification.py:1561: UserWarning: Note that pos_label (set to 'Yes') is ignored when average != 'binary' (got 'weighted'). You may use labels=[pos_label] to specify a single positive class.
  warnings.warn(

2026-09-16 21:16:27,052:WARNING:c:\Users\laboratorio\Desktop\Nova Pasta\PyCaret\.venv\Lib\site-packages\sklearn\metrics\_classification.py:1561: UserWarning: Note that pos_label (set to 'Yes') is ignored when average != 'binary' (got 'weighted'). You may use labels=[pos_label] to specify a single positive class.
  warnings.warn(

2026-09-16 21:16:27,058:WARNING:c:\Users\laboratorio\Desktop\Nova Pasta\PyCaret\.venv\Lib\site-packages\sklearn\metrics\_classification.py:1561: UserWarning: Note that pos_label (set to 'Yes') is ignored when average != 'binary' (got 'weighted'). You may use labels=[pos_label] to specify a single positive class.
  warnings.warn(

2026-09-16 21:16:27,072:WARNING:c:\Users\laboratorio\Desktop\Nova Pasta\PyCaret\.venv\Lib\site-packages\sklearn\metrics\_classification.py:1561: UserWarning: Note that pos_label (set to 'Yes') is ignored when average != 'binary' (got 'weighted'). You may use labels=[pos_label] to specify a single positive class.
  warnings.warn(

2026-09-16 21:16:27,072:WARNING:c:\Users\laboratorio\Desktop\Nova Pasta\PyCaret\.venv\Lib\site-packages\sklearn\metrics\_classification.py:1561: UserWarning: Note that pos_label (set to 'Yes') is ignored when average != 'binary' (got 'weighted'). You may use labels=[pos_label] to specify a single positive class.
  warnings.warn(

2026-09-16 21:16:27,081:WARNING:c:\Users\laboratorio\Desktop\Nova Pasta\PyCaret\.venv\Lib\site-packages\sklearn\metrics\_classification.py:1561: UserWarning: Note that pos_label (set to 'Yes') is ignored when average != 'binary' (got 'weighted'). You may use labels=[pos_label] to specify a single positive class.
  warnings.warn(

2026-09-16 21:16:27,081:WARNING:c:\Users\laboratorio\Desktop\Nova Pasta\PyCaret\.venv\Lib\site-packages\sklearn\metrics\_classification.py:1561: UserWarning: Note that pos_label (set to 'Yes') is ignored when average != 'binary' (got 'weighted'). You may use labels=[pos_label] to specify a single positive class.
  warnings.warn(

2026-09-16 21:16:27,081:WARNING:c:\Users\laboratorio\Desktop\Nova Pasta\PyCaret\.venv\Lib\site-packages\sklearn\metrics\_classification.py:1561: UserWarning: Note that pos_label (set to 'Yes') is ignored when average != 'binary' (got 'weighted'). You may use labels=[pos_label] to specify a single positive class.
  warnings.warn(

2026-09-16 21:16:27,081:WARNING:c:\Users\laboratorio\Desktop\Nova Pasta\PyCaret\.venv\Lib\site-packages\sklearn\metrics\_classification.py:1561: UserWarning: Note that pos_label (set to 'Yes') is ignored when average != 'binary' (got 'weighted'). You may use labels=[pos_label] to specify a single positive class.
  warnings.warn(

2026-09-16 21:16:27,089:WARNING:c:\Users\laboratorio\Desktop\Nova Pasta\PyCaret\.venv\Lib\site-packages\sklearn\metrics\_classification.py:1561: UserWarning: Note that pos_label (set to 'Yes') is ignored when average != 'binary' (got 'weighted'). You may use labels=[pos_label] to specify a single positive class.
  warnings.warn(

2026-09-16 21:16:27,090:WARNING:c:\Users\laboratorio\Desktop\Nova Pasta\PyCaret\.venv\Lib\site-packages\sklearn\metrics\_classification.py:1561: UserWarning: Note that pos_label (set to 'Yes') is ignored when average != 'binary' (got 'weighted'). You may use labels=[pos_label] to specify a single positive class.
  warnings.warn(

2026-09-16 21:16:27,092:WARNING:c:\Users\laboratorio\Desktop\Nova Pasta\PyCaret\.venv\Lib\site-packages\sklearn\metrics\_classification.py:1561: UserWarning: Note that pos_label (set to 'Yes') is ignored when average != 'binary' (got 'weighted'). You may use labels=[pos_label] to specify a single positive class.
  warnings.warn(

2026-09-16 21:16:27,102:INFO:Calculating mean and std
2026-09-16 21:16:27,102:INFO:Creating metrics dataframe
2026-09-16 21:16:27,102:INFO:Finalizing model
2026-09-16 21:16:27,222:INFO:Uploading results into container
2026-09-16 21:16:27,236:INFO:Uploading model into container now
2026-09-16 21:16:27,243:INFO:_master_model_container: 15
2026-09-16 21:16:27,243:INFO:_display_container: 3
2026-09-16 21:16:27,243:INFO:KNeighborsClassifier(algorithm='auto', leaf_size=30, metric='minkowski',
                     metric_params=None, n_jobs=-1, n_neighbors=5, p=2,
                     weights='uniform')
2026-09-16 21:16:27,243:INFO:create_model() successfully completed......................................
2026-09-16 21:17:31,172:INFO:Initializing evaluate_model()
2026-09-16 21:17:31,172:INFO:evaluate_model(self=<pycaret.classification.oop.ClassificationExperiment object at 0x00000287133624D0>, estimator=KNeighborsClassifier(algorithm='auto', leaf_size=30, metric='minkowski',
                     metric_params=None, n_jobs=-1, n_neighbors=5, p=2,
                     weights='uniform'), fold=None, fit_kwargs=None, plot_kwargs=None, feature_name=None, groups=None)
2026-09-16 21:17:31,191:INFO:Initializing plot_model()
2026-09-16 21:17:31,192:INFO:plot_model(self=<pycaret.classification.oop.ClassificationExperiment object at 0x00000287133624D0>, estimator=KNeighborsClassifier(algorithm='auto', leaf_size=30, metric='minkowski',
                     metric_params=None, n_jobs=-1, n_neighbors=5, p=2,
                     weights='uniform'), plot=pipeline, scale=1, save=False, fold=StratifiedKFold(n_splits=10, random_state=None, shuffle=False), fit_kwargs={}, plot_kwargs=None, groups=None, feature_name=None, label=False, verbose=False, system=True, display=None, display_format=None)
2026-09-16 21:17:31,192:INFO:Checking exceptions
2026-09-16 21:17:31,193:INFO:Preloading libraries
2026-09-16 21:17:31,194:INFO:Copying training dataset
2026-09-16 21:17:31,194:INFO:Plot type: pipeline
2026-09-16 21:17:31,329:INFO:Visual Rendered Successfully
2026-09-16 21:17:31,374:INFO:plot_model() successfully completed......................................
2026-09-16 21:17:35,306:INFO:Initializing plot_model()
2026-09-16 21:17:35,306:INFO:plot_model(self=<pycaret.classification.oop.ClassificationExperiment object at 0x00000287133624D0>, estimator=KNeighborsClassifier(algorithm='auto', leaf_size=30, metric='minkowski',
                     metric_params=None, n_jobs=-1, n_neighbors=5, p=2,
                     weights='uniform'), plot=parameter, scale=1, save=False, fold=StratifiedKFold(n_splits=10, random_state=None, shuffle=False), fit_kwargs={}, plot_kwargs=None, groups=None, feature_name=None, label=False, verbose=False, system=True, display=None, display_format=None)
2026-09-16 21:17:35,306:INFO:Checking exceptions
2026-09-16 21:17:35,307:INFO:Preloading libraries
2026-09-16 21:17:35,308:INFO:Copying training dataset
2026-09-16 21:17:35,308:INFO:Plot type: parameter
2026-09-16 21:17:35,309:INFO:Visual Rendered Successfully
2026-09-16 21:17:35,373:INFO:plot_model() successfully completed......................................
2026-09-16 21:17:36,058:INFO:Initializing plot_model()
2026-09-16 21:17:36,059:INFO:plot_model(self=<pycaret.classification.oop.ClassificationExperiment object at 0x00000287133624D0>, estimator=KNeighborsClassifier(algorithm='auto', leaf_size=30, metric='minkowski',
                     metric_params=None, n_jobs=-1, n_neighbors=5, p=2,
                     weights='uniform'), plot=pipeline, scale=1, save=False, fold=StratifiedKFold(n_splits=10, random_state=None, shuffle=False), fit_kwargs={}, plot_kwargs=None, groups=None, feature_name=None, label=False, verbose=False, system=True, display=None, display_format=None)
2026-09-16 21:17:36,059:INFO:Checking exceptions
2026-09-16 21:17:36,061:INFO:Preloading libraries
2026-09-16 21:17:36,061:INFO:Copying training dataset
2026-09-16 21:17:36,061:INFO:Plot type: pipeline
2026-09-16 21:17:36,123:INFO:Visual Rendered Successfully
2026-09-16 21:17:36,189:INFO:plot_model() successfully completed......................................
2026-09-16 21:17:41,089:INFO:Initializing plot_model()
2026-09-16 21:17:41,089:INFO:plot_model(self=<pycaret.classification.oop.ClassificationExperiment object at 0x00000287133624D0>, estimator=KNeighborsClassifier(algorithm='auto', leaf_size=30, metric='minkowski',
                     metric_params=None, n_jobs=-1, n_neighbors=5, p=2,
                     weights='uniform'), plot=parameter, scale=1, save=False, fold=StratifiedKFold(n_splits=10, random_state=None, shuffle=False), fit_kwargs={}, plot_kwargs=None, groups=None, feature_name=None, label=False, verbose=False, system=True, display=None, display_format=None)
2026-09-16 21:17:41,089:INFO:Checking exceptions
2026-09-16 21:17:41,092:INFO:Preloading libraries
2026-09-16 21:17:41,092:INFO:Copying training dataset
2026-09-16 21:17:41,092:INFO:Plot type: parameter
2026-09-16 21:17:41,094:INFO:Visual Rendered Successfully
2026-09-16 21:17:41,139:INFO:plot_model() successfully completed......................................
2026-09-16 21:17:43,547:INFO:Initializing plot_model()
2026-09-16 21:17:43,547:INFO:plot_model(self=<pycaret.classification.oop.ClassificationExperiment object at 0x00000287133624D0>, estimator=KNeighborsClassifier(algorithm='auto', leaf_size=30, metric='minkowski',
                     metric_params=None, n_jobs=-1, n_neighbors=5, p=2,
                     weights='uniform'), plot=pipeline, scale=1, save=False, fold=StratifiedKFold(n_splits=10, random_state=None, shuffle=False), fit_kwargs={}, plot_kwargs=None, groups=None, feature_name=None, label=False, verbose=False, system=True, display=None, display_format=None)
2026-09-16 21:17:43,547:INFO:Checking exceptions
2026-09-16 21:17:43,550:INFO:Preloading libraries
2026-09-16 21:17:43,550:INFO:Copying training dataset
2026-09-16 21:17:43,550:INFO:Plot type: pipeline
2026-09-16 21:17:43,620:INFO:Visual Rendered Successfully
2026-09-16 21:17:43,668:INFO:plot_model() successfully completed......................................
2026-09-16 21:18:31,740:INFO:Initializing plot_model()
2026-09-16 21:18:31,741:INFO:plot_model(self=<pycaret.classification.oop.ClassificationExperiment object at 0x00000287133624D0>, estimator=KNeighborsClassifier(algorithm='auto', leaf_size=30, metric='minkowski',
                     metric_params=None, n_jobs=-1, n_neighbors=5, p=2,
                     weights='uniform'), plot=parameter, scale=1, save=False, fold=StratifiedKFold(n_splits=10, random_state=None, shuffle=False), fit_kwargs={}, plot_kwargs=None, groups=None, feature_name=None, label=False, verbose=False, system=True, display=None, display_format=None)
2026-09-16 21:18:31,741:INFO:Checking exceptions
2026-09-16 21:18:31,743:INFO:Preloading libraries
2026-09-16 21:18:31,743:INFO:Copying training dataset
2026-09-16 21:18:31,743:INFO:Plot type: parameter
2026-09-16 21:18:31,745:INFO:Visual Rendered Successfully
2026-09-16 21:18:31,790:INFO:plot_model() successfully completed......................................
2026-09-16 21:18:32,667:INFO:Initializing plot_model()
2026-09-16 21:18:32,667:INFO:plot_model(self=<pycaret.classification.oop.ClassificationExperiment object at 0x00000287133624D0>, estimator=KNeighborsClassifier(algorithm='auto', leaf_size=30, metric='minkowski',
                     metric_params=None, n_jobs=-1, n_neighbors=5, p=2,
                     weights='uniform'), plot=auc, scale=1, save=False, fold=StratifiedKFold(n_splits=10, random_state=None, shuffle=False), fit_kwargs={}, plot_kwargs=None, groups=None, feature_name=None, label=False, verbose=False, system=True, display=None, display_format=None)
2026-09-16 21:18:32,667:INFO:Checking exceptions
2026-09-16 21:18:32,667:INFO:Preloading libraries
2026-09-16 21:18:32,667:INFO:Copying training dataset
2026-09-16 21:18:32,667:INFO:Plot type: auc
2026-09-16 21:18:33,080:INFO:Fitting Model
2026-09-16 21:18:33,088:WARNING:c:\Users\laboratorio\Desktop\Nova Pasta\PyCaret\.venv\Lib\site-packages\sklearn\base.py:493: UserWarning: X does not have valid feature names, but KNeighborsClassifier was fitted with feature names
  warnings.warn(

2026-09-16 21:18:33,088:INFO:Scoring test/hold-out set
2026-09-16 21:18:33,100:WARNING:c:\Users\laboratorio\Desktop\Nova Pasta\PyCaret\.venv\Lib\site-packages\joblib\externals\loky\backend\context.py:136: UserWarning: Could not find the number of physical cores for the following reason:
[WinError 2] O sistema não pode encontrar o arquivo especificado
Returning the number of logical cores instead. You can silence this warning by setting LOKY_MAX_CPU_COUNT to the number of cores you want to use.
  warnings.warn(

2026-09-16 21:18:33,114:WARNING:  File "c:\Users\laboratorio\Desktop\Nova Pasta\PyCaret\.venv\Lib\site-packages\joblib\externals\loky\backend\context.py", line 257, in _count_physical_cores
2026-09-16 21:18:33,114:WARNING:    cpu_info = subprocess.run(
2026-09-16 21:18:33,114:WARNING:               ^^^^^^^^^^^^^^^
2026-09-16 21:18:33,114:WARNING:  File "C:\Users\laboratorio\AppData\Local\Programs\Python\Python311\Lib\subprocess.py", line 548, in run
2026-09-16 21:18:33,114:WARNING:    with Popen(*popenargs, **kwargs) as process:
2026-09-16 21:18:33,114:WARNING:         ^^^^^^^^^^^^^^^^^^^^^^^^^^^
2026-09-16 21:18:33,114:WARNING:  File "C:\Users\laboratorio\AppData\Local\Programs\Python\Python311\Lib\subprocess.py", line 1026, in __init__
2026-09-16 21:18:33,114:WARNING:    self._execute_child(args, executable, preexec_fn, close_fds,
2026-09-16 21:18:33,114:WARNING:  File "C:\Users\laboratorio\AppData\Local\Programs\Python\Python311\Lib\subprocess.py", line 1538, in _execute_child
2026-09-16 21:18:33,114:WARNING:    hp, ht, pid, tid = _winapi.CreateProcess(executable, args,
2026-09-16 21:18:33,114:WARNING:                       ^^^^^^^^^^^^^^^^^^^^^^^^^^^^^^^^^^^^^^^
2026-09-16 21:18:33,114:WARNING:  File "c:\Users\laboratorio\Desktop\Nova Pasta\PyCaret\.venv\Lib\site-packages\debugpy\_vendored\pydevd\_pydev_bundle\pydev_monkey.py", line 927, in new_CreateProcess
2026-09-16 21:18:33,114:WARNING:    return getattr(_subprocess, original_name)(app_name, cmd_line, *args)
2026-09-16 21:18:33,114:WARNING:           ^^^^^^^^^^^^^^^^^^^^^^^^^^^^^^^^^^^^^^^^^^^^^^^^^^^^^^^^^^^^^^
2026-09-16 21:18:33,351:INFO:Visual Rendered Successfully
2026-09-16 21:18:33,398:INFO:plot_model() successfully completed......................................
2026-09-16 21:18:34,810:INFO:Initializing plot_model()
2026-09-16 21:18:34,810:INFO:plot_model(self=<pycaret.classification.oop.ClassificationExperiment object at 0x00000287133624D0>, estimator=KNeighborsClassifier(algorithm='auto', leaf_size=30, metric='minkowski',
                     metric_params=None, n_jobs=-1, n_neighbors=5, p=2,
                     weights='uniform'), plot=confusion_matrix, scale=1, save=False, fold=StratifiedKFold(n_splits=10, random_state=None, shuffle=False), fit_kwargs={}, plot_kwargs=None, groups=None, feature_name=None, label=False, verbose=False, system=True, display=None, display_format=None)
2026-09-16 21:18:34,810:INFO:Checking exceptions
2026-09-16 21:18:34,810:INFO:Preloading libraries
2026-09-16 21:18:34,810:INFO:Copying training dataset
2026-09-16 21:18:34,810:INFO:Plot type: confusion_matrix
2026-09-16 21:18:35,233:INFO:Fitting Model
2026-09-16 21:18:35,233:WARNING:c:\Users\laboratorio\Desktop\Nova Pasta\PyCaret\.venv\Lib\site-packages\sklearn\base.py:493: UserWarning: X does not have valid feature names, but KNeighborsClassifier was fitted with feature names
  warnings.warn(

2026-09-16 21:18:35,233:INFO:Scoring test/hold-out set
2026-09-16 21:18:35,458:INFO:Visual Rendered Successfully
2026-09-16 21:18:35,503:INFO:plot_model() successfully completed......................................
2026-09-16 21:18:40,914:INFO:Initializing plot_model()
2026-09-16 21:18:40,915:INFO:plot_model(self=<pycaret.classification.oop.ClassificationExperiment object at 0x00000287133624D0>, estimator=KNeighborsClassifier(algorithm='auto', leaf_size=30, metric='minkowski',
                     metric_params=None, n_jobs=-1, n_neighbors=5, p=2,
                     weights='uniform'), plot=threshold, scale=1, save=False, fold=StratifiedKFold(n_splits=10, random_state=None, shuffle=False), fit_kwargs={}, plot_kwargs=None, groups=None, feature_name=None, label=False, verbose=False, system=True, display=None, display_format=None)
2026-09-16 21:18:40,915:INFO:Checking exceptions
2026-09-16 21:18:40,915:INFO:Preloading libraries
2026-09-16 21:18:40,915:INFO:Copying training dataset
2026-09-16 21:18:40,915:INFO:Plot type: threshold
2026-09-16 21:18:41,318:INFO:Fitting Model
2026-09-16 21:18:42,722:WARNING:c:\Users\laboratorio\Desktop\Nova Pasta\PyCaret\.venv\Lib\site-packages\sklearn\base.py:493: UserWarning: X does not have valid feature names, but KNeighborsClassifier was fitted with feature names
  warnings.warn(

2026-09-16 21:18:42,735:INFO:Scoring test/hold-out set
2026-09-16 21:18:42,953:INFO:Visual Rendered Successfully
2026-09-16 21:18:43,014:INFO:plot_model() successfully completed......................................
2026-09-16 21:18:52,161:INFO:Initializing plot_model()
2026-09-16 21:18:52,161:INFO:plot_model(self=<pycaret.classification.oop.ClassificationExperiment object at 0x00000287133624D0>, estimator=KNeighborsClassifier(algorithm='auto', leaf_size=30, metric='minkowski',
                     metric_params=None, n_jobs=-1, n_neighbors=5, p=2,
                     weights='uniform'), plot=pr, scale=1, save=False, fold=StratifiedKFold(n_splits=10, random_state=None, shuffle=False), fit_kwargs={}, plot_kwargs=None, groups=None, feature_name=None, label=False, verbose=False, system=True, display=None, display_format=None)
2026-09-16 21:18:52,161:INFO:Checking exceptions
2026-09-16 21:18:52,163:INFO:Preloading libraries
2026-09-16 21:18:52,163:INFO:Copying training dataset
2026-09-16 21:18:52,163:INFO:Plot type: pr
2026-09-16 21:18:52,568:INFO:Fitting Model
2026-09-16 21:18:52,568:WARNING:c:\Users\laboratorio\Desktop\Nova Pasta\PyCaret\.venv\Lib\site-packages\sklearn\base.py:493: UserWarning: X does not have valid feature names, but KNeighborsClassifier was fitted with feature names
  warnings.warn(

2026-09-16 21:18:52,568:INFO:Scoring test/hold-out set
2026-09-16 21:18:52,751:INFO:Visual Rendered Successfully
2026-09-16 21:18:52,804:INFO:plot_model() successfully completed......................................
2026-09-16 21:18:59,387:INFO:Initializing plot_model()
2026-09-16 21:18:59,387:INFO:plot_model(self=<pycaret.classification.oop.ClassificationExperiment object at 0x00000287133624D0>, estimator=KNeighborsClassifier(algorithm='auto', leaf_size=30, metric='minkowski',
                     metric_params=None, n_jobs=-1, n_neighbors=5, p=2,
                     weights='uniform'), plot=error, scale=1, save=False, fold=StratifiedKFold(n_splits=10, random_state=None, shuffle=False), fit_kwargs={}, plot_kwargs=None, groups=None, feature_name=None, label=False, verbose=False, system=True, display=None, display_format=None)
2026-09-16 21:18:59,387:INFO:Checking exceptions
2026-09-16 21:18:59,390:INFO:Preloading libraries
2026-09-16 21:18:59,390:INFO:Copying training dataset
2026-09-16 21:18:59,390:INFO:Plot type: error
2026-09-16 21:18:59,820:INFO:Fitting Model
2026-09-16 21:18:59,820:WARNING:c:\Users\laboratorio\Desktop\Nova Pasta\PyCaret\.venv\Lib\site-packages\sklearn\base.py:493: UserWarning: X does not have valid feature names, but KNeighborsClassifier was fitted with feature names
  warnings.warn(

2026-09-16 21:18:59,821:INFO:Scoring test/hold-out set
2026-09-16 21:19:00,032:INFO:Visual Rendered Successfully
2026-09-16 21:19:00,115:INFO:plot_model() successfully completed......................................
2026-09-16 21:19:02,770:INFO:Initializing plot_model()
2026-09-16 21:19:02,770:INFO:plot_model(self=<pycaret.classification.oop.ClassificationExperiment object at 0x00000287133624D0>, estimator=KNeighborsClassifier(algorithm='auto', leaf_size=30, metric='minkowski',
                     metric_params=None, n_jobs=-1, n_neighbors=5, p=2,
                     weights='uniform'), plot=class_report, scale=1, save=False, fold=StratifiedKFold(n_splits=10, random_state=None, shuffle=False), fit_kwargs={}, plot_kwargs=None, groups=None, feature_name=None, label=False, verbose=False, system=True, display=None, display_format=None)
2026-09-16 21:19:02,770:INFO:Checking exceptions
2026-09-16 21:19:02,773:INFO:Preloading libraries
2026-09-16 21:19:02,774:INFO:Copying training dataset
2026-09-16 21:19:02,774:INFO:Plot type: class_report
2026-09-16 21:19:03,201:INFO:Fitting Model
2026-09-16 21:19:03,201:WARNING:c:\Users\laboratorio\Desktop\Nova Pasta\PyCaret\.venv\Lib\site-packages\sklearn\base.py:493: UserWarning: X does not have valid feature names, but KNeighborsClassifier was fitted with feature names
  warnings.warn(

2026-09-16 21:19:03,201:INFO:Scoring test/hold-out set
2026-09-16 21:19:03,427:INFO:Visual Rendered Successfully
2026-09-16 21:19:03,495:INFO:plot_model() successfully completed......................................
2026-09-16 21:19:08,715:INFO:Initializing plot_model()
2026-09-16 21:19:08,715:INFO:plot_model(self=<pycaret.classification.oop.ClassificationExperiment object at 0x00000287133624D0>, estimator=KNeighborsClassifier(algorithm='auto', leaf_size=30, metric='minkowski',
                     metric_params=None, n_jobs=-1, n_neighbors=5, p=2,
                     weights='uniform'), plot=rfe, scale=1, save=False, fold=StratifiedKFold(n_splits=10, random_state=None, shuffle=False), fit_kwargs={}, plot_kwargs=None, groups=None, feature_name=None, label=False, verbose=False, system=True, display=None, display_format=None)
2026-09-16 21:19:08,715:INFO:Checking exceptions
2026-09-16 21:19:15,347:INFO:Initializing plot_model()
2026-09-16 21:19:15,347:INFO:plot_model(self=<pycaret.classification.oop.ClassificationExperiment object at 0x00000287133624D0>, estimator=KNeighborsClassifier(algorithm='auto', leaf_size=30, metric='minkowski',
                     metric_params=None, n_jobs=-1, n_neighbors=5, p=2,
                     weights='uniform'), plot=learning, scale=1, save=False, fold=StratifiedKFold(n_splits=10, random_state=None, shuffle=False), fit_kwargs={}, plot_kwargs=None, groups=None, feature_name=None, label=False, verbose=False, system=True, display=None, display_format=None)
2026-09-16 21:19:15,347:INFO:Checking exceptions
2026-09-16 21:19:15,347:INFO:Preloading libraries
2026-09-16 21:19:15,347:INFO:Copying training dataset
2026-09-16 21:19:15,347:INFO:Plot type: learning
2026-09-16 21:19:15,752:INFO:Fitting Model
2026-09-16 21:19:19,558:INFO:Visual Rendered Successfully
2026-09-16 21:19:19,626:INFO:plot_model() successfully completed......................................
2026-09-16 21:19:19,656:INFO:Initializing plot_model()
2026-09-16 21:19:19,656:INFO:plot_model(self=<pycaret.classification.oop.ClassificationExperiment object at 0x00000287133624D0>, estimator=KNeighborsClassifier(algorithm='auto', leaf_size=30, metric='minkowski',
                     metric_params=None, n_jobs=-1, n_neighbors=5, p=2,
                     weights='uniform'), plot=manifold, scale=1, save=False, fold=StratifiedKFold(n_splits=10, random_state=None, shuffle=False), fit_kwargs={}, plot_kwargs=None, groups=None, feature_name=None, label=False, verbose=False, system=True, display=None, display_format=None)
2026-09-16 21:19:19,656:INFO:Checking exceptions
2026-09-16 21:19:19,658:INFO:Preloading libraries
2026-09-16 21:19:19,658:INFO:Copying training dataset
2026-09-16 21:19:19,658:INFO:Plot type: manifold
2026-09-16 21:19:20,093:INFO:Fitting & Transforming Model
2026-09-16 21:19:27,232:INFO:Visual Rendered Successfully
2026-09-16 21:19:27,307:INFO:plot_model() successfully completed......................................
2026-09-16 21:19:27,458:INFO:Initializing plot_model()
2026-09-16 21:19:27,459:INFO:plot_model(self=<pycaret.classification.oop.ClassificationExperiment object at 0x00000287133624D0>, estimator=KNeighborsClassifier(algorithm='auto', leaf_size=30, metric='minkowski',
                     metric_params=None, n_jobs=-1, n_neighbors=5, p=2,
                     weights='uniform'), plot=auc, scale=1, save=False, fold=StratifiedKFold(n_splits=10, random_state=None, shuffle=False), fit_kwargs={}, plot_kwargs=None, groups=None, feature_name=None, label=False, verbose=False, system=True, display=None, display_format=None)
2026-09-16 21:19:27,459:INFO:Checking exceptions
2026-09-16 21:19:27,461:INFO:Preloading libraries
2026-09-16 21:19:27,461:INFO:Copying training dataset
2026-09-16 21:19:27,462:INFO:Plot type: auc
2026-09-16 21:19:27,883:INFO:Fitting Model
2026-09-16 21:19:27,884:WARNING:c:\Users\laboratorio\Desktop\Nova Pasta\PyCaret\.venv\Lib\site-packages\sklearn\base.py:493: UserWarning: X does not have valid feature names, but KNeighborsClassifier was fitted with feature names
  warnings.warn(

2026-09-16 21:19:27,884:INFO:Scoring test/hold-out set
2026-09-16 21:19:28,063:INFO:Visual Rendered Successfully
2026-09-16 21:19:28,145:INFO:plot_model() successfully completed......................................
2026-09-16 21:19:28,619:INFO:Initializing plot_model()
2026-09-16 21:19:28,619:INFO:plot_model(self=<pycaret.classification.oop.ClassificationExperiment object at 0x00000287133624D0>, estimator=KNeighborsClassifier(algorithm='auto', leaf_size=30, metric='minkowski',
                     metric_params=None, n_jobs=-1, n_neighbors=5, p=2,
                     weights='uniform'), plot=calibration, scale=1, save=False, fold=StratifiedKFold(n_splits=10, random_state=None, shuffle=False), fit_kwargs={}, plot_kwargs=None, groups=None, feature_name=None, label=False, verbose=False, system=True, display=None, display_format=None)
2026-09-16 21:19:28,619:INFO:Checking exceptions
2026-09-16 21:19:28,621:INFO:Preloading libraries
2026-09-16 21:19:28,622:INFO:Copying training dataset
2026-09-16 21:19:28,622:INFO:Plot type: calibration
2026-09-16 21:19:28,628:INFO:Scoring test/hold-out set
2026-09-16 21:19:28,910:INFO:Visual Rendered Successfully
2026-09-16 21:19:28,997:INFO:plot_model() successfully completed......................................
2026-09-16 21:19:30,651:INFO:Initializing plot_model()
2026-09-16 21:19:30,651:INFO:plot_model(self=<pycaret.classification.oop.ClassificationExperiment object at 0x00000287133624D0>, estimator=KNeighborsClassifier(algorithm='auto', leaf_size=30, metric='minkowski',
                     metric_params=None, n_jobs=-1, n_neighbors=5, p=2,
                     weights='uniform'), plot=manifold, scale=1, save=False, fold=StratifiedKFold(n_splits=10, random_state=None, shuffle=False), fit_kwargs={}, plot_kwargs=None, groups=None, feature_name=None, label=False, verbose=False, system=True, display=None, display_format=None)
2026-09-16 21:19:30,651:INFO:Checking exceptions
2026-09-16 21:19:30,651:INFO:Preloading libraries
2026-09-16 21:19:30,651:INFO:Copying training dataset
2026-09-16 21:19:30,651:INFO:Plot type: manifold
2026-09-16 21:19:31,056:INFO:Fitting & Transforming Model
2026-09-16 21:19:38,215:INFO:Visual Rendered Successfully
2026-09-16 21:19:38,297:INFO:plot_model() successfully completed......................................
2026-09-16 21:19:42,979:INFO:Initializing plot_model()
2026-09-16 21:19:42,979:INFO:plot_model(self=<pycaret.classification.oop.ClassificationExperiment object at 0x00000287133624D0>, estimator=KNeighborsClassifier(algorithm='auto', leaf_size=30, metric='minkowski',
                     metric_params=None, n_jobs=-1, n_neighbors=5, p=2,
                     weights='uniform'), plot=vc, scale=1, save=False, fold=StratifiedKFold(n_splits=10, random_state=None, shuffle=False), fit_kwargs={}, plot_kwargs=None, groups=None, feature_name=None, label=False, verbose=False, system=True, display=None, display_format=None)
2026-09-16 21:19:42,979:INFO:Checking exceptions
2026-09-16 21:19:42,979:INFO:Preloading libraries
2026-09-16 21:19:42,979:INFO:Copying training dataset
2026-09-16 21:19:42,979:INFO:Plot type: vc
2026-09-16 21:19:42,979:INFO:Determining param_name
2026-09-16 21:19:42,979:INFO:param_name: n_neighbors
2026-09-16 21:19:43,386:INFO:Fitting Model
2026-09-16 21:19:47,020:INFO:Visual Rendered Successfully
2026-09-16 21:19:47,105:INFO:plot_model() successfully completed......................................
2026-09-16 21:19:47,111:INFO:Initializing plot_model()
2026-09-16 21:19:47,112:INFO:plot_model(self=<pycaret.classification.oop.ClassificationExperiment object at 0x00000287133624D0>, estimator=KNeighborsClassifier(algorithm='auto', leaf_size=30, metric='minkowski',
                     metric_params=None, n_jobs=-1, n_neighbors=5, p=2,
                     weights='uniform'), plot=dimension, scale=1, save=False, fold=StratifiedKFold(n_splits=10, random_state=None, shuffle=False), fit_kwargs={}, plot_kwargs=None, groups=None, feature_name=None, label=False, verbose=False, system=True, display=None, display_format=None)
2026-09-16 21:19:47,112:INFO:Checking exceptions
2026-09-16 21:19:47,113:INFO:Preloading libraries
2026-09-16 21:19:47,114:INFO:Copying training dataset
2026-09-16 21:19:47,114:INFO:Plot type: dimension
2026-09-16 21:19:47,236:INFO:Fitting StandardScaler()
2026-09-16 21:19:47,354:INFO:Fitting PCA()
2026-09-16 21:19:47,810:INFO:Fitting & Transforming Model
2026-09-16 21:19:47,918:INFO:Visual Rendered Successfully
2026-09-16 21:19:47,997:INFO:plot_model() successfully completed......................................
2026-09-16 21:19:51,242:INFO:Initializing plot_model()
2026-09-16 21:19:51,243:INFO:plot_model(self=<pycaret.classification.oop.ClassificationExperiment object at 0x00000287133624D0>, estimator=KNeighborsClassifier(algorithm='auto', leaf_size=30, metric='minkowski',
                     metric_params=None, n_jobs=-1, n_neighbors=5, p=2,
                     weights='uniform'), plot=boundary, scale=1, save=False, fold=StratifiedKFold(n_splits=10, random_state=None, shuffle=False), fit_kwargs={}, plot_kwargs=None, groups=None, feature_name=None, label=False, verbose=False, system=True, display=None, display_format=None)
2026-09-16 21:19:51,243:INFO:Checking exceptions
2026-09-16 21:19:51,244:INFO:Preloading libraries
2026-09-16 21:19:51,244:INFO:Copying training dataset
2026-09-16 21:19:51,244:INFO:Plot type: boundary
2026-09-16 21:19:51,448:INFO:Fitting StandardScaler()
2026-09-16 21:19:51,448:INFO:Fitting PCA()
2026-09-16 21:19:51,685:INFO:Fitting Model
2026-09-16 21:19:54,607:INFO:Visual Rendered Successfully
2026-09-16 21:19:54,728:INFO:plot_model() successfully completed......................................
2026-09-16 21:20:04,139:INFO:Initializing plot_model()
2026-09-16 21:20:04,140:INFO:plot_model(self=<pycaret.classification.oop.ClassificationExperiment object at 0x00000287133624D0>, estimator=KNeighborsClassifier(algorithm='auto', leaf_size=30, metric='minkowski',
                     metric_params=None, n_jobs=-1, n_neighbors=5, p=2,
                     weights='uniform'), plot=rfe, scale=1, save=False, fold=StratifiedKFold(n_splits=10, random_state=None, shuffle=False), fit_kwargs={}, plot_kwargs=None, groups=None, feature_name=None, label=False, verbose=False, system=True, display=None, display_format=None)
2026-09-16 21:20:04,140:INFO:Checking exceptions
2026-09-16 21:20:04,667:INFO:Initializing plot_model()
2026-09-16 21:20:04,667:INFO:plot_model(self=<pycaret.classification.oop.ClassificationExperiment object at 0x00000287133624D0>, estimator=KNeighborsClassifier(algorithm='auto', leaf_size=30, metric='minkowski',
                     metric_params=None, n_jobs=-1, n_neighbors=5, p=2,
                     weights='uniform'), plot=lift, scale=1, save=False, fold=StratifiedKFold(n_splits=10, random_state=None, shuffle=False), fit_kwargs={}, plot_kwargs=None, groups=None, feature_name=None, label=False, verbose=False, system=True, display=None, display_format=None)
2026-09-16 21:20:04,667:INFO:Checking exceptions
2026-09-16 21:20:04,670:INFO:Preloading libraries
2026-09-16 21:20:04,670:INFO:Copying training dataset
2026-09-16 21:20:04,670:INFO:Plot type: lift
2026-09-16 21:20:04,670:INFO:Generating predictions / predict_proba on X_test
2026-09-16 21:20:04,969:INFO:Visual Rendered Successfully
2026-09-16 21:20:05,046:INFO:plot_model() successfully completed......................................
2026-09-16 21:20:06,779:INFO:Initializing plot_model()
2026-09-16 21:20:06,779:INFO:plot_model(self=<pycaret.classification.oop.ClassificationExperiment object at 0x00000287133624D0>, estimator=KNeighborsClassifier(algorithm='auto', leaf_size=30, metric='minkowski',
                     metric_params=None, n_jobs=-1, n_neighbors=5, p=2,
                     weights='uniform'), plot=gain, scale=1, save=False, fold=StratifiedKFold(n_splits=10, random_state=None, shuffle=False), fit_kwargs={}, plot_kwargs=None, groups=None, feature_name=None, label=False, verbose=False, system=True, display=None, display_format=None)
2026-09-16 21:20:06,779:INFO:Checking exceptions
2026-09-16 21:20:06,779:INFO:Preloading libraries
2026-09-16 21:20:06,779:INFO:Copying training dataset
2026-09-16 21:20:06,779:INFO:Plot type: gain
2026-09-16 21:20:06,779:INFO:Generating predictions / predict_proba on X_test
2026-09-16 21:20:07,080:INFO:Visual Rendered Successfully
2026-09-16 21:20:07,138:INFO:plot_model() successfully completed......................................
2026-09-16 21:20:55,311:INFO:Initializing plot_model()
2026-09-16 21:20:55,311:INFO:plot_model(self=<pycaret.classification.oop.ClassificationExperiment object at 0x00000287133624D0>, estimator=KNeighborsClassifier(algorithm='auto', leaf_size=30, metric='minkowski',
                     metric_params=None, n_jobs=-1, n_neighbors=5, p=2,
                     weights='uniform'), plot=pipeline, scale=1, save=False, fold=StratifiedKFold(n_splits=10, random_state=None, shuffle=False), fit_kwargs={}, plot_kwargs=None, groups=None, feature_name=None, label=False, verbose=False, system=True, display=None, display_format=None)
2026-09-16 21:20:55,311:INFO:Checking exceptions
2026-09-16 21:20:55,311:INFO:Preloading libraries
2026-09-16 21:20:55,311:INFO:Copying training dataset
2026-09-16 21:20:55,311:INFO:Plot type: pipeline
2026-09-16 21:20:55,389:INFO:Visual Rendered Successfully
2026-09-16 21:20:55,465:INFO:plot_model() successfully completed......................................
2026-09-16 21:24:02,226:INFO:Initializing plot_model()
2026-09-16 21:24:02,226:INFO:plot_model(self=<pycaret.classification.oop.ClassificationExperiment object at 0x00000287133624D0>, estimator=KNeighborsClassifier(algorithm='auto', leaf_size=30, metric='minkowski',
                     metric_params=None, n_jobs=-1, n_neighbors=5, p=2,
                     weights='uniform'), plot=ks, scale=1, save=False, fold=StratifiedKFold(n_splits=10, random_state=None, shuffle=False), fit_kwargs={}, plot_kwargs=None, groups=None, feature_name=None, label=False, verbose=False, system=True, display=None, display_format=None)
2026-09-16 21:24:02,226:INFO:Checking exceptions
2026-09-16 21:24:02,228:INFO:Preloading libraries
2026-09-16 21:24:02,228:INFO:Copying training dataset
2026-09-16 21:24:02,228:INFO:Plot type: ks
2026-09-16 21:24:02,228:INFO:Generating predictions / predict_proba on X_test
2026-09-16 21:24:02,645:INFO:Visual Rendered Successfully
2026-09-16 21:24:02,746:INFO:plot_model() successfully completed......................................
2026-09-16 21:24:04,651:INFO:Initializing plot_model()
2026-09-16 21:24:04,652:INFO:plot_model(self=<pycaret.classification.oop.ClassificationExperiment object at 0x00000287133624D0>, estimator=KNeighborsClassifier(algorithm='auto', leaf_size=30, metric='minkowski',
                     metric_params=None, n_jobs=-1, n_neighbors=5, p=2,
                     weights='uniform'), plot=pipeline, scale=1, save=False, fold=StratifiedKFold(n_splits=10, random_state=None, shuffle=False), fit_kwargs={}, plot_kwargs=None, groups=None, feature_name=None, label=False, verbose=False, system=True, display=None, display_format=None)
2026-09-16 21:24:04,652:INFO:Checking exceptions
2026-09-16 21:24:04,653:INFO:Preloading libraries
2026-09-16 21:24:04,653:INFO:Copying training dataset
2026-09-16 21:24:04,653:INFO:Plot type: pipeline
2026-09-16 21:24:04,720:INFO:Visual Rendered Successfully
2026-09-16 21:24:04,795:INFO:plot_model() successfully completed......................................
2026-09-16 21:27:57,725:INFO:Initializing plot_model()
2026-09-16 21:27:57,725:INFO:plot_model(self=<pycaret.classification.oop.ClassificationExperiment object at 0x00000287133624D0>, estimator=KNeighborsClassifier(algorithm='auto', leaf_size=30, metric='minkowski',
                     metric_params=None, n_jobs=-1, n_neighbors=5, p=2,
                     weights='uniform'), plot=confusion_matrix, scale=1, save=False, fold=StratifiedKFold(n_splits=10, random_state=None, shuffle=False), fit_kwargs={}, plot_kwargs=None, groups=None, feature_name=None, label=False, verbose=False, system=True, display=None, display_format=None)
2026-09-16 21:27:57,725:INFO:Checking exceptions
2026-09-16 21:27:57,727:INFO:Preloading libraries
2026-09-16 21:27:57,727:INFO:Copying training dataset
2026-09-16 21:27:57,727:INFO:Plot type: confusion_matrix
2026-09-16 21:27:57,971:INFO:Fitting Model
2026-09-16 21:27:57,971:WARNING:c:\Users\laboratorio\Desktop\Nova Pasta\PyCaret\.venv\Lib\site-packages\sklearn\base.py:493: UserWarning: X does not have valid feature names, but KNeighborsClassifier was fitted with feature names
  warnings.warn(

2026-09-16 21:27:57,971:INFO:Scoring test/hold-out set
2026-09-16 21:27:58,149:INFO:Visual Rendered Successfully
2026-09-16 21:27:58,212:INFO:plot_model() successfully completed......................................
2026-09-16 21:29:46,404:INFO:Initializing plot_model()
2026-09-16 21:29:46,404:INFO:plot_model(self=<pycaret.classification.oop.ClassificationExperiment object at 0x00000287133624D0>, estimator=KNeighborsClassifier(algorithm='auto', leaf_size=30, metric='minkowski',
                     metric_params=None, n_jobs=-1, n_neighbors=5, p=2,
                     weights='uniform'), plot=dimension, scale=1, save=False, fold=StratifiedKFold(n_splits=10, random_state=None, shuffle=False), fit_kwargs={}, plot_kwargs=None, groups=None, feature_name=None, label=False, verbose=False, system=True, display=None, display_format=None)
2026-09-16 21:29:46,404:INFO:Checking exceptions
2026-09-16 21:29:46,404:INFO:Preloading libraries
2026-09-16 21:29:46,407:INFO:Copying training dataset
2026-09-16 21:29:46,407:INFO:Plot type: dimension
2026-09-16 21:29:46,435:INFO:Fitting StandardScaler()
2026-09-16 21:29:46,459:INFO:Fitting PCA()
2026-09-16 21:29:46,700:INFO:Fitting & Transforming Model
2026-09-16 21:29:46,811:INFO:Visual Rendered Successfully
2026-09-16 21:29:46,890:INFO:plot_model() successfully completed......................................
2026-09-16 21:29:49,699:INFO:Initializing plot_model()
2026-09-16 21:29:49,699:INFO:plot_model(self=<pycaret.classification.oop.ClassificationExperiment object at 0x00000287133624D0>, estimator=KNeighborsClassifier(algorithm='auto', leaf_size=30, metric='minkowski',
                     metric_params=None, n_jobs=-1, n_neighbors=5, p=2,
                     weights='uniform'), plot=ks, scale=1, save=False, fold=StratifiedKFold(n_splits=10, random_state=None, shuffle=False), fit_kwargs={}, plot_kwargs=None, groups=None, feature_name=None, label=False, verbose=False, system=True, display=None, display_format=None)
2026-09-16 21:29:49,699:INFO:Checking exceptions
2026-09-16 21:29:49,699:INFO:Preloading libraries
2026-09-16 21:29:49,699:INFO:Copying training dataset
2026-09-16 21:29:49,699:INFO:Plot type: ks
2026-09-16 21:29:49,699:INFO:Generating predictions / predict_proba on X_test
2026-09-16 21:29:49,881:INFO:Visual Rendered Successfully
2026-09-16 21:29:49,946:INFO:plot_model() successfully completed......................................
2026-09-16 21:29:51,291:INFO:Initializing plot_model()
2026-09-16 21:29:51,292:INFO:plot_model(self=<pycaret.classification.oop.ClassificationExperiment object at 0x00000287133624D0>, estimator=KNeighborsClassifier(algorithm='auto', leaf_size=30, metric='minkowski',
                     metric_params=None, n_jobs=-1, n_neighbors=5, p=2,
                     weights='uniform'), plot=tree, scale=1, save=False, fold=StratifiedKFold(n_splits=10, random_state=None, shuffle=False), fit_kwargs={}, plot_kwargs=None, groups=None, feature_name=None, label=False, verbose=False, system=True, display=None, display_format=None)
2026-09-16 21:29:51,292:INFO:Checking exceptions
2026-09-16 21:30:02,276:INFO:Initializing plot_model()
2026-09-16 21:30:02,276:INFO:plot_model(self=<pycaret.classification.oop.ClassificationExperiment object at 0x00000287133624D0>, estimator=KNeighborsClassifier(algorithm='auto', leaf_size=30, metric='minkowski',
                     metric_params=None, n_jobs=-1, n_neighbors=5, p=2,
                     weights='uniform'), plot=gain, scale=1, save=False, fold=StratifiedKFold(n_splits=10, random_state=None, shuffle=False), fit_kwargs={}, plot_kwargs=None, groups=None, feature_name=None, label=False, verbose=False, system=True, display=None, display_format=None)
2026-09-16 21:30:02,276:INFO:Checking exceptions
2026-09-16 21:30:02,279:INFO:Preloading libraries
2026-09-16 21:30:02,279:INFO:Copying training dataset
2026-09-16 21:30:02,279:INFO:Plot type: gain
2026-09-16 21:30:02,280:INFO:Generating predictions / predict_proba on X_test
2026-09-16 21:30:02,572:INFO:Visual Rendered Successfully
2026-09-16 21:30:02,624:INFO:plot_model() successfully completed......................................
2026-09-16 21:30:03,828:INFO:Initializing plot_model()
2026-09-16 21:30:03,828:INFO:plot_model(self=<pycaret.classification.oop.ClassificationExperiment object at 0x00000287133624D0>, estimator=KNeighborsClassifier(algorithm='auto', leaf_size=30, metric='minkowski',
                     metric_params=None, n_jobs=-1, n_neighbors=5, p=2,
                     weights='uniform'), plot=pipeline, scale=1, save=False, fold=StratifiedKFold(n_splits=10, random_state=None, shuffle=False), fit_kwargs={}, plot_kwargs=None, groups=None, feature_name=None, label=False, verbose=False, system=True, display=None, display_format=None)
2026-09-16 21:30:03,828:INFO:Checking exceptions
2026-09-16 21:30:03,830:INFO:Preloading libraries
2026-09-16 21:30:03,831:INFO:Copying training dataset
2026-09-16 21:30:03,831:INFO:Plot type: pipeline
2026-09-16 21:30:03,890:INFO:Visual Rendered Successfully
2026-09-16 21:30:03,973:INFO:plot_model() successfully completed......................................
2026-09-16 21:33:55,810:INFO:Initializing tune_model()
2026-09-16 21:33:55,810:INFO:tune_model(self=<pycaret.classification.oop.ClassificationExperiment object at 0x00000287133624D0>, estimator=KNeighborsClassifier(algorithm='auto', leaf_size=30, metric='minkowski',
                     metric_params=None, n_jobs=-1, n_neighbors=5, p=2,
                     weights='uniform'), fold=None, round=4, n_iter=10, custom_grid=None, optimize=Accuracy, custom_scorer=None, search_library=scikit-learn, search_algorithm=None, early_stopping=False, early_stopping_max_iters=10, choose_better=True, fit_kwargs=None, groups=None, return_tuner=False, verbose=True, tuner_verbose=True, return_train_score=False, kwargs={})
2026-09-16 21:33:55,810:INFO:Checking exceptions
2026-09-16 21:33:55,820:INFO:Copying training dataset
2026-09-16 21:33:55,823:INFO:Checking base model
2026-09-16 21:33:55,823:INFO:Base model : K Neighbors Classifier
2026-09-16 21:33:55,825:INFO:Declaring metric variables
2026-09-16 21:33:55,827:INFO:Defining Hyperparameters
2026-09-16 21:33:55,923:INFO:Tuning with n_jobs=-1
2026-09-16 21:33:55,923:INFO:Initializing RandomizedSearchCV
2026-09-16 21:34:02,034:WARNING:c:\Users\laboratorio\Desktop\Nova Pasta\PyCaret\.venv\Lib\site-packages\_distutils_hack\__init__.py:33: UserWarning: Setuptools is replacing distutils.
  warnings.warn("Setuptools is replacing distutils.")

2026-09-16 21:34:02,036:WARNING:c:\Users\laboratorio\Desktop\Nova Pasta\PyCaret\.venv\Lib\site-packages\_distutils_hack\__init__.py:33: UserWarning: Setuptools is replacing distutils.
  warnings.warn("Setuptools is replacing distutils.")

2026-09-16 21:34:02,080:WARNING:c:\Users\laboratorio\Desktop\Nova Pasta\PyCaret\.venv\Lib\site-packages\_distutils_hack\__init__.py:33: UserWarning: Setuptools is replacing distutils.
  warnings.warn("Setuptools is replacing distutils.")

2026-09-16 21:34:02,130:WARNING:c:\Users\laboratorio\Desktop\Nova Pasta\PyCaret\.venv\Lib\site-packages\_distutils_hack\__init__.py:33: UserWarning: Setuptools is replacing distutils.
  warnings.warn("Setuptools is replacing distutils.")

2026-09-16 21:34:02,159:WARNING:c:\Users\laboratorio\Desktop\Nova Pasta\PyCaret\.venv\Lib\site-packages\_distutils_hack\__init__.py:33: UserWarning: Setuptools is replacing distutils.
  warnings.warn("Setuptools is replacing distutils.")

2026-09-16 21:34:02,185:WARNING:c:\Users\laboratorio\Desktop\Nova Pasta\PyCaret\.venv\Lib\site-packages\_distutils_hack\__init__.py:33: UserWarning: Setuptools is replacing distutils.
  warnings.warn("Setuptools is replacing distutils.")

2026-09-16 21:34:02,190:WARNING:c:\Users\laboratorio\Desktop\Nova Pasta\PyCaret\.venv\Lib\site-packages\_distutils_hack\__init__.py:33: UserWarning: Setuptools is replacing distutils.
  warnings.warn("Setuptools is replacing distutils.")

2026-09-16 21:34:02,214:WARNING:c:\Users\laboratorio\Desktop\Nova Pasta\PyCaret\.venv\Lib\site-packages\_distutils_hack\__init__.py:33: UserWarning: Setuptools is replacing distutils.
  warnings.warn("Setuptools is replacing distutils.")

2026-09-16 21:34:02,238:WARNING:c:\Users\laboratorio\Desktop\Nova Pasta\PyCaret\.venv\Lib\site-packages\_distutils_hack\__init__.py:33: UserWarning: Setuptools is replacing distutils.
  warnings.warn("Setuptools is replacing distutils.")

2026-09-16 21:34:02,250:WARNING:c:\Users\laboratorio\Desktop\Nova Pasta\PyCaret\.venv\Lib\site-packages\_distutils_hack\__init__.py:33: UserWarning: Setuptools is replacing distutils.
  warnings.warn("Setuptools is replacing distutils.")

2026-09-16 21:34:02,264:WARNING:c:\Users\laboratorio\Desktop\Nova Pasta\PyCaret\.venv\Lib\site-packages\_distutils_hack\__init__.py:33: UserWarning: Setuptools is replacing distutils.
  warnings.warn("Setuptools is replacing distutils.")

2026-09-16 21:34:02,272:WARNING:c:\Users\laboratorio\Desktop\Nova Pasta\PyCaret\.venv\Lib\site-packages\_distutils_hack\__init__.py:33: UserWarning: Setuptools is replacing distutils.
  warnings.warn("Setuptools is replacing distutils.")

2026-09-16 21:34:02,278:WARNING:c:\Users\laboratorio\Desktop\Nova Pasta\PyCaret\.venv\Lib\site-packages\_distutils_hack\__init__.py:33: UserWarning: Setuptools is replacing distutils.
  warnings.warn("Setuptools is replacing distutils.")

2026-09-16 21:34:02,284:WARNING:c:\Users\laboratorio\Desktop\Nova Pasta\PyCaret\.venv\Lib\site-packages\_distutils_hack\__init__.py:33: UserWarning: Setuptools is replacing distutils.
  warnings.warn("Setuptools is replacing distutils.")

2026-09-16 21:34:02,288:WARNING:c:\Users\laboratorio\Desktop\Nova Pasta\PyCaret\.venv\Lib\site-packages\_distutils_hack\__init__.py:33: UserWarning: Setuptools is replacing distutils.
  warnings.warn("Setuptools is replacing distutils.")

2026-09-16 21:34:02,293:WARNING:c:\Users\laboratorio\Desktop\Nova Pasta\PyCaret\.venv\Lib\site-packages\_distutils_hack\__init__.py:33: UserWarning: Setuptools is replacing distutils.
  warnings.warn("Setuptools is replacing distutils.")

2026-09-16 21:34:02,293:WARNING:c:\Users\laboratorio\Desktop\Nova Pasta\PyCaret\.venv\Lib\site-packages\_distutils_hack\__init__.py:33: UserWarning: Setuptools is replacing distutils.
  warnings.warn("Setuptools is replacing distutils.")

2026-09-16 21:34:02,299:WARNING:c:\Users\laboratorio\Desktop\Nova Pasta\PyCaret\.venv\Lib\site-packages\_distutils_hack\__init__.py:33: UserWarning: Setuptools is replacing distutils.
  warnings.warn("Setuptools is replacing distutils.")

2026-09-16 21:34:02,307:WARNING:c:\Users\laboratorio\Desktop\Nova Pasta\PyCaret\.venv\Lib\site-packages\_distutils_hack\__init__.py:33: UserWarning: Setuptools is replacing distutils.
  warnings.warn("Setuptools is replacing distutils.")

2026-09-16 21:34:02,309:WARNING:c:\Users\laboratorio\Desktop\Nova Pasta\PyCaret\.venv\Lib\site-packages\_distutils_hack\__init__.py:33: UserWarning: Setuptools is replacing distutils.
  warnings.warn("Setuptools is replacing distutils.")

2026-09-16 21:34:07,731:INFO:best_params: {'actual_estimator__weights': 'uniform', 'actual_estimator__n_neighbors': 16, 'actual_estimator__metric': 'manhattan'}
2026-09-16 21:34:07,732:INFO:Hyperparameter search completed
2026-09-16 21:34:07,732:INFO:SubProcess create_model() called ==================================
2026-09-16 21:34:07,732:INFO:Initializing create_model()
2026-09-16 21:34:07,732:INFO:create_model(self=<pycaret.classification.oop.ClassificationExperiment object at 0x00000287133624D0>, estimator=KNeighborsClassifier(algorithm='auto', leaf_size=30, metric='minkowski',
                     metric_params=None, n_jobs=-1, n_neighbors=5, p=2,
                     weights='uniform'), fold=StratifiedKFold(n_splits=10, random_state=None, shuffle=False), round=4, cross_validation=True, predict=True, fit_kwargs={}, groups=None, refit=True, probability_threshold=None, experiment_custom_tags=None, verbose=True, system=False, add_to_model_list=True, metrics=None, display=<pycaret.internal.display.display.CommonDisplay object at 0x000002871725F910>, model_only=True, return_train_score=False, error_score=0.0, kwargs={'weights': 'uniform', 'n_neighbors': 16, 'metric': 'manhattan'})
2026-09-16 21:34:07,732:INFO:Checking exceptions
2026-09-16 21:34:07,733:INFO:Importing libraries
2026-09-16 21:34:07,733:INFO:Copying training dataset
2026-09-16 21:34:07,736:INFO:Defining folds
2026-09-16 21:34:07,736:INFO:Declaring metric variables
2026-09-16 21:34:07,738:INFO:Importing untrained model
2026-09-16 21:34:07,738:INFO:Declaring custom model
2026-09-16 21:34:07,739:INFO:K Neighbors Classifier Imported successfully
2026-09-16 21:34:07,743:INFO:Starting cross validation
2026-09-16 21:34:07,743:INFO:Cross validating with StratifiedKFold(n_splits=10, random_state=None, shuffle=False), n_jobs=-1
2026-09-16 21:34:08,342:WARNING:c:\Users\laboratorio\Desktop\Nova Pasta\PyCaret\.venv\Lib\site-packages\sklearn\metrics\_classification.py:1561: UserWarning: Note that pos_label (set to 'Yes') is ignored when average != 'binary' (got 'weighted'). You may use labels=[pos_label] to specify a single positive class.
  warnings.warn(

2026-09-16 21:34:08,352:WARNING:c:\Users\laboratorio\Desktop\Nova Pasta\PyCaret\.venv\Lib\site-packages\sklearn\metrics\_classification.py:1561: UserWarning: Note that pos_label (set to 'Yes') is ignored when average != 'binary' (got 'weighted'). You may use labels=[pos_label] to specify a single positive class.
  warnings.warn(

2026-09-16 21:34:08,359:WARNING:c:\Users\laboratorio\Desktop\Nova Pasta\PyCaret\.venv\Lib\site-packages\sklearn\metrics\_classification.py:1561: UserWarning: Note that pos_label (set to 'Yes') is ignored when average != 'binary' (got 'weighted'). You may use labels=[pos_label] to specify a single positive class.
  warnings.warn(

2026-09-16 21:34:08,362:WARNING:c:\Users\laboratorio\Desktop\Nova Pasta\PyCaret\.venv\Lib\site-packages\sklearn\metrics\_classification.py:1561: UserWarning: Note that pos_label (set to 'Yes') is ignored when average != 'binary' (got 'weighted'). You may use labels=[pos_label] to specify a single positive class.
  warnings.warn(

2026-09-16 21:34:08,362:WARNING:c:\Users\laboratorio\Desktop\Nova Pasta\PyCaret\.venv\Lib\site-packages\sklearn\metrics\_classification.py:1561: UserWarning: Note that pos_label (set to 'Yes') is ignored when average != 'binary' (got 'weighted'). You may use labels=[pos_label] to specify a single positive class.
  warnings.warn(

2026-09-16 21:34:08,373:WARNING:c:\Users\laboratorio\Desktop\Nova Pasta\PyCaret\.venv\Lib\site-packages\sklearn\metrics\_classification.py:1561: UserWarning: Note that pos_label (set to 'Yes') is ignored when average != 'binary' (got 'weighted'). You may use labels=[pos_label] to specify a single positive class.
  warnings.warn(

2026-09-16 21:34:08,383:WARNING:c:\Users\laboratorio\Desktop\Nova Pasta\PyCaret\.venv\Lib\site-packages\sklearn\metrics\_classification.py:1561: UserWarning: Note that pos_label (set to 'Yes') is ignored when average != 'binary' (got 'weighted'). You may use labels=[pos_label] to specify a single positive class.
  warnings.warn(

2026-09-16 21:34:08,383:WARNING:c:\Users\laboratorio\Desktop\Nova Pasta\PyCaret\.venv\Lib\site-packages\sklearn\metrics\_classification.py:1561: UserWarning: Note that pos_label (set to 'Yes') is ignored when average != 'binary' (got 'weighted'). You may use labels=[pos_label] to specify a single positive class.
  warnings.warn(

2026-09-16 21:34:08,383:WARNING:c:\Users\laboratorio\Desktop\Nova Pasta\PyCaret\.venv\Lib\site-packages\sklearn\metrics\_classification.py:1561: UserWarning: Note that pos_label (set to 'Yes') is ignored when average != 'binary' (got 'weighted'). You may use labels=[pos_label] to specify a single positive class.
  warnings.warn(

2026-09-16 21:34:08,383:WARNING:c:\Users\laboratorio\Desktop\Nova Pasta\PyCaret\.venv\Lib\site-packages\sklearn\metrics\_classification.py:1561: UserWarning: Note that pos_label (set to 'Yes') is ignored when average != 'binary' (got 'weighted'). You may use labels=[pos_label] to specify a single positive class.
  warnings.warn(

2026-09-16 21:34:08,391:WARNING:c:\Users\laboratorio\Desktop\Nova Pasta\PyCaret\.venv\Lib\site-packages\sklearn\metrics\_classification.py:1561: UserWarning: Note that pos_label (set to 'Yes') is ignored when average != 'binary' (got 'weighted'). You may use labels=[pos_label] to specify a single positive class.
  warnings.warn(

2026-09-16 21:34:08,392:WARNING:c:\Users\laboratorio\Desktop\Nova Pasta\PyCaret\.venv\Lib\site-packages\sklearn\metrics\_classification.py:1561: UserWarning: Note that pos_label (set to 'Yes') is ignored when average != 'binary' (got 'weighted'). You may use labels=[pos_label] to specify a single positive class.
  warnings.warn(

2026-09-16 21:34:08,393:WARNING:c:\Users\laboratorio\Desktop\Nova Pasta\PyCaret\.venv\Lib\site-packages\sklearn\metrics\_classification.py:1561: UserWarning: Note that pos_label (set to 'Yes') is ignored when average != 'binary' (got 'weighted'). You may use labels=[pos_label] to specify a single positive class.
  warnings.warn(

2026-09-16 21:34:08,393:WARNING:c:\Users\laboratorio\Desktop\Nova Pasta\PyCaret\.venv\Lib\site-packages\sklearn\metrics\_classification.py:1561: UserWarning: Note that pos_label (set to 'Yes') is ignored when average != 'binary' (got 'weighted'). You may use labels=[pos_label] to specify a single positive class.
  warnings.warn(

2026-09-16 21:34:08,393:WARNING:c:\Users\laboratorio\Desktop\Nova Pasta\PyCaret\.venv\Lib\site-packages\sklearn\metrics\_classification.py:1561: UserWarning: Note that pos_label (set to 'Yes') is ignored when average != 'binary' (got 'weighted'). You may use labels=[pos_label] to specify a single positive class.
  warnings.warn(

2026-09-16 21:34:08,403:WARNING:c:\Users\laboratorio\Desktop\Nova Pasta\PyCaret\.venv\Lib\site-packages\sklearn\metrics\_classification.py:1561: UserWarning: Note that pos_label (set to 'Yes') is ignored when average != 'binary' (got 'weighted'). You may use labels=[pos_label] to specify a single positive class.
  warnings.warn(

2026-09-16 21:34:08,409:WARNING:c:\Users\laboratorio\Desktop\Nova Pasta\PyCaret\.venv\Lib\site-packages\sklearn\metrics\_classification.py:1561: UserWarning: Note that pos_label (set to 'Yes') is ignored when average != 'binary' (got 'weighted'). You may use labels=[pos_label] to specify a single positive class.
  warnings.warn(

2026-09-16 21:34:08,414:WARNING:c:\Users\laboratorio\Desktop\Nova Pasta\PyCaret\.venv\Lib\site-packages\sklearn\metrics\_classification.py:1561: UserWarning: Note that pos_label (set to 'Yes') is ignored when average != 'binary' (got 'weighted'). You may use labels=[pos_label] to specify a single positive class.
  warnings.warn(

2026-09-16 21:34:08,414:WARNING:c:\Users\laboratorio\Desktop\Nova Pasta\PyCaret\.venv\Lib\site-packages\sklearn\metrics\_classification.py:1561: UserWarning: Note that pos_label (set to 'Yes') is ignored when average != 'binary' (got 'weighted'). You may use labels=[pos_label] to specify a single positive class.
  warnings.warn(

2026-09-16 21:34:08,424:WARNING:c:\Users\laboratorio\Desktop\Nova Pasta\PyCaret\.venv\Lib\site-packages\sklearn\metrics\_classification.py:1561: UserWarning: Note that pos_label (set to 'Yes') is ignored when average != 'binary' (got 'weighted'). You may use labels=[pos_label] to specify a single positive class.
  warnings.warn(

2026-09-16 21:34:08,428:WARNING:c:\Users\laboratorio\Desktop\Nova Pasta\PyCaret\.venv\Lib\site-packages\sklearn\metrics\_classification.py:1561: UserWarning: Note that pos_label (set to 'Yes') is ignored when average != 'binary' (got 'weighted'). You may use labels=[pos_label] to specify a single positive class.
  warnings.warn(

2026-09-16 21:34:08,434:WARNING:c:\Users\laboratorio\Desktop\Nova Pasta\PyCaret\.venv\Lib\site-packages\sklearn\metrics\_classification.py:1561: UserWarning: Note that pos_label (set to 'Yes') is ignored when average != 'binary' (got 'weighted'). You may use labels=[pos_label] to specify a single positive class.
  warnings.warn(

2026-09-16 21:34:08,442:WARNING:c:\Users\laboratorio\Desktop\Nova Pasta\PyCaret\.venv\Lib\site-packages\sklearn\metrics\_classification.py:1561: UserWarning: Note that pos_label (set to 'Yes') is ignored when average != 'binary' (got 'weighted'). You may use labels=[pos_label] to specify a single positive class.
  warnings.warn(

2026-09-16 21:34:08,445:WARNING:c:\Users\laboratorio\Desktop\Nova Pasta\PyCaret\.venv\Lib\site-packages\sklearn\metrics\_classification.py:1561: UserWarning: Note that pos_label (set to 'Yes') is ignored when average != 'binary' (got 'weighted'). You may use labels=[pos_label] to specify a single positive class.
  warnings.warn(

2026-09-16 21:34:08,445:WARNING:c:\Users\laboratorio\Desktop\Nova Pasta\PyCaret\.venv\Lib\site-packages\sklearn\metrics\_classification.py:1561: UserWarning: Note that pos_label (set to 'Yes') is ignored when average != 'binary' (got 'weighted'). You may use labels=[pos_label] to specify a single positive class.
  warnings.warn(

2026-09-16 21:34:08,445:WARNING:c:\Users\laboratorio\Desktop\Nova Pasta\PyCaret\.venv\Lib\site-packages\sklearn\metrics\_classification.py:1561: UserWarning: Note that pos_label (set to 'Yes') is ignored when average != 'binary' (got 'weighted'). You may use labels=[pos_label] to specify a single positive class.
  warnings.warn(

2026-09-16 21:34:08,445:WARNING:c:\Users\laboratorio\Desktop\Nova Pasta\PyCaret\.venv\Lib\site-packages\sklearn\metrics\_classification.py:1561: UserWarning: Note that pos_label (set to 'Yes') is ignored when average != 'binary' (got 'weighted'). You may use labels=[pos_label] to specify a single positive class.
  warnings.warn(

2026-09-16 21:34:08,445:WARNING:c:\Users\laboratorio\Desktop\Nova Pasta\PyCaret\.venv\Lib\site-packages\sklearn\metrics\_classification.py:1561: UserWarning: Note that pos_label (set to 'Yes') is ignored when average != 'binary' (got 'weighted'). You may use labels=[pos_label] to specify a single positive class.
  warnings.warn(

2026-09-16 21:34:08,445:WARNING:c:\Users\laboratorio\Desktop\Nova Pasta\PyCaret\.venv\Lib\site-packages\sklearn\metrics\_classification.py:1561: UserWarning: Note that pos_label (set to 'Yes') is ignored when average != 'binary' (got 'weighted'). You may use labels=[pos_label] to specify a single positive class.
  warnings.warn(

2026-09-16 21:34:08,445:WARNING:c:\Users\laboratorio\Desktop\Nova Pasta\PyCaret\.venv\Lib\site-packages\sklearn\metrics\_classification.py:1561: UserWarning: Note that pos_label (set to 'Yes') is ignored when average != 'binary' (got 'weighted'). You may use labels=[pos_label] to specify a single positive class.
  warnings.warn(

2026-09-16 21:34:08,465:INFO:Calculating mean and std
2026-09-16 21:34:08,465:INFO:Creating metrics dataframe
2026-09-16 21:34:08,465:INFO:Finalizing model
2026-09-16 21:34:08,593:INFO:Uploading results into container
2026-09-16 21:34:08,604:INFO:Uploading model into container now
2026-09-16 21:34:08,605:INFO:_master_model_container: 16
2026-09-16 21:34:08,605:INFO:_display_container: 4
2026-09-16 21:34:08,605:INFO:KNeighborsClassifier(algorithm='auto', leaf_size=30, metric='manhattan',
                     metric_params=None, n_jobs=-1, n_neighbors=16, p=2,
                     weights='uniform')
2026-09-16 21:34:08,605:INFO:create_model() successfully completed......................................
2026-09-16 21:34:08,680:INFO:SubProcess create_model() end ==================================
2026-09-16 21:34:08,680:INFO:choose_better activated
2026-09-16 21:34:08,683:INFO:SubProcess create_model() called ==================================
2026-09-16 21:34:08,683:INFO:Initializing create_model()
2026-09-16 21:34:08,683:INFO:create_model(self=<pycaret.classification.oop.ClassificationExperiment object at 0x00000287133624D0>, estimator=KNeighborsClassifier(algorithm='auto', leaf_size=30, metric='minkowski',
                     metric_params=None, n_jobs=-1, n_neighbors=5, p=2,
                     weights='uniform'), fold=StratifiedKFold(n_splits=10, random_state=None, shuffle=False), round=4, cross_validation=True, predict=True, fit_kwargs={}, groups=None, refit=True, probability_threshold=None, experiment_custom_tags=None, verbose=False, system=False, add_to_model_list=True, metrics=None, display=None, model_only=True, return_train_score=False, error_score=0.0, kwargs={})
2026-09-16 21:34:08,683:INFO:Checking exceptions
2026-09-16 21:34:08,684:INFO:Importing libraries
2026-09-16 21:34:08,684:INFO:Copying training dataset
2026-09-16 21:34:08,687:INFO:Defining folds
2026-09-16 21:34:08,687:INFO:Declaring metric variables
2026-09-16 21:34:08,687:INFO:Importing untrained model
2026-09-16 21:34:08,687:INFO:Declaring custom model
2026-09-16 21:34:08,687:INFO:K Neighbors Classifier Imported successfully
2026-09-16 21:34:08,688:INFO:Starting cross validation
2026-09-16 21:34:08,689:INFO:Cross validating with StratifiedKFold(n_splits=10, random_state=None, shuffle=False), n_jobs=-1
2026-09-16 21:34:09,272:WARNING:c:\Users\laboratorio\Desktop\Nova Pasta\PyCaret\.venv\Lib\site-packages\sklearn\metrics\_classification.py:1561: UserWarning: Note that pos_label (set to 'Yes') is ignored when average != 'binary' (got 'weighted'). You may use labels=[pos_label] to specify a single positive class.
  warnings.warn(

2026-09-16 21:34:09,273:WARNING:c:\Users\laboratorio\Desktop\Nova Pasta\PyCaret\.venv\Lib\site-packages\sklearn\metrics\_classification.py:1561: UserWarning: Note that pos_label (set to 'Yes') is ignored when average != 'binary' (got 'weighted'). You may use labels=[pos_label] to specify a single positive class.
  warnings.warn(

2026-09-16 21:34:09,278:WARNING:c:\Users\laboratorio\Desktop\Nova Pasta\PyCaret\.venv\Lib\site-packages\sklearn\metrics\_classification.py:1561: UserWarning: Note that pos_label (set to 'Yes') is ignored when average != 'binary' (got 'weighted'). You may use labels=[pos_label] to specify a single positive class.
  warnings.warn(

2026-09-16 21:34:09,281:WARNING:c:\Users\laboratorio\Desktop\Nova Pasta\PyCaret\.venv\Lib\site-packages\sklearn\metrics\_classification.py:1561: UserWarning: Note that pos_label (set to 'Yes') is ignored when average != 'binary' (got 'weighted'). You may use labels=[pos_label] to specify a single positive class.
  warnings.warn(

2026-09-16 21:34:09,283:WARNING:c:\Users\laboratorio\Desktop\Nova Pasta\PyCaret\.venv\Lib\site-packages\sklearn\metrics\_classification.py:1561: UserWarning: Note that pos_label (set to 'Yes') is ignored when average != 'binary' (got 'weighted'). You may use labels=[pos_label] to specify a single positive class.
  warnings.warn(

2026-09-16 21:34:09,288:WARNING:c:\Users\laboratorio\Desktop\Nova Pasta\PyCaret\.venv\Lib\site-packages\sklearn\metrics\_classification.py:1561: UserWarning: Note that pos_label (set to 'Yes') is ignored when average != 'binary' (got 'weighted'). You may use labels=[pos_label] to specify a single positive class.
  warnings.warn(

2026-09-16 21:34:09,289:WARNING:c:\Users\laboratorio\Desktop\Nova Pasta\PyCaret\.venv\Lib\site-packages\sklearn\metrics\_classification.py:1561: UserWarning: Note that pos_label (set to 'Yes') is ignored when average != 'binary' (got 'weighted'). You may use labels=[pos_label] to specify a single positive class.
  warnings.warn(

2026-09-16 21:34:09,289:WARNING:c:\Users\laboratorio\Desktop\Nova Pasta\PyCaret\.venv\Lib\site-packages\sklearn\metrics\_classification.py:1561: UserWarning: Note that pos_label (set to 'Yes') is ignored when average != 'binary' (got 'weighted'). You may use labels=[pos_label] to specify a single positive class.
  warnings.warn(

2026-09-16 21:34:09,292:WARNING:c:\Users\laboratorio\Desktop\Nova Pasta\PyCaret\.venv\Lib\site-packages\sklearn\metrics\_classification.py:1561: UserWarning: Note that pos_label (set to 'Yes') is ignored when average != 'binary' (got 'weighted'). You may use labels=[pos_label] to specify a single positive class.
  warnings.warn(

2026-09-16 21:34:09,296:WARNING:c:\Users\laboratorio\Desktop\Nova Pasta\PyCaret\.venv\Lib\site-packages\sklearn\metrics\_classification.py:1561: UserWarning: Note that pos_label (set to 'Yes') is ignored when average != 'binary' (got 'weighted'). You may use labels=[pos_label] to specify a single positive class.
  warnings.warn(

2026-09-16 21:34:09,297:WARNING:c:\Users\laboratorio\Desktop\Nova Pasta\PyCaret\.venv\Lib\site-packages\sklearn\metrics\_classification.py:1561: UserWarning: Note that pos_label (set to 'Yes') is ignored when average != 'binary' (got 'weighted'). You may use labels=[pos_label] to specify a single positive class.
  warnings.warn(

2026-09-16 21:34:09,297:WARNING:c:\Users\laboratorio\Desktop\Nova Pasta\PyCaret\.venv\Lib\site-packages\sklearn\metrics\_classification.py:1561: UserWarning: Note that pos_label (set to 'Yes') is ignored when average != 'binary' (got 'weighted'). You may use labels=[pos_label] to specify a single positive class.
  warnings.warn(

2026-09-16 21:34:09,301:WARNING:c:\Users\laboratorio\Desktop\Nova Pasta\PyCaret\.venv\Lib\site-packages\sklearn\metrics\_classification.py:1561: UserWarning: Note that pos_label (set to 'Yes') is ignored when average != 'binary' (got 'weighted'). You may use labels=[pos_label] to specify a single positive class.
  warnings.warn(

2026-09-16 21:34:09,305:WARNING:c:\Users\laboratorio\Desktop\Nova Pasta\PyCaret\.venv\Lib\site-packages\sklearn\metrics\_classification.py:1561: UserWarning: Note that pos_label (set to 'Yes') is ignored when average != 'binary' (got 'weighted'). You may use labels=[pos_label] to specify a single positive class.
  warnings.warn(

2026-09-16 21:34:09,306:WARNING:c:\Users\laboratorio\Desktop\Nova Pasta\PyCaret\.venv\Lib\site-packages\sklearn\metrics\_classification.py:1561: UserWarning: Note that pos_label (set to 'Yes') is ignored when average != 'binary' (got 'weighted'). You may use labels=[pos_label] to specify a single positive class.
  warnings.warn(

2026-09-16 21:34:09,325:WARNING:c:\Users\laboratorio\Desktop\Nova Pasta\PyCaret\.venv\Lib\site-packages\sklearn\metrics\_classification.py:1561: UserWarning: Note that pos_label (set to 'Yes') is ignored when average != 'binary' (got 'weighted'). You may use labels=[pos_label] to specify a single positive class.
  warnings.warn(

2026-09-16 21:34:09,330:WARNING:c:\Users\laboratorio\Desktop\Nova Pasta\PyCaret\.venv\Lib\site-packages\sklearn\metrics\_classification.py:1561: UserWarning: Note that pos_label (set to 'Yes') is ignored when average != 'binary' (got 'weighted'). You may use labels=[pos_label] to specify a single positive class.
  warnings.warn(

2026-09-16 21:34:09,330:WARNING:c:\Users\laboratorio\Desktop\Nova Pasta\PyCaret\.venv\Lib\site-packages\sklearn\metrics\_classification.py:1561: UserWarning: Note that pos_label (set to 'Yes') is ignored when average != 'binary' (got 'weighted'). You may use labels=[pos_label] to specify a single positive class.
  warnings.warn(

2026-09-16 21:34:09,330:WARNING:c:\Users\laboratorio\Desktop\Nova Pasta\PyCaret\.venv\Lib\site-packages\sklearn\metrics\_classification.py:1561: UserWarning: Note that pos_label (set to 'Yes') is ignored when average != 'binary' (got 'weighted'). You may use labels=[pos_label] to specify a single positive class.
  warnings.warn(

2026-09-16 21:34:09,330:WARNING:c:\Users\laboratorio\Desktop\Nova Pasta\PyCaret\.venv\Lib\site-packages\sklearn\metrics\_classification.py:1561: UserWarning: Note that pos_label (set to 'Yes') is ignored when average != 'binary' (got 'weighted'). You may use labels=[pos_label] to specify a single positive class.
  warnings.warn(

2026-09-16 21:34:09,330:WARNING:c:\Users\laboratorio\Desktop\Nova Pasta\PyCaret\.venv\Lib\site-packages\sklearn\metrics\_classification.py:1561: UserWarning: Note that pos_label (set to 'Yes') is ignored when average != 'binary' (got 'weighted'). You may use labels=[pos_label] to specify a single positive class.
  warnings.warn(

2026-09-16 21:34:09,334:WARNING:c:\Users\laboratorio\Desktop\Nova Pasta\PyCaret\.venv\Lib\site-packages\sklearn\metrics\_classification.py:1561: UserWarning: Note that pos_label (set to 'Yes') is ignored when average != 'binary' (got 'weighted'). You may use labels=[pos_label] to specify a single positive class.
  warnings.warn(

2026-09-16 21:34:09,334:WARNING:c:\Users\laboratorio\Desktop\Nova Pasta\PyCaret\.venv\Lib\site-packages\sklearn\metrics\_classification.py:1561: UserWarning: Note that pos_label (set to 'Yes') is ignored when average != 'binary' (got 'weighted'). You may use labels=[pos_label] to specify a single positive class.
  warnings.warn(

2026-09-16 21:34:09,334:WARNING:c:\Users\laboratorio\Desktop\Nova Pasta\PyCaret\.venv\Lib\site-packages\sklearn\metrics\_classification.py:1561: UserWarning: Note that pos_label (set to 'Yes') is ignored when average != 'binary' (got 'weighted'). You may use labels=[pos_label] to specify a single positive class.
  warnings.warn(

2026-09-16 21:34:09,334:WARNING:c:\Users\laboratorio\Desktop\Nova Pasta\PyCaret\.venv\Lib\site-packages\sklearn\metrics\_classification.py:1561: UserWarning: Note that pos_label (set to 'Yes') is ignored when average != 'binary' (got 'weighted'). You may use labels=[pos_label] to specify a single positive class.
  warnings.warn(

2026-09-16 21:34:09,335:WARNING:c:\Users\laboratorio\Desktop\Nova Pasta\PyCaret\.venv\Lib\site-packages\sklearn\metrics\_classification.py:1561: UserWarning: Note that pos_label (set to 'Yes') is ignored when average != 'binary' (got 'weighted'). You may use labels=[pos_label] to specify a single positive class.
  warnings.warn(

2026-09-16 21:34:09,338:WARNING:c:\Users\laboratorio\Desktop\Nova Pasta\PyCaret\.venv\Lib\site-packages\sklearn\metrics\_classification.py:1561: UserWarning: Note that pos_label (set to 'Yes') is ignored when average != 'binary' (got 'weighted'). You may use labels=[pos_label] to specify a single positive class.
  warnings.warn(

2026-09-16 21:34:09,338:WARNING:c:\Users\laboratorio\Desktop\Nova Pasta\PyCaret\.venv\Lib\site-packages\sklearn\metrics\_classification.py:1561: UserWarning: Note that pos_label (set to 'Yes') is ignored when average != 'binary' (got 'weighted'). You may use labels=[pos_label] to specify a single positive class.
  warnings.warn(

2026-09-16 21:34:09,338:WARNING:c:\Users\laboratorio\Desktop\Nova Pasta\PyCaret\.venv\Lib\site-packages\sklearn\metrics\_classification.py:1561: UserWarning: Note that pos_label (set to 'Yes') is ignored when average != 'binary' (got 'weighted'). You may use labels=[pos_label] to specify a single positive class.
  warnings.warn(

2026-09-16 21:34:09,339:WARNING:c:\Users\laboratorio\Desktop\Nova Pasta\PyCaret\.venv\Lib\site-packages\sklearn\metrics\_classification.py:1561: UserWarning: Note that pos_label (set to 'Yes') is ignored when average != 'binary' (got 'weighted'). You may use labels=[pos_label] to specify a single positive class.
  warnings.warn(

2026-09-16 21:34:09,351:INFO:Calculating mean and std
2026-09-16 21:34:09,351:INFO:Creating metrics dataframe
2026-09-16 21:34:09,352:INFO:Finalizing model
2026-09-16 21:34:09,475:INFO:Uploading results into container
2026-09-16 21:34:09,475:INFO:Uploading model into container now
2026-09-16 21:34:09,475:INFO:_master_model_container: 17
2026-09-16 21:34:09,475:INFO:_display_container: 5
2026-09-16 21:34:09,475:INFO:KNeighborsClassifier(algorithm='auto', leaf_size=30, metric='minkowski',
                     metric_params=None, n_jobs=-1, n_neighbors=5, p=2,
                     weights='uniform')
2026-09-16 21:34:09,475:INFO:create_model() successfully completed......................................
2026-09-16 21:34:09,548:INFO:SubProcess create_model() end ==================================
2026-09-16 21:34:09,549:INFO:KNeighborsClassifier(algorithm='auto', leaf_size=30, metric='minkowski',
                     metric_params=None, n_jobs=-1, n_neighbors=5, p=2,
                     weights='uniform') result for Accuracy is 0.772
2026-09-16 21:34:09,549:INFO:KNeighborsClassifier(algorithm='auto', leaf_size=30, metric='manhattan',
                     metric_params=None, n_jobs=-1, n_neighbors=16, p=2,
                     weights='uniform') result for Accuracy is 0.7929
2026-09-16 21:34:09,549:INFO:KNeighborsClassifier(algorithm='auto', leaf_size=30, metric='manhattan',
                     metric_params=None, n_jobs=-1, n_neighbors=16, p=2,
                     weights='uniform') is best model
2026-09-16 21:34:09,549:INFO:choose_better completed
2026-09-16 21:34:09,554:INFO:_master_model_container: 17
2026-09-16 21:34:09,554:INFO:_display_container: 4
2026-09-16 21:34:09,554:INFO:KNeighborsClassifier(algorithm='auto', leaf_size=30, metric='manhattan',
                     metric_params=None, n_jobs=-1, n_neighbors=16, p=2,
                     weights='uniform')
2026-09-16 21:34:09,554:INFO:tune_model() successfully completed......................................
2026-09-16 21:36:55,159:INFO:Initializing predict_model()
2026-09-16 21:36:55,159:INFO:predict_model(self=<pycaret.classification.oop.ClassificationExperiment object at 0x00000287133624D0>, estimator=KNeighborsClassifier(algorithm='auto', leaf_size=30, metric='manhattan',
                     metric_params=None, n_jobs=-1, n_neighbors=16, p=2,
                     weights='uniform'), probability_threshold=None, encoded_labels=False, raw_score=False, round=4, verbose=True, ml_usecase=None, preprocess=True, encode_labels=<function _SupervisedExperiment.predict_model.<locals>.encode_labels at 0x000002871733CAE0>)
2026-09-16 21:36:55,159:INFO:Checking exceptions
2026-09-16 21:36:55,159:INFO:Preloading libraries
2026-09-16 21:36:55,532:WARNING:c:\Users\laboratorio\Desktop\Nova Pasta\PyCaret\.venv\Lib\site-packages\sklearn\metrics\_classification.py:1561: UserWarning: Note that pos_label (set to 'Yes') is ignored when average != 'binary' (got 'weighted'). You may use labels=[pos_label] to specify a single positive class.
  warnings.warn(

2026-09-16 21:36:55,545:WARNING:c:\Users\laboratorio\Desktop\Nova Pasta\PyCaret\.venv\Lib\site-packages\sklearn\metrics\_classification.py:1561: UserWarning: Note that pos_label (set to 'Yes') is ignored when average != 'binary' (got 'weighted'). You may use labels=[pos_label] to specify a single positive class.
  warnings.warn(

2026-09-16 21:36:55,559:WARNING:c:\Users\laboratorio\Desktop\Nova Pasta\PyCaret\.venv\Lib\site-packages\sklearn\metrics\_classification.py:1561: UserWarning: Note that pos_label (set to 'Yes') is ignored when average != 'binary' (got 'weighted'). You may use labels=[pos_label] to specify a single positive class.
  warnings.warn(

2026-09-16 21:41:25,396:INFO:Initializing predict_model()
2026-09-16 21:41:25,396:INFO:predict_model(self=<pycaret.classification.oop.ClassificationExperiment object at 0x00000287133624D0>, estimator=KNeighborsClassifier(algorithm='auto', leaf_size=30, metric='manhattan',
                     metric_params=None, n_jobs=-1, n_neighbors=16, p=2,
                     weights='uniform'), probability_threshold=None, encoded_labels=False, raw_score=False, round=4, verbose=True, ml_usecase=None, preprocess=True, encode_labels=<function _SupervisedExperiment.predict_model.<locals>.encode_labels at 0x000002878CEECFE0>)
2026-09-16 21:41:25,396:INFO:Checking exceptions
2026-09-16 21:41:25,396:INFO:Preloading libraries
2026-09-16 21:41:25,401:INFO:Set up data.
2026-09-16 21:41:25,402:INFO:Set up index.
2026-09-16 21:42:24,880:INFO:Initializing predict_model()
2026-09-16 21:42:24,880:INFO:predict_model(self=<pycaret.classification.oop.ClassificationExperiment object at 0x00000287133624D0>, estimator=KNeighborsClassifier(algorithm='auto', leaf_size=30, metric='manhattan',
                     metric_params=None, n_jobs=-1, n_neighbors=16, p=2,
                     weights='uniform'), probability_threshold=None, encoded_labels=False, raw_score=False, round=4, verbose=True, ml_usecase=None, preprocess=True, encode_labels=<function _SupervisedExperiment.predict_model.<locals>.encode_labels at 0x00000287173B8E00>)
2026-09-16 21:42:24,880:INFO:Checking exceptions
2026-09-16 21:42:24,880:INFO:Preloading libraries
2026-09-16 21:42:24,887:INFO:Set up data.
2026-09-16 21:42:24,888:INFO:Set up index.
2026-09-16 21:43:05,437:INFO:Initializing predict_model()
2026-09-16 21:43:05,437:INFO:predict_model(self=<pycaret.classification.oop.ClassificationExperiment object at 0x00000287133624D0>, estimator=KNeighborsClassifier(algorithm='auto', leaf_size=30, metric='manhattan',
                     metric_params=None, n_jobs=-1, n_neighbors=16, p=2,
                     weights='uniform'), probability_threshold=None, encoded_labels=False, raw_score=False, round=4, verbose=True, ml_usecase=None, preprocess=True, encode_labels=<function _SupervisedExperiment.predict_model.<locals>.encode_labels at 0x000002871739A5C0>)
2026-09-16 21:43:05,437:INFO:Checking exceptions
2026-09-16 21:43:05,437:INFO:Preloading libraries
2026-09-16 21:43:05,443:INFO:Set up data.
2026-09-16 21:43:05,448:INFO:Set up index.
2026-09-16 21:46:04,096:INFO:Initializing save_model()
2026-09-16 21:46:04,096:INFO:save_model(model=KNeighborsClassifier(algorithm='auto', leaf_size=30, metric='manhattan',
                     metric_params=None, n_jobs=-1, n_neighbors=16, p=2,
                     weights='uniform'), model_name=models/churn_model_v1, prep_pipe_=Pipeline(memory=FastMemory(location=C:\Users\LABORA~1\AppData\Local\Temp\joblib),
         steps=[('label_encoding',
                 TransformerWrapperWithInverse(exclude=None, include=None,
                                               transformer=LabelEncoder())),
                ('numerical_imputer',
                 TransformerWrapper(exclude=None,
                                    include=['SeniorCitizen', 'tenure',
                                             'MonthlyCharges'],
                                    transformer=SimpleImputer(add_indicator=False,
                                                              copy=Tru...
                                                              return_df=True,
                                                              use_cat_names=True,
                                                              verbose=0))),
                ('rest_encoding',
                 TransformerWrapper(exclude=None,
                                    include=['customerID', 'TotalCharges'],
                                    transformer=TargetEncoder(cols=['customerID',
                                                                    'TotalCharges'],
                                                              drop_invariant=False,
                                                              handle_missing='return_nan',
                                                              handle_unknown='value',
                                                              hierarchy=None,
                                                              min_samples_leaf=20,
                                                              return_df=True,
                                                              smoothing=10,
                                                              verbose=0)))],
         verbose=False), verbose=True, use_case=MLUsecase.CLASSIFICATION, kwargs={})
2026-09-16 21:46:04,096:INFO:Adding model into prep_pipe
2026-09-16 21:46:04,108:INFO:models/churn_model_v1.pkl saved in current working directory
2026-09-16 21:46:04,128:INFO:Pipeline(memory=Memory(location=None),
         steps=[('label_encoding',
                 TransformerWrapperWithInverse(exclude=None, include=None,
                                               transformer=LabelEncoder())),
                ('numerical_imputer',
                 TransformerWrapper(exclude=None,
                                    include=['SeniorCitizen', 'tenure',
                                             'MonthlyCharges'],
                                    transformer=SimpleImputer(add_indicator=False,
                                                              copy=True,
                                                              fill_value=None,
                                                              keep_empty_features=False...
                                    transformer=TargetEncoder(cols=['customerID',
                                                                    'TotalCharges'],
                                                              drop_invariant=False,
                                                              handle_missing='return_nan',
                                                              handle_unknown='value',
                                                              hierarchy=None,
                                                              min_samples_leaf=20,
                                                              return_df=True,
                                                              smoothing=10,
                                                              verbose=0))),
                ('trained_model',
                 KNeighborsClassifier(algorithm='auto', leaf_size=30,
                                      metric='manhattan', metric_params=None,
                                      n_jobs=-1, n_neighbors=16, p=2,
                                      weights='uniform'))],
         verbose=False)
2026-09-16 21:46:04,128:INFO:save_model() successfully completed......................................
2026-09-16 21:48:26,347:INFO:Initializing load_model()
2026-09-16 21:48:26,347:INFO:load_model(model_name=models/churn_model_v1, platform=None, authentication=None, verbose=True)
2026-09-16 21:49:30,316:INFO:Initializing predict_model()
2026-09-16 21:49:30,316:INFO:predict_model(self=<pycaret.classification.oop.ClassificationExperiment object at 0x00000287133624D0>, estimator=Pipeline(memory=FastMemory(location=C:\Users\LABORA~1\AppData\Local\Temp\joblib),
         steps=[('label_encoding',
                 TransformerWrapperWithInverse(exclude=None, include=None,
                                               transformer=LabelEncoder())),
                ('numerical_imputer',
                 TransformerWrapper(exclude=None,
                                    include=['SeniorCitizen', 'tenure',
                                             'MonthlyCharges'],
                                    transformer=SimpleImputer(add_indicator=False,
                                                              copy=Tru...
                                    transformer=TargetEncoder(cols=['customerID',
                                                                    'TotalCharges'],
                                                              drop_invariant=False,
                                                              handle_missing='return_nan',
                                                              handle_unknown='value',
                                                              hierarchy=None,
                                                              min_samples_leaf=20,
                                                              return_df=True,
                                                              smoothing=10,
                                                              verbose=0))),
                ('trained_model',
                 KNeighborsClassifier(algorithm='auto', leaf_size=30,
                                      metric='manhattan', metric_params=None,
                                      n_jobs=-1, n_neighbors=16, p=2,
                                      weights='uniform'))],
         verbose=False), probability_threshold=None, encoded_labels=False, raw_score=False, round=4, verbose=True, ml_usecase=None, preprocess=True, encode_labels=<function _SupervisedExperiment.predict_model.<locals>.encode_labels at 0x00000287384E3E20>)
2026-09-16 21:49:30,316:INFO:Checking exceptions
2026-09-16 21:49:30,316:INFO:Preloading libraries
2026-09-16 21:49:30,316:INFO:Set up data.
2026-09-16 21:49:30,316:INFO:Set up index.
2026-09-16 21:53:36,865:INFO:PyCaret ClassificationExperiment
2026-09-16 21:53:36,865:INFO:Logging name: clf-default-name
2026-09-16 21:53:36,865:INFO:ML Usecase: MLUsecase.CLASSIFICATION
2026-09-16 21:53:36,865:INFO:version 3.3.2
2026-09-16 21:53:36,865:INFO:Initializing setup()
2026-09-16 21:53:36,865:INFO:self.USI: c04a
2026-09-16 21:53:36,865:INFO:self._variable_keys: {'_available_plots', 'X_train', 'target_param', 'exp_name_log', 'seed', 'X_test', 'USI', 'gpu_param', 'y_test', 'pipeline', 'X', 'fold_generator', 'n_jobs_param', 'data', 'gpu_n_jobs_param', '_ml_usecase', 'idx', 'exp_id', 'y', 'log_plots_param', 'memory', 'y_train', 'fold_groups_param', 'fix_imbalance', 'html_param', 'logging_param', 'is_multiclass', 'fold_shuffle_param'}
2026-09-16 21:53:36,865:INFO:Checking environment
2026-09-16 21:53:36,865:INFO:python_version: 3.11.9
2026-09-16 21:53:36,865:INFO:python_build: ('tags/v3.11.9:de54cf5', 'Apr  2 2024 10:12:12')
2026-09-16 21:53:36,865:INFO:machine: AMD64
2026-09-16 21:53:36,865:INFO:platform: Windows-10-10.0.26100-SP0
2026-09-16 21:53:36,867:INFO:Memory: svmem(total=34031316992, available=20843704320, percent=38.8, used=13187612672, free=20843704320)
2026-09-16 21:53:36,867:INFO:Physical Core: 14
2026-09-16 21:53:36,867:INFO:Logical Core: 20
2026-09-16 21:53:36,867:INFO:Checking libraries
2026-09-16 21:53:36,867:INFO:System:
2026-09-16 21:53:36,867:INFO:    python: 3.11.9 (tags/v3.11.9:de54cf5, Apr  2 2024, 10:12:12) [MSC v.1938 64 bit (AMD64)]
2026-09-16 21:53:36,867:INFO:executable: c:\Users\laboratorio\Desktop\Nova Pasta\PyCaret\.venv\Scripts\python.exe
2026-09-16 21:53:36,867:INFO:   machine: Windows-10-10.0.26100-SP0
2026-09-16 21:53:36,867:INFO:PyCaret required dependencies:
2026-09-16 21:53:36,867:INFO:                 pip: 26.2.1
2026-09-16 21:53:36,867:INFO:          setuptools: 65.5.0
2026-09-16 21:53:36,867:INFO:             pycaret: 3.3.2
2026-09-16 21:53:36,867:INFO:             IPython: 9.17.1
2026-09-16 21:53:36,867:INFO:          ipywidgets: 8.1.9
2026-09-16 21:53:36,867:INFO:                tqdm: 4.70.1
2026-09-16 21:53:36,867:INFO:               numpy: 1.26.4
2026-09-16 21:53:36,867:INFO:              pandas: 2.1.4
2026-09-16 21:53:36,867:INFO:              jinja2: 3.1.6
2026-09-16 21:53:36,867:INFO:               scipy: 1.11.4
2026-09-16 21:53:36,867:INFO:              joblib: 1.3.2
2026-09-16 21:53:36,867:INFO:             sklearn: 1.4.2
2026-09-16 21:53:36,867:INFO:                pyod: 3.4.0
2026-09-16 21:53:36,867:INFO:            imblearn: 0.14.2
2026-09-16 21:53:36,867:INFO:   category_encoders: 2.7.0
2026-09-16 21:53:36,867:INFO:            lightgbm: 4.7.0
2026-09-16 21:53:36,867:INFO:               numba: 0.67.0
2026-09-16 21:53:36,867:INFO:            requests: 2.34.2
2026-09-16 21:53:36,867:INFO:          matplotlib: 3.7.5
2026-09-16 21:53:36,867:INFO:          scikitplot: 0.3.7
2026-09-16 21:53:36,867:INFO:         yellowbrick: 1.5
2026-09-16 21:53:36,867:INFO:              plotly: 6.9.0
2026-09-16 21:53:36,867:INFO:    plotly-resampler: Not installed
2026-09-16 21:53:36,867:INFO:             kaleido: 1.4.0
2026-09-16 21:53:36,867:INFO:           schemdraw: 0.15
2026-09-16 21:53:36,867:INFO:         statsmodels: 0.15.0
2026-09-16 21:53:36,867:INFO:              sktime: 0.26.0
2026-09-16 21:53:36,867:INFO:               tbats: 1.1.3
2026-09-16 21:53:36,867:INFO:            pmdarima: 2.0.4
2026-09-16 21:53:36,867:INFO:              psutil: 7.2.2
2026-09-16 21:53:36,867:INFO:          markupsafe: 3.0.3
2026-09-16 21:53:36,867:INFO:             pickle5: Not installed
2026-09-16 21:53:36,867:INFO:         cloudpickle: 3.1.2
2026-09-16 21:53:36,867:INFO:         deprecation: 2.1.0
2026-09-16 21:53:36,867:INFO:              xxhash: 4.0.1
2026-09-16 21:53:36,867:INFO:           wurlitzer: Not installed
2026-09-16 21:53:36,867:INFO:PyCaret optional dependencies:
2026-09-16 21:53:36,867:INFO:                shap: Not installed
2026-09-16 21:53:36,867:INFO:           interpret: Not installed
2026-09-16 21:53:36,867:INFO:                umap: Not installed
2026-09-16 21:53:36,867:INFO:     ydata_profiling: Not installed
2026-09-16 21:53:36,867:INFO:  explainerdashboard: Not installed
2026-09-16 21:53:36,867:INFO:             autoviz: Not installed
2026-09-16 21:53:36,867:INFO:           fairlearn: Not installed
2026-09-16 21:53:36,867:INFO:          deepchecks: Not installed
2026-09-16 21:53:36,867:INFO:             xgboost: Not installed
2026-09-16 21:53:36,867:INFO:            catboost: Not installed
2026-09-16 21:53:36,867:INFO:              kmodes: Not installed
2026-09-16 21:53:36,867:INFO:             mlxtend: Not installed
2026-09-16 21:53:36,867:INFO:       statsforecast: Not installed
2026-09-16 21:53:36,867:INFO:        tune_sklearn: Not installed
2026-09-16 21:53:36,867:INFO:                 ray: Not installed
2026-09-16 21:53:36,867:INFO:            hyperopt: Not installed
2026-09-16 21:53:36,867:INFO:              optuna: Not installed
2026-09-16 21:53:36,867:INFO:               skopt: Not installed
2026-09-16 21:53:36,867:INFO:              mlflow: Not installed
2026-09-16 21:53:36,867:INFO:              gradio: Not installed
2026-09-16 21:53:36,867:INFO:             fastapi: Not installed
2026-09-16 21:53:36,867:INFO:             uvicorn: Not installed
2026-09-16 21:53:36,867:INFO:              m2cgen: Not installed
2026-09-16 21:53:36,867:INFO:           evidently: Not installed
2026-09-16 21:53:36,867:INFO:               fugue: Not installed
2026-09-16 21:53:36,867:INFO:           streamlit: Not installed
2026-09-16 21:53:36,867:INFO:             prophet: Not installed
2026-09-16 21:53:36,867:INFO:None
2026-09-16 21:53:36,867:INFO:Set up data.
2026-09-16 21:53:36,867:INFO:Set up folding strategy.
2026-09-16 21:53:36,867:INFO:Set up train/test split.
2026-09-16 21:53:36,867:INFO:Set up index.
2026-09-16 21:53:36,867:INFO:Assigning column types.
2026-09-16 21:53:36,867:INFO:Engine successfully changes for model 'lr' to 'sklearn'.
2026-09-16 21:53:36,899:INFO:Engine for model 'knn' has not been set explicitly, hence returning None.
2026-09-16 21:53:36,900:INFO:Engine for model 'rbfsvm' has not been set explicitly, hence returning None.
2026-09-16 21:53:36,914:WARNING:
'xgboost' is a soft dependency and not included in the pycaret installation. Please run: `pip install xgboost` to install.
Alternately, you can install this by running `pip install pycaret[models]`
2026-09-16 21:53:36,914:WARNING:
'catboost' is a soft dependency and not included in the pycaret installation. Please run: `pip install catboost` to install.
Alternately, you can install this by running `pip install pycaret[models]`
2026-09-16 21:53:36,934:INFO:Engine for model 'knn' has not been set explicitly, hence returning None.
2026-09-16 21:53:36,934:INFO:Engine for model 'rbfsvm' has not been set explicitly, hence returning None.
2026-09-16 21:53:36,949:WARNING:
'xgboost' is a soft dependency and not included in the pycaret installation. Please run: `pip install xgboost` to install.
Alternately, you can install this by running `pip install pycaret[models]`
2026-09-16 21:53:36,949:WARNING:
'catboost' is a soft dependency and not included in the pycaret installation. Please run: `pip install catboost` to install.
Alternately, you can install this by running `pip install pycaret[models]`
2026-09-16 21:53:36,949:INFO:Engine successfully changes for model 'knn' to 'sklearn'.
2026-09-16 21:53:36,975:INFO:Engine for model 'rbfsvm' has not been set explicitly, hence returning None.
2026-09-16 21:53:36,982:WARNING:
'xgboost' is a soft dependency and not included in the pycaret installation. Please run: `pip install xgboost` to install.
Alternately, you can install this by running `pip install pycaret[models]`
2026-09-16 21:53:36,982:WARNING:
'catboost' is a soft dependency and not included in the pycaret installation. Please run: `pip install catboost` to install.
Alternately, you can install this by running `pip install pycaret[models]`
2026-09-16 21:53:37,013:INFO:Engine for model 'rbfsvm' has not been set explicitly, hence returning None.
2026-09-16 21:53:37,017:WARNING:
'xgboost' is a soft dependency and not included in the pycaret installation. Please run: `pip install xgboost` to install.
Alternately, you can install this by running `pip install pycaret[models]`
2026-09-16 21:53:37,017:WARNING:
'catboost' is a soft dependency and not included in the pycaret installation. Please run: `pip install catboost` to install.
Alternately, you can install this by running `pip install pycaret[models]`
2026-09-16 21:53:37,017:INFO:Engine successfully changes for model 'rbfsvm' to 'sklearn'.
2026-09-16 21:53:37,065:WARNING:
'xgboost' is a soft dependency and not included in the pycaret installation. Please run: `pip install xgboost` to install.
Alternately, you can install this by running `pip install pycaret[models]`
2026-09-16 21:53:37,065:WARNING:
'catboost' is a soft dependency and not included in the pycaret installation. Please run: `pip install catboost` to install.
Alternately, you can install this by running `pip install pycaret[models]`
2026-09-16 21:53:37,098:WARNING:
'xgboost' is a soft dependency and not included in the pycaret installation. Please run: `pip install xgboost` to install.
Alternately, you can install this by running `pip install pycaret[models]`
2026-09-16 21:53:37,098:WARNING:
'catboost' is a soft dependency and not included in the pycaret installation. Please run: `pip install catboost` to install.
Alternately, you can install this by running `pip install pycaret[models]`
2026-09-16 21:53:37,098:INFO:Preparing preprocessing pipeline...
2026-09-16 21:53:37,098:INFO:Set up simple imputation.
2026-09-16 21:53:37,098:INFO:Finished creating preprocessing pipeline.
2026-09-16 21:53:37,113:INFO:Pipeline: Pipeline(memory=FastMemory(location=C:\Users\LABORA~1\AppData\Local\Temp\joblib),
         steps=[('numerical_imputer',
                 TransformerWrapper(exclude=None,
                                    include=['Idade', 'Pressao_Arterial',
                                             'Colesterol_Total',
                                             'Frequencia_Cardiaca_Max'],
                                    transformer=SimpleImputer(add_indicator=False,
                                                              copy=True,
                                                              fill_value=None,
                                                              keep_empty_features=False,
                                                              missing_values=nan,
                                                              strategy='mean'))),
                ('categorical_imputer',
                 TransformerWrapper(exclude=None, include=[],
                                    transformer=SimpleImputer(add_indicator=False,
                                                              copy=True,
                                                              fill_value=None,
                                                              keep_empty_features=False,
                                                              missing_values=nan,
                                                              strategy='most_frequent')))],
         verbose=False)
2026-09-16 21:53:37,113:INFO:Creating final display dataframe.
2026-09-16 21:53:37,137:INFO:Setup _display_container:                     Description             Value
0                    Session id               123
1                        Target  Risco_Internacao
2                   Target type            Binary
3           Original data shape          (250, 5)
4        Transformed data shape          (250, 5)
5   Transformed train set shape          (175, 5)
6    Transformed test set shape           (75, 5)
7              Numeric features                 4
8                    Preprocess              True
9               Imputation type            simple
10           Numeric imputation              mean
11       Categorical imputation              mode
12               Fold Generator   StratifiedKFold
13                  Fold Number                10
14                     CPU Jobs                -1
15                      Use GPU             False
16               Log Experiment             False
17              Experiment Name  clf-default-name
18                          USI              c04a
2026-09-16 21:53:37,177:WARNING:
'xgboost' is a soft dependency and not included in the pycaret installation. Please run: `pip install xgboost` to install.
Alternately, you can install this by running `pip install pycaret[models]`
2026-09-16 21:53:37,177:WARNING:
'catboost' is a soft dependency and not included in the pycaret installation. Please run: `pip install catboost` to install.
Alternately, you can install this by running `pip install pycaret[models]`
2026-09-16 21:53:37,214:WARNING:
'xgboost' is a soft dependency and not included in the pycaret installation. Please run: `pip install xgboost` to install.
Alternately, you can install this by running `pip install pycaret[models]`
2026-09-16 21:53:37,214:WARNING:
'catboost' is a soft dependency and not included in the pycaret installation. Please run: `pip install catboost` to install.
Alternately, you can install this by running `pip install pycaret[models]`
2026-09-16 21:53:37,214:INFO:setup() successfully completed in 0.35s...............
2026-09-16 21:53:41,301:INFO:Initializing compare_models()
2026-09-16 21:53:41,301:INFO:compare_models(self=<pycaret.classification.oop.ClassificationExperiment object at 0x000002878A3B8E90>, include=None, exclude=None, fold=None, round=4, cross_validation=True, sort=Accuracy, n_select=1, budget_time=None, turbo=True, errors=ignore, fit_kwargs=None, groups=None, experiment_custom_tags=None, probability_threshold=None, verbose=True, parallel=None, caller_params={'self': <pycaret.classification.oop.ClassificationExperiment object at 0x000002878A3B8E90>, 'include': None, 'exclude': None, 'fold': None, 'round': 4, 'cross_validation': True, 'sort': 'Accuracy', 'n_select': 1, 'budget_time': None, 'turbo': True, 'errors': 'ignore', 'fit_kwargs': None, 'groups': None, 'experiment_custom_tags': None, 'probability_threshold': None, 'engine': None, 'verbose': True, 'parallel': None, '__class__': <class 'pycaret.classification.oop.ClassificationExperiment'>})
2026-09-16 21:53:41,301:INFO:Checking exceptions
2026-09-16 21:53:41,306:INFO:Preparing display monitor
2026-09-16 21:53:41,326:INFO:Initializing Logistic Regression
2026-09-16 21:53:41,327:INFO:Total runtime is 1.6812483469645182e-05 minutes
2026-09-16 21:53:41,330:INFO:SubProcess create_model() called ==================================
2026-09-16 21:53:41,331:INFO:Initializing create_model()
2026-09-16 21:53:41,331:INFO:create_model(self=<pycaret.classification.oop.ClassificationExperiment object at 0x000002878A3B8E90>, estimator=lr, fold=StratifiedKFold(n_splits=10, random_state=None, shuffle=False), round=4, cross_validation=True, predict=True, fit_kwargs={}, groups=None, refit=False, probability_threshold=None, experiment_custom_tags=None, verbose=False, system=False, add_to_model_list=True, metrics=None, display=<pycaret.internal.display.display.CommonDisplay object at 0x000002878A3A74D0>, model_only=True, return_train_score=False, error_score=0.0, kwargs={})
2026-09-16 21:53:41,331:INFO:Checking exceptions
2026-09-16 21:53:41,331:INFO:Importing libraries
2026-09-16 21:53:41,331:INFO:Copying training dataset
2026-09-16 21:53:41,335:INFO:Defining folds
2026-09-16 21:53:41,335:INFO:Declaring metric variables
2026-09-16 21:53:41,338:INFO:Importing untrained model
2026-09-16 21:53:41,342:INFO:Logistic Regression Imported successfully
2026-09-16 21:53:41,348:INFO:Starting cross validation
2026-09-16 21:53:41,349:INFO:Cross validating with StratifiedKFold(n_splits=10, random_state=None, shuffle=False), n_jobs=-1
2026-09-16 21:53:45,236:WARNING:c:\Users\laboratorio\Desktop\Nova Pasta\PyCaret\.venv\Lib\site-packages\_distutils_hack\__init__.py:33: UserWarning: Setuptools is replacing distutils.
  warnings.warn("Setuptools is replacing distutils.")

2026-09-16 21:53:45,236:WARNING:c:\Users\laboratorio\Desktop\Nova Pasta\PyCaret\.venv\Lib\site-packages\_distutils_hack\__init__.py:33: UserWarning: Setuptools is replacing distutils.
  warnings.warn("Setuptools is replacing distutils.")

2026-09-16 21:53:45,289:WARNING:c:\Users\laboratorio\Desktop\Nova Pasta\PyCaret\.venv\Lib\site-packages\_distutils_hack\__init__.py:33: UserWarning: Setuptools is replacing distutils.
  warnings.warn("Setuptools is replacing distutils.")

2026-09-16 21:53:45,291:WARNING:c:\Users\laboratorio\Desktop\Nova Pasta\PyCaret\.venv\Lib\site-packages\_distutils_hack\__init__.py:33: UserWarning: Setuptools is replacing distutils.
  warnings.warn("Setuptools is replacing distutils.")

2026-09-16 21:53:45,298:WARNING:c:\Users\laboratorio\Desktop\Nova Pasta\PyCaret\.venv\Lib\site-packages\_distutils_hack\__init__.py:33: UserWarning: Setuptools is replacing distutils.
  warnings.warn("Setuptools is replacing distutils.")

2026-09-16 21:53:45,309:WARNING:c:\Users\laboratorio\Desktop\Nova Pasta\PyCaret\.venv\Lib\site-packages\_distutils_hack\__init__.py:33: UserWarning: Setuptools is replacing distutils.
  warnings.warn("Setuptools is replacing distutils.")

2026-09-16 21:53:45,315:WARNING:c:\Users\laboratorio\Desktop\Nova Pasta\PyCaret\.venv\Lib\site-packages\_distutils_hack\__init__.py:33: UserWarning: Setuptools is replacing distutils.
  warnings.warn("Setuptools is replacing distutils.")

2026-09-16 21:53:45,315:WARNING:c:\Users\laboratorio\Desktop\Nova Pasta\PyCaret\.venv\Lib\site-packages\_distutils_hack\__init__.py:33: UserWarning: Setuptools is replacing distutils.
  warnings.warn("Setuptools is replacing distutils.")

2026-09-16 21:53:45,325:WARNING:c:\Users\laboratorio\Desktop\Nova Pasta\PyCaret\.venv\Lib\site-packages\_distutils_hack\__init__.py:33: UserWarning: Setuptools is replacing distutils.
  warnings.warn("Setuptools is replacing distutils.")

2026-09-16 21:53:45,332:WARNING:c:\Users\laboratorio\Desktop\Nova Pasta\PyCaret\.venv\Lib\site-packages\_distutils_hack\__init__.py:33: UserWarning: Setuptools is replacing distutils.
  warnings.warn("Setuptools is replacing distutils.")

2026-09-16 21:53:45,824:INFO:Calculating mean and std
2026-09-16 21:53:45,824:INFO:Creating metrics dataframe
2026-09-16 21:53:45,824:INFO:Uploading results into container
2026-09-16 21:53:45,830:INFO:Uploading model into container now
2026-09-16 21:53:45,831:INFO:_master_model_container: 1
2026-09-16 21:53:45,831:INFO:_display_container: 2
2026-09-16 21:53:45,832:INFO:LogisticRegression(C=1.0, class_weight=None, dual=False, fit_intercept=True,
                   intercept_scaling=1, l1_ratio=None, max_iter=1000,
                   multi_class='auto', n_jobs=None, penalty='l2',
                   random_state=123, solver='lbfgs', tol=0.0001, verbose=0,
                   warm_start=False)
2026-09-16 21:53:45,832:INFO:create_model() successfully completed......................................
2026-09-16 21:53:45,948:INFO:SubProcess create_model() end ==================================
2026-09-16 21:53:45,948:INFO:Creating metrics dataframe
2026-09-16 21:53:45,948:INFO:Initializing K Neighbors Classifier
2026-09-16 21:53:45,948:INFO:Total runtime is 0.07703411181767782 minutes
2026-09-16 21:53:45,948:INFO:SubProcess create_model() called ==================================
2026-09-16 21:53:45,948:INFO:Initializing create_model()
2026-09-16 21:53:45,948:INFO:create_model(self=<pycaret.classification.oop.ClassificationExperiment object at 0x000002878A3B8E90>, estimator=knn, fold=StratifiedKFold(n_splits=10, random_state=None, shuffle=False), round=4, cross_validation=True, predict=True, fit_kwargs={}, groups=None, refit=False, probability_threshold=None, experiment_custom_tags=None, verbose=False, system=False, add_to_model_list=True, metrics=None, display=<pycaret.internal.display.display.CommonDisplay object at 0x000002878A3A74D0>, model_only=True, return_train_score=False, error_score=0.0, kwargs={})
2026-09-16 21:53:45,948:INFO:Checking exceptions
2026-09-16 21:53:45,948:INFO:Importing libraries
2026-09-16 21:53:45,948:INFO:Copying training dataset
2026-09-16 21:53:45,948:INFO:Defining folds
2026-09-16 21:53:45,948:INFO:Declaring metric variables
2026-09-16 21:53:45,959:INFO:Importing untrained model
2026-09-16 21:53:45,959:INFO:K Neighbors Classifier Imported successfully
2026-09-16 21:53:45,963:INFO:Starting cross validation
2026-09-16 21:53:45,964:INFO:Cross validating with StratifiedKFold(n_splits=10, random_state=None, shuffle=False), n_jobs=-1
2026-09-16 21:53:48,992:WARNING:c:\Users\laboratorio\Desktop\Nova Pasta\PyCaret\.venv\Lib\site-packages\_distutils_hack\__init__.py:33: UserWarning: Setuptools is replacing distutils.
  warnings.warn("Setuptools is replacing distutils.")

2026-09-16 21:53:49,001:WARNING:c:\Users\laboratorio\Desktop\Nova Pasta\PyCaret\.venv\Lib\site-packages\_distutils_hack\__init__.py:33: UserWarning: Setuptools is replacing distutils.
  warnings.warn("Setuptools is replacing distutils.")

2026-09-16 21:53:49,001:WARNING:c:\Users\laboratorio\Desktop\Nova Pasta\PyCaret\.venv\Lib\site-packages\_distutils_hack\__init__.py:33: UserWarning: Setuptools is replacing distutils.
  warnings.warn("Setuptools is replacing distutils.")

2026-09-16 21:53:49,003:WARNING:c:\Users\laboratorio\Desktop\Nova Pasta\PyCaret\.venv\Lib\site-packages\_distutils_hack\__init__.py:33: UserWarning: Setuptools is replacing distutils.
  warnings.warn("Setuptools is replacing distutils.")

2026-09-16 21:53:49,010:WARNING:c:\Users\laboratorio\Desktop\Nova Pasta\PyCaret\.venv\Lib\site-packages\_distutils_hack\__init__.py:33: UserWarning: Setuptools is replacing distutils.
  warnings.warn("Setuptools is replacing distutils.")

2026-09-16 21:53:49,012:WARNING:c:\Users\laboratorio\Desktop\Nova Pasta\PyCaret\.venv\Lib\site-packages\_distutils_hack\__init__.py:33: UserWarning: Setuptools is replacing distutils.
  warnings.warn("Setuptools is replacing distutils.")

2026-09-16 21:53:49,012:WARNING:c:\Users\laboratorio\Desktop\Nova Pasta\PyCaret\.venv\Lib\site-packages\_distutils_hack\__init__.py:33: UserWarning: Setuptools is replacing distutils.
  warnings.warn("Setuptools is replacing distutils.")

2026-09-16 21:53:49,016:WARNING:c:\Users\laboratorio\Desktop\Nova Pasta\PyCaret\.venv\Lib\site-packages\_distutils_hack\__init__.py:33: UserWarning: Setuptools is replacing distutils.
  warnings.warn("Setuptools is replacing distutils.")

2026-09-16 21:53:49,041:WARNING:c:\Users\laboratorio\Desktop\Nova Pasta\PyCaret\.venv\Lib\site-packages\_distutils_hack\__init__.py:33: UserWarning: Setuptools is replacing distutils.
  warnings.warn("Setuptools is replacing distutils.")

2026-09-16 21:53:49,074:WARNING:c:\Users\laboratorio\Desktop\Nova Pasta\PyCaret\.venv\Lib\site-packages\_distutils_hack\__init__.py:33: UserWarning: Setuptools is replacing distutils.
  warnings.warn("Setuptools is replacing distutils.")

2026-09-16 21:53:49,792:INFO:Calculating mean and std
2026-09-16 21:53:49,794:INFO:Creating metrics dataframe
2026-09-16 21:53:49,796:INFO:Uploading results into container
2026-09-16 21:53:49,797:INFO:Uploading model into container now
2026-09-16 21:53:49,798:INFO:_master_model_container: 2
2026-09-16 21:53:49,798:INFO:_display_container: 2
2026-09-16 21:53:49,798:INFO:KNeighborsClassifier(algorithm='auto', leaf_size=30, metric='minkowski',
                     metric_params=None, n_jobs=-1, n_neighbors=5, p=2,
                     weights='uniform')
2026-09-16 21:53:49,798:INFO:create_model() successfully completed......................................
2026-09-16 21:53:49,887:INFO:SubProcess create_model() end ==================================
2026-09-16 21:53:49,887:INFO:Creating metrics dataframe
2026-09-16 21:53:49,891:INFO:Initializing Naive Bayes
2026-09-16 21:53:49,891:INFO:Total runtime is 0.1427484154701233 minutes
2026-09-16 21:53:49,893:INFO:SubProcess create_model() called ==================================
2026-09-16 21:53:49,893:INFO:Initializing create_model()
2026-09-16 21:53:49,893:INFO:create_model(self=<pycaret.classification.oop.ClassificationExperiment object at 0x000002878A3B8E90>, estimator=nb, fold=StratifiedKFold(n_splits=10, random_state=None, shuffle=False), round=4, cross_validation=True, predict=True, fit_kwargs={}, groups=None, refit=False, probability_threshold=None, experiment_custom_tags=None, verbose=False, system=False, add_to_model_list=True, metrics=None, display=<pycaret.internal.display.display.CommonDisplay object at 0x000002878A3A74D0>, model_only=True, return_train_score=False, error_score=0.0, kwargs={})
2026-09-16 21:53:49,893:INFO:Checking exceptions
2026-09-16 21:53:49,893:INFO:Importing libraries
2026-09-16 21:53:49,893:INFO:Copying training dataset
2026-09-16 21:53:49,895:INFO:Defining folds
2026-09-16 21:53:49,895:INFO:Declaring metric variables
2026-09-16 21:53:49,896:INFO:Importing untrained model
2026-09-16 21:53:49,898:INFO:Naive Bayes Imported successfully
2026-09-16 21:53:49,900:INFO:Starting cross validation
2026-09-16 21:53:49,900:INFO:Cross validating with StratifiedKFold(n_splits=10, random_state=None, shuffle=False), n_jobs=-1
2026-09-16 21:53:49,962:INFO:Calculating mean and std
2026-09-16 21:53:49,962:INFO:Creating metrics dataframe
2026-09-16 21:53:49,963:INFO:Uploading results into container
2026-09-16 21:53:49,963:INFO:Uploading model into container now
2026-09-16 21:53:49,963:INFO:_master_model_container: 3
2026-09-16 21:53:49,963:INFO:_display_container: 2
2026-09-16 21:53:49,963:INFO:GaussianNB(priors=None, var_smoothing=1e-09)
2026-09-16 21:53:49,963:INFO:create_model() successfully completed......................................
2026-09-16 21:53:50,028:INFO:SubProcess create_model() end ==================================
2026-09-16 21:53:50,028:INFO:Creating metrics dataframe
2026-09-16 21:53:50,040:INFO:Initializing Decision Tree Classifier
2026-09-16 21:53:50,040:INFO:Total runtime is 0.14524120887120565 minutes
2026-09-16 21:53:50,044:INFO:SubProcess create_model() called ==================================
2026-09-16 21:53:50,044:INFO:Initializing create_model()
2026-09-16 21:53:50,044:INFO:create_model(self=<pycaret.classification.oop.ClassificationExperiment object at 0x000002878A3B8E90>, estimator=dt, fold=StratifiedKFold(n_splits=10, random_state=None, shuffle=False), round=4, cross_validation=True, predict=True, fit_kwargs={}, groups=None, refit=False, probability_threshold=None, experiment_custom_tags=None, verbose=False, system=False, add_to_model_list=True, metrics=None, display=<pycaret.internal.display.display.CommonDisplay object at 0x000002878A3A74D0>, model_only=True, return_train_score=False, error_score=0.0, kwargs={})
2026-09-16 21:53:50,044:INFO:Checking exceptions
2026-09-16 21:53:50,044:INFO:Importing libraries
2026-09-16 21:53:50,044:INFO:Copying training dataset
2026-09-16 21:53:50,044:INFO:Defining folds
2026-09-16 21:53:50,044:INFO:Declaring metric variables
2026-09-16 21:53:50,049:INFO:Importing untrained model
2026-09-16 21:53:50,050:INFO:Decision Tree Classifier Imported successfully
2026-09-16 21:53:50,050:INFO:Starting cross validation
2026-09-16 21:53:50,050:INFO:Cross validating with StratifiedKFold(n_splits=10, random_state=None, shuffle=False), n_jobs=-1
2026-09-16 21:53:50,113:INFO:Calculating mean and std
2026-09-16 21:53:50,114:INFO:Creating metrics dataframe
2026-09-16 21:53:50,115:INFO:Uploading results into container
2026-09-16 21:53:50,115:INFO:Uploading model into container now
2026-09-16 21:53:50,115:INFO:_master_model_container: 4
2026-09-16 21:53:50,115:INFO:_display_container: 2
2026-09-16 21:53:50,115:INFO:DecisionTreeClassifier(ccp_alpha=0.0, class_weight=None, criterion='gini',
                       max_depth=None, max_features=None, max_leaf_nodes=None,
                       min_impurity_decrease=0.0, min_samples_leaf=1,
                       min_samples_split=2, min_weight_fraction_leaf=0.0,
                       monotonic_cst=None, random_state=123, splitter='best')
2026-09-16 21:53:50,115:INFO:create_model() successfully completed......................................
2026-09-16 21:53:50,183:INFO:SubProcess create_model() end ==================================
2026-09-16 21:53:50,183:INFO:Creating metrics dataframe
2026-09-16 21:53:50,183:INFO:Initializing SVM - Linear Kernel
2026-09-16 21:53:50,183:INFO:Total runtime is 0.14761839707692465 minutes
2026-09-16 21:53:50,183:INFO:SubProcess create_model() called ==================================
2026-09-16 21:53:50,183:INFO:Initializing create_model()
2026-09-16 21:53:50,183:INFO:create_model(self=<pycaret.classification.oop.ClassificationExperiment object at 0x000002878A3B8E90>, estimator=svm, fold=StratifiedKFold(n_splits=10, random_state=None, shuffle=False), round=4, cross_validation=True, predict=True, fit_kwargs={}, groups=None, refit=False, probability_threshold=None, experiment_custom_tags=None, verbose=False, system=False, add_to_model_list=True, metrics=None, display=<pycaret.internal.display.display.CommonDisplay object at 0x000002878A3A74D0>, model_only=True, return_train_score=False, error_score=0.0, kwargs={})
2026-09-16 21:53:50,183:INFO:Checking exceptions
2026-09-16 21:53:50,183:INFO:Importing libraries
2026-09-16 21:53:50,183:INFO:Copying training dataset
2026-09-16 21:53:50,197:INFO:Defining folds
2026-09-16 21:53:50,197:INFO:Declaring metric variables
2026-09-16 21:53:50,197:INFO:Importing untrained model
2026-09-16 21:53:50,201:INFO:SVM - Linear Kernel Imported successfully
2026-09-16 21:53:50,201:INFO:Starting cross validation
2026-09-16 21:53:50,201:INFO:Cross validating with StratifiedKFold(n_splits=10, random_state=None, shuffle=False), n_jobs=-1
2026-09-16 21:53:50,233:WARNING:c:\Users\laboratorio\Desktop\Nova Pasta\PyCaret\.venv\Lib\site-packages\sklearn\metrics\_classification.py:1509: UndefinedMetricWarning: Precision is ill-defined and being set to 0.0 due to no predicted samples. Use `zero_division` parameter to control this behavior.
  _warn_prf(average, modifier, f"{metric.capitalize()} is", len(result))

2026-09-16 21:53:50,242:WARNING:c:\Users\laboratorio\Desktop\Nova Pasta\PyCaret\.venv\Lib\site-packages\sklearn\metrics\_classification.py:1509: UndefinedMetricWarning: Precision is ill-defined and being set to 0.0 due to no predicted samples. Use `zero_division` parameter to control this behavior.
  _warn_prf(average, modifier, f"{metric.capitalize()} is", len(result))

2026-09-16 21:53:50,242:WARNING:c:\Users\laboratorio\Desktop\Nova Pasta\PyCaret\.venv\Lib\site-packages\sklearn\metrics\_classification.py:1509: UndefinedMetricWarning: Precision is ill-defined and being set to 0.0 due to no predicted samples. Use `zero_division` parameter to control this behavior.
  _warn_prf(average, modifier, f"{metric.capitalize()} is", len(result))

2026-09-16 21:53:50,252:WARNING:c:\Users\laboratorio\Desktop\Nova Pasta\PyCaret\.venv\Lib\site-packages\sklearn\metrics\_classification.py:1509: UndefinedMetricWarning: Precision is ill-defined and being set to 0.0 due to no predicted samples. Use `zero_division` parameter to control this behavior.
  _warn_prf(average, modifier, f"{metric.capitalize()} is", len(result))

2026-09-16 21:53:50,257:WARNING:c:\Users\laboratorio\Desktop\Nova Pasta\PyCaret\.venv\Lib\site-packages\sklearn\metrics\_classification.py:1509: UndefinedMetricWarning: Precision is ill-defined and being set to 0.0 due to no predicted samples. Use `zero_division` parameter to control this behavior.
  _warn_prf(average, modifier, f"{metric.capitalize()} is", len(result))

2026-09-16 21:53:50,264:INFO:Calculating mean and std
2026-09-16 21:53:50,264:INFO:Creating metrics dataframe
2026-09-16 21:53:50,265:INFO:Uploading results into container
2026-09-16 21:53:50,265:INFO:Uploading model into container now
2026-09-16 21:53:50,265:INFO:_master_model_container: 5
2026-09-16 21:53:50,265:INFO:_display_container: 2
2026-09-16 21:53:50,265:INFO:SGDClassifier(alpha=0.0001, average=False, class_weight=None,
              early_stopping=False, epsilon=0.1, eta0=0.001, fit_intercept=True,
              l1_ratio=0.15, learning_rate='optimal', loss='hinge',
              max_iter=1000, n_iter_no_change=5, n_jobs=-1, penalty='l2',
              power_t=0.5, random_state=123, shuffle=True, tol=0.001,
              validation_fraction=0.1, verbose=0, warm_start=False)
2026-09-16 21:53:50,266:INFO:create_model() successfully completed......................................
2026-09-16 21:53:50,329:INFO:SubProcess create_model() end ==================================
2026-09-16 21:53:50,329:INFO:Creating metrics dataframe
2026-09-16 21:53:50,343:INFO:Initializing Ridge Classifier
2026-09-16 21:53:50,343:INFO:Total runtime is 0.15028012196222942 minutes
2026-09-16 21:53:50,345:INFO:SubProcess create_model() called ==================================
2026-09-16 21:53:50,345:INFO:Initializing create_model()
2026-09-16 21:53:50,345:INFO:create_model(self=<pycaret.classification.oop.ClassificationExperiment object at 0x000002878A3B8E90>, estimator=ridge, fold=StratifiedKFold(n_splits=10, random_state=None, shuffle=False), round=4, cross_validation=True, predict=True, fit_kwargs={}, groups=None, refit=False, probability_threshold=None, experiment_custom_tags=None, verbose=False, system=False, add_to_model_list=True, metrics=None, display=<pycaret.internal.display.display.CommonDisplay object at 0x000002878A3A74D0>, model_only=True, return_train_score=False, error_score=0.0, kwargs={})
2026-09-16 21:53:50,345:INFO:Checking exceptions
2026-09-16 21:53:50,345:INFO:Importing libraries
2026-09-16 21:53:50,345:INFO:Copying training dataset
2026-09-16 21:53:50,345:INFO:Defining folds
2026-09-16 21:53:50,345:INFO:Declaring metric variables
2026-09-16 21:53:50,350:INFO:Importing untrained model
2026-09-16 21:53:50,351:INFO:Ridge Classifier Imported successfully
2026-09-16 21:53:50,351:INFO:Starting cross validation
2026-09-16 21:53:50,351:INFO:Cross validating with StratifiedKFold(n_splits=10, random_state=None, shuffle=False), n_jobs=-1
2026-09-16 21:53:50,414:INFO:Calculating mean and std
2026-09-16 21:53:50,414:INFO:Creating metrics dataframe
2026-09-16 21:53:50,415:INFO:Uploading results into container
2026-09-16 21:53:50,415:INFO:Uploading model into container now
2026-09-16 21:53:50,415:INFO:_master_model_container: 6
2026-09-16 21:53:50,415:INFO:_display_container: 2
2026-09-16 21:53:50,415:INFO:RidgeClassifier(alpha=1.0, class_weight=None, copy_X=True, fit_intercept=True,
                max_iter=None, positive=False, random_state=123, solver='auto',
                tol=0.0001)
2026-09-16 21:53:50,415:INFO:create_model() successfully completed......................................
2026-09-16 21:53:50,479:INFO:SubProcess create_model() end ==================================
2026-09-16 21:53:50,479:INFO:Creating metrics dataframe
2026-09-16 21:53:50,494:INFO:Initializing Random Forest Classifier
2026-09-16 21:53:50,494:INFO:Total runtime is 0.15279757181803386 minutes
2026-09-16 21:53:50,495:INFO:SubProcess create_model() called ==================================
2026-09-16 21:53:50,495:INFO:Initializing create_model()
2026-09-16 21:53:50,495:INFO:create_model(self=<pycaret.classification.oop.ClassificationExperiment object at 0x000002878A3B8E90>, estimator=rf, fold=StratifiedKFold(n_splits=10, random_state=None, shuffle=False), round=4, cross_validation=True, predict=True, fit_kwargs={}, groups=None, refit=False, probability_threshold=None, experiment_custom_tags=None, verbose=False, system=False, add_to_model_list=True, metrics=None, display=<pycaret.internal.display.display.CommonDisplay object at 0x000002878A3A74D0>, model_only=True, return_train_score=False, error_score=0.0, kwargs={})
2026-09-16 21:53:50,495:INFO:Checking exceptions
2026-09-16 21:53:50,497:INFO:Importing libraries
2026-09-16 21:53:50,497:INFO:Copying training dataset
2026-09-16 21:53:50,498:INFO:Defining folds
2026-09-16 21:53:50,498:INFO:Declaring metric variables
2026-09-16 21:53:50,500:INFO:Importing untrained model
2026-09-16 21:53:50,501:INFO:Random Forest Classifier Imported successfully
2026-09-16 21:53:50,501:INFO:Starting cross validation
2026-09-16 21:53:50,501:INFO:Cross validating with StratifiedKFold(n_splits=10, random_state=None, shuffle=False), n_jobs=-1
2026-09-16 21:53:50,944:INFO:Calculating mean and std
2026-09-16 21:53:50,944:INFO:Creating metrics dataframe
2026-09-16 21:53:50,944:INFO:Uploading results into container
2026-09-16 21:53:50,944:INFO:Uploading model into container now
2026-09-16 21:53:50,944:INFO:_master_model_container: 7
2026-09-16 21:53:50,944:INFO:_display_container: 2
2026-09-16 21:53:50,947:INFO:RandomForestClassifier(bootstrap=True, ccp_alpha=0.0, class_weight=None,
                       criterion='gini', max_depth=None, max_features='sqrt',
                       max_leaf_nodes=None, max_samples=None,
                       min_impurity_decrease=0.0, min_samples_leaf=1,
                       min_samples_split=2, min_weight_fraction_leaf=0.0,
                       monotonic_cst=None, n_estimators=100, n_jobs=-1,
                       oob_score=False, random_state=123, verbose=0,
                       warm_start=False)
2026-09-16 21:53:50,947:INFO:create_model() successfully completed......................................
2026-09-16 21:53:51,025:INFO:SubProcess create_model() end ==================================
2026-09-16 21:53:51,025:INFO:Creating metrics dataframe
2026-09-16 21:53:51,029:INFO:Initializing Quadratic Discriminant Analysis
2026-09-16 21:53:51,029:INFO:Total runtime is 0.16171120007832845 minutes
2026-09-16 21:53:51,030:INFO:SubProcess create_model() called ==================================
2026-09-16 21:53:51,030:INFO:Initializing create_model()
2026-09-16 21:53:51,030:INFO:create_model(self=<pycaret.classification.oop.ClassificationExperiment object at 0x000002878A3B8E90>, estimator=qda, fold=StratifiedKFold(n_splits=10, random_state=None, shuffle=False), round=4, cross_validation=True, predict=True, fit_kwargs={}, groups=None, refit=False, probability_threshold=None, experiment_custom_tags=None, verbose=False, system=False, add_to_model_list=True, metrics=None, display=<pycaret.internal.display.display.CommonDisplay object at 0x000002878A3A74D0>, model_only=True, return_train_score=False, error_score=0.0, kwargs={})
2026-09-16 21:53:51,030:INFO:Checking exceptions
2026-09-16 21:53:51,030:INFO:Importing libraries
2026-09-16 21:53:51,030:INFO:Copying training dataset
2026-09-16 21:53:51,032:INFO:Defining folds
2026-09-16 21:53:51,032:INFO:Declaring metric variables
2026-09-16 21:53:51,033:INFO:Importing untrained model
2026-09-16 21:53:51,035:INFO:Quadratic Discriminant Analysis Imported successfully
2026-09-16 21:53:51,038:INFO:Starting cross validation
2026-09-16 21:53:51,039:INFO:Cross validating with StratifiedKFold(n_splits=10, random_state=None, shuffle=False), n_jobs=-1
2026-09-16 21:53:51,106:INFO:Calculating mean and std
2026-09-16 21:53:51,106:INFO:Creating metrics dataframe
2026-09-16 21:53:51,106:INFO:Uploading results into container
2026-09-16 21:53:51,106:INFO:Uploading model into container now
2026-09-16 21:53:51,106:INFO:_master_model_container: 8
2026-09-16 21:53:51,106:INFO:_display_container: 2
2026-09-16 21:53:51,106:INFO:QuadraticDiscriminantAnalysis(priors=None, reg_param=0.0,
                              store_covariance=False, tol=0.0001)
2026-09-16 21:53:51,106:INFO:create_model() successfully completed......................................
2026-09-16 21:53:51,180:INFO:SubProcess create_model() end ==================================
2026-09-16 21:53:51,180:INFO:Creating metrics dataframe
2026-09-16 21:53:51,180:INFO:Initializing Ada Boost Classifier
2026-09-16 21:53:51,180:INFO:Total runtime is 0.16423651377360027 minutes
2026-09-16 21:53:51,180:INFO:SubProcess create_model() called ==================================
2026-09-16 21:53:51,180:INFO:Initializing create_model()
2026-09-16 21:53:51,180:INFO:create_model(self=<pycaret.classification.oop.ClassificationExperiment object at 0x000002878A3B8E90>, estimator=ada, fold=StratifiedKFold(n_splits=10, random_state=None, shuffle=False), round=4, cross_validation=True, predict=True, fit_kwargs={}, groups=None, refit=False, probability_threshold=None, experiment_custom_tags=None, verbose=False, system=False, add_to_model_list=True, metrics=None, display=<pycaret.internal.display.display.CommonDisplay object at 0x000002878A3A74D0>, model_only=True, return_train_score=False, error_score=0.0, kwargs={})
2026-09-16 21:53:51,180:INFO:Checking exceptions
2026-09-16 21:53:51,180:INFO:Importing libraries
2026-09-16 21:53:51,180:INFO:Copying training dataset
2026-09-16 21:53:51,180:INFO:Defining folds
2026-09-16 21:53:51,180:INFO:Declaring metric variables
2026-09-16 21:53:51,180:INFO:Importing untrained model
2026-09-16 21:53:51,180:INFO:Ada Boost Classifier Imported successfully
2026-09-16 21:53:51,195:INFO:Starting cross validation
2026-09-16 21:53:51,195:INFO:Cross validating with StratifiedKFold(n_splits=10, random_state=None, shuffle=False), n_jobs=-1
2026-09-16 21:53:51,211:WARNING:c:\Users\laboratorio\Desktop\Nova Pasta\PyCaret\.venv\Lib\site-packages\sklearn\ensemble\_weight_boosting.py:519: FutureWarning: The SAMME.R algorithm (the default) is deprecated and will be removed in 1.6. Use the SAMME algorithm to circumvent this warning.
  warnings.warn(

2026-09-16 21:53:51,211:WARNING:c:\Users\laboratorio\Desktop\Nova Pasta\PyCaret\.venv\Lib\site-packages\sklearn\ensemble\_weight_boosting.py:519: FutureWarning: The SAMME.R algorithm (the default) is deprecated and will be removed in 1.6. Use the SAMME algorithm to circumvent this warning.
  warnings.warn(

2026-09-16 21:53:51,213:WARNING:c:\Users\laboratorio\Desktop\Nova Pasta\PyCaret\.venv\Lib\site-packages\sklearn\ensemble\_weight_boosting.py:519: FutureWarning: The SAMME.R algorithm (the default) is deprecated and will be removed in 1.6. Use the SAMME algorithm to circumvent this warning.
  warnings.warn(

2026-09-16 21:53:51,214:WARNING:c:\Users\laboratorio\Desktop\Nova Pasta\PyCaret\.venv\Lib\site-packages\sklearn\ensemble\_weight_boosting.py:519: FutureWarning: The SAMME.R algorithm (the default) is deprecated and will be removed in 1.6. Use the SAMME algorithm to circumvent this warning.
  warnings.warn(

2026-09-16 21:53:51,217:WARNING:c:\Users\laboratorio\Desktop\Nova Pasta\PyCaret\.venv\Lib\site-packages\sklearn\ensemble\_weight_boosting.py:519: FutureWarning: The SAMME.R algorithm (the default) is deprecated and will be removed in 1.6. Use the SAMME algorithm to circumvent this warning.
  warnings.warn(

2026-09-16 21:53:51,223:WARNING:c:\Users\laboratorio\Desktop\Nova Pasta\PyCaret\.venv\Lib\site-packages\sklearn\ensemble\_weight_boosting.py:519: FutureWarning: The SAMME.R algorithm (the default) is deprecated and will be removed in 1.6. Use the SAMME algorithm to circumvent this warning.
  warnings.warn(

2026-09-16 21:53:51,223:WARNING:c:\Users\laboratorio\Desktop\Nova Pasta\PyCaret\.venv\Lib\site-packages\sklearn\ensemble\_weight_boosting.py:519: FutureWarning: The SAMME.R algorithm (the default) is deprecated and will be removed in 1.6. Use the SAMME algorithm to circumvent this warning.
  warnings.warn(

2026-09-16 21:53:51,225:WARNING:c:\Users\laboratorio\Desktop\Nova Pasta\PyCaret\.venv\Lib\site-packages\sklearn\ensemble\_weight_boosting.py:519: FutureWarning: The SAMME.R algorithm (the default) is deprecated and will be removed in 1.6. Use the SAMME algorithm to circumvent this warning.
  warnings.warn(

2026-09-16 21:53:51,227:WARNING:c:\Users\laboratorio\Desktop\Nova Pasta\PyCaret\.venv\Lib\site-packages\sklearn\ensemble\_weight_boosting.py:519: FutureWarning: The SAMME.R algorithm (the default) is deprecated and will be removed in 1.6. Use the SAMME algorithm to circumvent this warning.
  warnings.warn(

2026-09-16 21:53:51,232:WARNING:c:\Users\laboratorio\Desktop\Nova Pasta\PyCaret\.venv\Lib\site-packages\sklearn\ensemble\_weight_boosting.py:519: FutureWarning: The SAMME.R algorithm (the default) is deprecated and will be removed in 1.6. Use the SAMME algorithm to circumvent this warning.
  warnings.warn(

2026-09-16 21:53:51,406:INFO:Calculating mean and std
2026-09-16 21:53:51,406:INFO:Creating metrics dataframe
2026-09-16 21:53:51,406:INFO:Uploading results into container
2026-09-16 21:53:51,406:INFO:Uploading model into container now
2026-09-16 21:53:51,406:INFO:_master_model_container: 9
2026-09-16 21:53:51,406:INFO:_display_container: 2
2026-09-16 21:53:51,406:INFO:AdaBoostClassifier(algorithm='SAMME.R', estimator=None, learning_rate=1.0,
                   n_estimators=50, random_state=123)
2026-09-16 21:53:51,409:INFO:create_model() successfully completed......................................
2026-09-16 21:53:51,480:INFO:SubProcess create_model() end ==================================
2026-09-16 21:53:51,480:INFO:Creating metrics dataframe
2026-09-16 21:53:51,480:INFO:Initializing Gradient Boosting Classifier
2026-09-16 21:53:51,480:INFO:Total runtime is 0.16922797362009684 minutes
2026-09-16 21:53:51,480:INFO:SubProcess create_model() called ==================================
2026-09-16 21:53:51,480:INFO:Initializing create_model()
2026-09-16 21:53:51,480:INFO:create_model(self=<pycaret.classification.oop.ClassificationExperiment object at 0x000002878A3B8E90>, estimator=gbc, fold=StratifiedKFold(n_splits=10, random_state=None, shuffle=False), round=4, cross_validation=True, predict=True, fit_kwargs={}, groups=None, refit=False, probability_threshold=None, experiment_custom_tags=None, verbose=False, system=False, add_to_model_list=True, metrics=None, display=<pycaret.internal.display.display.CommonDisplay object at 0x000002878A3A74D0>, model_only=True, return_train_score=False, error_score=0.0, kwargs={})
2026-09-16 21:53:51,480:INFO:Checking exceptions
2026-09-16 21:53:51,480:INFO:Importing libraries
2026-09-16 21:53:51,480:INFO:Copying training dataset
2026-09-16 21:53:51,480:INFO:Defining folds
2026-09-16 21:53:51,480:INFO:Declaring metric variables
2026-09-16 21:53:51,480:INFO:Importing untrained model
2026-09-16 21:53:51,480:INFO:Gradient Boosting Classifier Imported successfully
2026-09-16 21:53:51,497:INFO:Starting cross validation
2026-09-16 21:53:51,498:INFO:Cross validating with StratifiedKFold(n_splits=10, random_state=None, shuffle=False), n_jobs=-1
2026-09-16 21:53:51,685:INFO:Calculating mean and std
2026-09-16 21:53:51,685:INFO:Creating metrics dataframe
2026-09-16 21:53:51,687:INFO:Uploading results into container
2026-09-16 21:53:51,687:INFO:Uploading model into container now
2026-09-16 21:53:51,687:INFO:_master_model_container: 10
2026-09-16 21:53:51,687:INFO:_display_container: 2
2026-09-16 21:53:51,688:INFO:GradientBoostingClassifier(ccp_alpha=0.0, criterion='friedman_mse', init=None,
                           learning_rate=0.1, loss='log_loss', max_depth=3,
                           max_features=None, max_leaf_nodes=None,
                           min_impurity_decrease=0.0, min_samples_leaf=1,
                           min_samples_split=2, min_weight_fraction_leaf=0.0,
                           n_estimators=100, n_iter_no_change=None,
                           random_state=123, subsample=1.0, tol=0.0001,
                           validation_fraction=0.1, verbose=0,
                           warm_start=False)
2026-09-16 21:53:51,688:INFO:create_model() successfully completed......................................
2026-09-16 21:53:51,749:INFO:SubProcess create_model() end ==================================
2026-09-16 21:53:51,749:INFO:Creating metrics dataframe
2026-09-16 21:53:51,764:INFO:Initializing Linear Discriminant Analysis
2026-09-16 21:53:51,764:INFO:Total runtime is 0.17396128177642822 minutes
2026-09-16 21:53:51,764:INFO:SubProcess create_model() called ==================================
2026-09-16 21:53:51,764:INFO:Initializing create_model()
2026-09-16 21:53:51,764:INFO:create_model(self=<pycaret.classification.oop.ClassificationExperiment object at 0x000002878A3B8E90>, estimator=lda, fold=StratifiedKFold(n_splits=10, random_state=None, shuffle=False), round=4, cross_validation=True, predict=True, fit_kwargs={}, groups=None, refit=False, probability_threshold=None, experiment_custom_tags=None, verbose=False, system=False, add_to_model_list=True, metrics=None, display=<pycaret.internal.display.display.CommonDisplay object at 0x000002878A3A74D0>, model_only=True, return_train_score=False, error_score=0.0, kwargs={})
2026-09-16 21:53:51,764:INFO:Checking exceptions
2026-09-16 21:53:51,764:INFO:Importing libraries
2026-09-16 21:53:51,764:INFO:Copying training dataset
2026-09-16 21:53:51,764:INFO:Defining folds
2026-09-16 21:53:51,764:INFO:Declaring metric variables
2026-09-16 21:53:51,764:INFO:Importing untrained model
2026-09-16 21:53:51,764:INFO:Linear Discriminant Analysis Imported successfully
2026-09-16 21:53:51,764:INFO:Starting cross validation
2026-09-16 21:53:51,764:INFO:Cross validating with StratifiedKFold(n_splits=10, random_state=None, shuffle=False), n_jobs=-1
2026-09-16 21:53:51,833:INFO:Calculating mean and std
2026-09-16 21:53:51,834:INFO:Creating metrics dataframe
2026-09-16 21:53:51,835:INFO:Uploading results into container
2026-09-16 21:53:51,835:INFO:Uploading model into container now
2026-09-16 21:53:51,835:INFO:_master_model_container: 11
2026-09-16 21:53:51,836:INFO:_display_container: 2
2026-09-16 21:53:51,836:INFO:LinearDiscriminantAnalysis(covariance_estimator=None, n_components=None,
                           priors=None, shrinkage=None, solver='svd',
                           store_covariance=False, tol=0.0001)
2026-09-16 21:53:51,836:INFO:create_model() successfully completed......................................
2026-09-16 21:53:51,909:INFO:SubProcess create_model() end ==================================
2026-09-16 21:53:51,909:INFO:Creating metrics dataframe
2026-09-16 21:53:51,914:INFO:Initializing Extra Trees Classifier
2026-09-16 21:53:51,914:INFO:Total runtime is 0.1764630913734436 minutes
2026-09-16 21:53:51,914:INFO:SubProcess create_model() called ==================================
2026-09-16 21:53:51,914:INFO:Initializing create_model()
2026-09-16 21:53:51,914:INFO:create_model(self=<pycaret.classification.oop.ClassificationExperiment object at 0x000002878A3B8E90>, estimator=et, fold=StratifiedKFold(n_splits=10, random_state=None, shuffle=False), round=4, cross_validation=True, predict=True, fit_kwargs={}, groups=None, refit=False, probability_threshold=None, experiment_custom_tags=None, verbose=False, system=False, add_to_model_list=True, metrics=None, display=<pycaret.internal.display.display.CommonDisplay object at 0x000002878A3A74D0>, model_only=True, return_train_score=False, error_score=0.0, kwargs={})
2026-09-16 21:53:51,914:INFO:Checking exceptions
2026-09-16 21:53:51,914:INFO:Importing libraries
2026-09-16 21:53:51,914:INFO:Copying training dataset
2026-09-16 21:53:51,914:INFO:Defining folds
2026-09-16 21:53:51,914:INFO:Declaring metric variables
2026-09-16 21:53:51,914:INFO:Importing untrained model
2026-09-16 21:53:51,914:INFO:Extra Trees Classifier Imported successfully
2026-09-16 21:53:51,914:INFO:Starting cross validation
2026-09-16 21:53:51,914:INFO:Cross validating with StratifiedKFold(n_splits=10, random_state=None, shuffle=False), n_jobs=-1
2026-09-16 21:53:52,324:INFO:Calculating mean and std
2026-09-16 21:53:52,324:INFO:Creating metrics dataframe
2026-09-16 21:53:52,324:INFO:Uploading results into container
2026-09-16 21:53:52,324:INFO:Uploading model into container now
2026-09-16 21:53:52,324:INFO:_master_model_container: 12
2026-09-16 21:53:52,324:INFO:_display_container: 2
2026-09-16 21:53:52,324:INFO:ExtraTreesClassifier(bootstrap=False, ccp_alpha=0.0, class_weight=None,
                     criterion='gini', max_depth=None, max_features='sqrt',
                     max_leaf_nodes=None, max_samples=None,
                     min_impurity_decrease=0.0, min_samples_leaf=1,
                     min_samples_split=2, min_weight_fraction_leaf=0.0,
                     monotonic_cst=None, n_estimators=100, n_jobs=-1,
                     oob_score=False, random_state=123, verbose=0,
                     warm_start=False)
2026-09-16 21:53:52,324:INFO:create_model() successfully completed......................................
2026-09-16 21:53:52,399:INFO:SubProcess create_model() end ==================================
2026-09-16 21:53:52,399:INFO:Creating metrics dataframe
2026-09-16 21:53:52,399:INFO:Initializing Light Gradient Boosting Machine
2026-09-16 21:53:52,399:INFO:Total runtime is 0.18454684019088743 minutes
2026-09-16 21:53:52,399:INFO:SubProcess create_model() called ==================================
2026-09-16 21:53:52,399:INFO:Initializing create_model()
2026-09-16 21:53:52,399:INFO:create_model(self=<pycaret.classification.oop.ClassificationExperiment object at 0x000002878A3B8E90>, estimator=lightgbm, fold=StratifiedKFold(n_splits=10, random_state=None, shuffle=False), round=4, cross_validation=True, predict=True, fit_kwargs={}, groups=None, refit=False, probability_threshold=None, experiment_custom_tags=None, verbose=False, system=False, add_to_model_list=True, metrics=None, display=<pycaret.internal.display.display.CommonDisplay object at 0x000002878A3A74D0>, model_only=True, return_train_score=False, error_score=0.0, kwargs={})
2026-09-16 21:53:52,399:INFO:Checking exceptions
2026-09-16 21:53:52,399:INFO:Importing libraries
2026-09-16 21:53:52,399:INFO:Copying training dataset
2026-09-16 21:53:52,399:INFO:Defining folds
2026-09-16 21:53:52,399:INFO:Declaring metric variables
2026-09-16 21:53:52,399:INFO:Importing untrained model
2026-09-16 21:53:52,414:INFO:Light Gradient Boosting Machine Imported successfully
2026-09-16 21:53:52,414:INFO:Starting cross validation
2026-09-16 21:53:52,414:INFO:Cross validating with StratifiedKFold(n_splits=10, random_state=None, shuffle=False), n_jobs=-1
2026-09-16 21:53:52,802:INFO:Calculating mean and std
2026-09-16 21:53:52,802:INFO:Creating metrics dataframe
2026-09-16 21:53:52,804:INFO:Uploading results into container
2026-09-16 21:53:52,804:INFO:Uploading model into container now
2026-09-16 21:53:52,804:INFO:_master_model_container: 13
2026-09-16 21:53:52,804:INFO:_display_container: 2
2026-09-16 21:53:52,806:INFO:LGBMClassifier(boosting_type='gbdt', class_weight=None, colsample_bytree=1.0,
               importance_type='split', learning_rate=0.1, max_depth=-1,
               min_child_samples=20, min_child_weight=0.001, min_split_gain=0.0,
               n_estimators=100, n_jobs=-1, num_leaves=31, objective=None,
               random_state=123, reg_alpha=0.0, reg_lambda=0.0, subsample=1.0,
               subsample_for_bin=200000, subsample_freq=0)
2026-09-16 21:53:52,806:INFO:create_model() successfully completed......................................
2026-09-16 21:53:52,880:INFO:SubProcess create_model() end ==================================
2026-09-16 21:53:52,880:INFO:Creating metrics dataframe
2026-09-16 21:53:52,897:INFO:Initializing Dummy Classifier
2026-09-16 21:53:52,897:INFO:Total runtime is 0.1928549567858378 minutes
2026-09-16 21:53:52,897:INFO:SubProcess create_model() called ==================================
2026-09-16 21:53:52,897:INFO:Initializing create_model()
2026-09-16 21:53:52,897:INFO:create_model(self=<pycaret.classification.oop.ClassificationExperiment object at 0x000002878A3B8E90>, estimator=dummy, fold=StratifiedKFold(n_splits=10, random_state=None, shuffle=False), round=4, cross_validation=True, predict=True, fit_kwargs={}, groups=None, refit=False, probability_threshold=None, experiment_custom_tags=None, verbose=False, system=False, add_to_model_list=True, metrics=None, display=<pycaret.internal.display.display.CommonDisplay object at 0x000002878A3A74D0>, model_only=True, return_train_score=False, error_score=0.0, kwargs={})
2026-09-16 21:53:52,897:INFO:Checking exceptions
2026-09-16 21:53:52,897:INFO:Importing libraries
2026-09-16 21:53:52,897:INFO:Copying training dataset
2026-09-16 21:53:52,897:INFO:Defining folds
2026-09-16 21:53:52,897:INFO:Declaring metric variables
2026-09-16 21:53:52,897:INFO:Importing untrained model
2026-09-16 21:53:52,897:INFO:Dummy Classifier Imported successfully
2026-09-16 21:53:52,897:INFO:Starting cross validation
2026-09-16 21:53:52,897:INFO:Cross validating with StratifiedKFold(n_splits=10, random_state=None, shuffle=False), n_jobs=-1
2026-09-16 21:53:52,945:WARNING:c:\Users\laboratorio\Desktop\Nova Pasta\PyCaret\.venv\Lib\site-packages\sklearn\metrics\_classification.py:1509: UndefinedMetricWarning: Precision is ill-defined and being set to 0.0 due to no predicted samples. Use `zero_division` parameter to control this behavior.
  _warn_prf(average, modifier, f"{metric.capitalize()} is", len(result))

2026-09-16 21:53:52,954:WARNING:c:\Users\laboratorio\Desktop\Nova Pasta\PyCaret\.venv\Lib\site-packages\sklearn\metrics\_classification.py:1509: UndefinedMetricWarning: Precision is ill-defined and being set to 0.0 due to no predicted samples. Use `zero_division` parameter to control this behavior.
  _warn_prf(average, modifier, f"{metric.capitalize()} is", len(result))

2026-09-16 21:53:52,956:WARNING:c:\Users\laboratorio\Desktop\Nova Pasta\PyCaret\.venv\Lib\site-packages\sklearn\metrics\_classification.py:1509: UndefinedMetricWarning: Precision is ill-defined and being set to 0.0 due to no predicted samples. Use `zero_division` parameter to control this behavior.
  _warn_prf(average, modifier, f"{metric.capitalize()} is", len(result))

2026-09-16 21:53:52,966:INFO:Calculating mean and std
2026-09-16 21:53:52,967:INFO:Creating metrics dataframe
2026-09-16 21:53:52,968:INFO:Uploading results into container
2026-09-16 21:53:52,968:INFO:Uploading model into container now
2026-09-16 21:53:52,968:INFO:_master_model_container: 14
2026-09-16 21:53:52,968:INFO:_display_container: 2
2026-09-16 21:53:52,968:INFO:DummyClassifier(constant=None, random_state=123, strategy='prior')
2026-09-16 21:53:52,968:INFO:create_model() successfully completed......................................
2026-09-16 21:53:53,031:INFO:SubProcess create_model() end ==================================
2026-09-16 21:53:53,031:INFO:Creating metrics dataframe
2026-09-16 21:53:53,049:WARNING:c:\Users\laboratorio\Desktop\Nova Pasta\PyCaret\.venv\Lib\site-packages\pycaret\internal\pycaret_experiment\supervised_experiment.py:339: FutureWarning: Styler.applymap has been deprecated. Use Styler.map instead.
  .applymap(highlight_cols, subset=["TT (Sec)"])

2026-09-16 21:53:53,049:INFO:Initializing create_model()
2026-09-16 21:53:53,049:INFO:create_model(self=<pycaret.classification.oop.ClassificationExperiment object at 0x000002878A3B8E90>, estimator=KNeighborsClassifier(algorithm='auto', leaf_size=30, metric='minkowski',
                     metric_params=None, n_jobs=-1, n_neighbors=5, p=2,
                     weights='uniform'), fold=StratifiedKFold(n_splits=10, random_state=None, shuffle=False), round=4, cross_validation=False, predict=False, fit_kwargs={}, groups=None, refit=True, probability_threshold=None, experiment_custom_tags=None, verbose=False, system=False, add_to_model_list=True, metrics=None, display=None, model_only=True, return_train_score=False, error_score=0.0, kwargs={})
2026-09-16 21:53:53,049:INFO:Checking exceptions
2026-09-16 21:53:53,049:INFO:Importing libraries
2026-09-16 21:53:53,049:INFO:Copying training dataset
2026-09-16 21:53:53,049:INFO:Defining folds
2026-09-16 21:53:53,049:INFO:Declaring metric variables
2026-09-16 21:53:53,049:INFO:Importing untrained model
2026-09-16 21:53:53,049:INFO:Declaring custom model
2026-09-16 21:53:53,049:INFO:K Neighbors Classifier Imported successfully
2026-09-16 21:53:53,049:INFO:Cross validation set to False
2026-09-16 21:53:53,049:INFO:Fitting Model
2026-09-16 21:53:53,049:INFO:KNeighborsClassifier(algorithm='auto', leaf_size=30, metric='minkowski',
                     metric_params=None, n_jobs=-1, n_neighbors=5, p=2,
                     weights='uniform')
2026-09-16 21:53:53,049:INFO:create_model() successfully completed......................................
2026-09-16 21:53:53,148:INFO:_master_model_container: 14
2026-09-16 21:53:53,148:INFO:_display_container: 2
2026-09-16 21:53:53,148:INFO:KNeighborsClassifier(algorithm='auto', leaf_size=30, metric='minkowski',
                     metric_params=None, n_jobs=-1, n_neighbors=5, p=2,
                     weights='uniform')
2026-09-16 21:53:53,148:INFO:compare_models() successfully completed......................................
2026-09-16 21:54:28,582:INFO:Initializing create_model()
2026-09-16 21:54:28,582:INFO:create_model(self=<pycaret.classification.oop.ClassificationExperiment object at 0x000002878A3B8E90>, estimator=KNeighborsClassifier(algorithm='auto', leaf_size=30, metric='minkowski',
                     metric_params=None, n_jobs=-1, n_neighbors=5, p=2,
                     weights='uniform'), fold=None, round=4, cross_validation=True, predict=True, fit_kwargs=None, groups=None, refit=True, probability_threshold=None, experiment_custom_tags=None, verbose=True, system=True, add_to_model_list=True, metrics=None, display=None, model_only=True, return_train_score=False, error_score=0.0, kwargs={})
2026-09-16 21:54:28,582:INFO:Checking exceptions
2026-09-16 21:54:28,594:INFO:Importing libraries
2026-09-16 21:54:28,594:INFO:Copying training dataset
2026-09-16 21:54:28,597:INFO:Defining folds
2026-09-16 21:54:28,597:INFO:Declaring metric variables
2026-09-16 21:54:28,599:INFO:Importing untrained model
2026-09-16 21:54:28,600:INFO:Declaring custom model
2026-09-16 21:54:28,603:INFO:K Neighbors Classifier Imported successfully
2026-09-16 21:54:28,606:INFO:Starting cross validation
2026-09-16 21:54:28,607:INFO:Cross validating with StratifiedKFold(n_splits=10, random_state=None, shuffle=False), n_jobs=-1
2026-09-16 21:54:28,776:INFO:Calculating mean and std
2026-09-16 21:54:28,776:INFO:Creating metrics dataframe
2026-09-16 21:54:28,779:INFO:Finalizing model
2026-09-16 21:54:28,785:INFO:Uploading results into container
2026-09-16 21:54:28,785:INFO:Uploading model into container now
2026-09-16 21:54:28,792:INFO:_master_model_container: 15
2026-09-16 21:54:28,792:INFO:_display_container: 3
2026-09-16 21:54:28,792:INFO:KNeighborsClassifier(algorithm='auto', leaf_size=30, metric='minkowski',
                     metric_params=None, n_jobs=-1, n_neighbors=5, p=2,
                     weights='uniform')
2026-09-16 21:54:28,792:INFO:create_model() successfully completed......................................
2026-09-16 21:54:43,396:INFO:Initializing evaluate_model()
2026-09-16 21:54:43,396:INFO:evaluate_model(self=<pycaret.classification.oop.ClassificationExperiment object at 0x000002878A3B8E90>, estimator=KNeighborsClassifier(algorithm='auto', leaf_size=30, metric='minkowski',
                     metric_params=None, n_jobs=-1, n_neighbors=5, p=2,
                     weights='uniform'), fold=None, fit_kwargs=None, plot_kwargs=None, feature_name=None, groups=None)
2026-09-16 21:54:43,398:INFO:Initializing plot_model()
2026-09-16 21:54:43,402:INFO:plot_model(self=<pycaret.classification.oop.ClassificationExperiment object at 0x000002878A3B8E90>, estimator=KNeighborsClassifier(algorithm='auto', leaf_size=30, metric='minkowski',
                     metric_params=None, n_jobs=-1, n_neighbors=5, p=2,
                     weights='uniform'), plot=pipeline, scale=1, save=False, fold=StratifiedKFold(n_splits=10, random_state=None, shuffle=False), fit_kwargs={}, plot_kwargs=None, groups=None, feature_name=None, label=False, verbose=False, system=True, display=None, display_format=None)
2026-09-16 21:54:43,402:INFO:Checking exceptions
2026-09-16 21:54:43,402:INFO:Preloading libraries
2026-09-16 21:54:43,402:INFO:Copying training dataset
2026-09-16 21:54:43,402:INFO:Plot type: pipeline
2026-09-16 21:54:43,440:INFO:Visual Rendered Successfully
2026-09-16 21:54:43,519:INFO:plot_model() successfully completed......................................
2026-09-16 21:54:55,898:INFO:Initializing evaluate_model()
2026-09-16 21:54:55,898:INFO:evaluate_model(self=<pycaret.classification.oop.ClassificationExperiment object at 0x000002878A3B8E90>, estimator=KNeighborsClassifier(algorithm='auto', leaf_size=30, metric='minkowski',
                     metric_params=None, n_jobs=-1, n_neighbors=5, p=2,
                     weights='uniform'), fold=None, fit_kwargs=None, plot_kwargs=None, feature_name=None, groups=None)
2026-09-16 21:54:55,908:INFO:Initializing plot_model()
2026-09-16 21:54:55,909:INFO:plot_model(self=<pycaret.classification.oop.ClassificationExperiment object at 0x000002878A3B8E90>, estimator=KNeighborsClassifier(algorithm='auto', leaf_size=30, metric='minkowski',
                     metric_params=None, n_jobs=-1, n_neighbors=5, p=2,
                     weights='uniform'), plot=pipeline, scale=1, save=False, fold=StratifiedKFold(n_splits=10, random_state=None, shuffle=False), fit_kwargs={}, plot_kwargs=None, groups=None, feature_name=None, label=False, verbose=False, system=True, display=None, display_format=None)
2026-09-16 21:54:55,909:INFO:Checking exceptions
2026-09-16 21:54:55,909:INFO:Preloading libraries
2026-09-16 21:54:55,910:INFO:Copying training dataset
2026-09-16 21:54:55,910:INFO:Plot type: pipeline
2026-09-16 21:54:55,956:INFO:Visual Rendered Successfully
2026-09-16 21:54:56,031:INFO:plot_model() successfully completed......................................
2026-09-16 21:55:41,791:INFO:Initializing tune_model()
2026-09-16 21:55:41,791:INFO:tune_model(self=<pycaret.classification.oop.ClassificationExperiment object at 0x000002878A3B8E90>, estimator=KNeighborsClassifier(algorithm='auto', leaf_size=30, metric='minkowski',
                     metric_params=None, n_jobs=-1, n_neighbors=5, p=2,
                     weights='uniform'), fold=None, round=4, n_iter=10, custom_grid=None, optimize=Accuracy, custom_scorer=None, search_library=scikit-learn, search_algorithm=None, early_stopping=False, early_stopping_max_iters=10, choose_better=True, fit_kwargs=None, groups=None, return_tuner=False, verbose=True, tuner_verbose=True, return_train_score=False, kwargs={})
2026-09-16 21:55:41,791:INFO:Checking exceptions
2026-09-16 21:55:41,800:INFO:Copying training dataset
2026-09-16 21:55:41,802:INFO:Checking base model
2026-09-16 21:55:41,802:INFO:Base model : K Neighbors Classifier
2026-09-16 21:55:41,804:INFO:Declaring metric variables
2026-09-16 21:55:41,806:INFO:Defining Hyperparameters
2026-09-16 21:55:41,893:INFO:Tuning with n_jobs=-1
2026-09-16 21:55:41,893:INFO:Initializing RandomizedSearchCV
2026-09-16 21:55:42,488:INFO:best_params: {'actual_estimator__weights': 'distance', 'actual_estimator__n_neighbors': 12, 'actual_estimator__metric': 'euclidean'}
2026-09-16 21:55:42,488:INFO:Hyperparameter search completed
2026-09-16 21:55:42,488:INFO:SubProcess create_model() called ==================================
2026-09-16 21:55:42,488:INFO:Initializing create_model()
2026-09-16 21:55:42,488:INFO:create_model(self=<pycaret.classification.oop.ClassificationExperiment object at 0x000002878A3B8E90>, estimator=KNeighborsClassifier(algorithm='auto', leaf_size=30, metric='minkowski',
                     metric_params=None, n_jobs=-1, n_neighbors=5, p=2,
                     weights='uniform'), fold=StratifiedKFold(n_splits=10, random_state=None, shuffle=False), round=4, cross_validation=True, predict=True, fit_kwargs={}, groups=None, refit=True, probability_threshold=None, experiment_custom_tags=None, verbose=True, system=False, add_to_model_list=True, metrics=None, display=<pycaret.internal.display.display.CommonDisplay object at 0x00000287384CB050>, model_only=True, return_train_score=False, error_score=0.0, kwargs={'weights': 'distance', 'n_neighbors': 12, 'metric': 'euclidean'})
2026-09-16 21:55:42,488:INFO:Checking exceptions
2026-09-16 21:55:42,488:INFO:Importing libraries
2026-09-16 21:55:42,488:INFO:Copying training dataset
2026-09-16 21:55:42,488:INFO:Defining folds
2026-09-16 21:55:42,488:INFO:Declaring metric variables
2026-09-16 21:55:42,488:INFO:Importing untrained model
2026-09-16 21:55:42,488:INFO:Declaring custom model
2026-09-16 21:55:42,488:INFO:K Neighbors Classifier Imported successfully
2026-09-16 21:55:42,497:INFO:Starting cross validation
2026-09-16 21:55:42,497:INFO:Cross validating with StratifiedKFold(n_splits=10, random_state=None, shuffle=False), n_jobs=-1
2026-09-16 21:55:42,648:INFO:Calculating mean and std
2026-09-16 21:55:42,648:INFO:Creating metrics dataframe
2026-09-16 21:55:42,651:INFO:Finalizing model
2026-09-16 21:55:42,653:INFO:Uploading results into container
2026-09-16 21:55:42,658:INFO:Uploading model into container now
2026-09-16 21:55:42,658:INFO:_master_model_container: 16
2026-09-16 21:55:42,658:INFO:_display_container: 4
2026-09-16 21:55:42,658:INFO:KNeighborsClassifier(algorithm='auto', leaf_size=30, metric='euclidean',
                     metric_params=None, n_jobs=-1, n_neighbors=12, p=2,
                     weights='distance')
2026-09-16 21:55:42,658:INFO:create_model() successfully completed......................................
2026-09-16 21:55:42,739:INFO:SubProcess create_model() end ==================================
2026-09-16 21:55:42,739:INFO:choose_better activated
2026-09-16 21:55:42,741:INFO:SubProcess create_model() called ==================================
2026-09-16 21:55:42,741:INFO:Initializing create_model()
2026-09-16 21:55:42,741:INFO:create_model(self=<pycaret.classification.oop.ClassificationExperiment object at 0x000002878A3B8E90>, estimator=KNeighborsClassifier(algorithm='auto', leaf_size=30, metric='minkowski',
                     metric_params=None, n_jobs=-1, n_neighbors=5, p=2,
                     weights='uniform'), fold=StratifiedKFold(n_splits=10, random_state=None, shuffle=False), round=4, cross_validation=True, predict=True, fit_kwargs={}, groups=None, refit=True, probability_threshold=None, experiment_custom_tags=None, verbose=False, system=False, add_to_model_list=True, metrics=None, display=None, model_only=True, return_train_score=False, error_score=0.0, kwargs={})
2026-09-16 21:55:42,742:INFO:Checking exceptions
2026-09-16 21:55:42,742:INFO:Importing libraries
2026-09-16 21:55:42,742:INFO:Copying training dataset
2026-09-16 21:55:42,744:INFO:Defining folds
2026-09-16 21:55:42,744:INFO:Declaring metric variables
2026-09-16 21:55:42,744:INFO:Importing untrained model
2026-09-16 21:55:42,744:INFO:Declaring custom model
2026-09-16 21:55:42,744:INFO:K Neighbors Classifier Imported successfully
2026-09-16 21:55:42,744:INFO:Starting cross validation
2026-09-16 21:55:42,745:INFO:Cross validating with StratifiedKFold(n_splits=10, random_state=None, shuffle=False), n_jobs=-1
2026-09-16 21:55:42,896:INFO:Calculating mean and std
2026-09-16 21:55:42,896:INFO:Creating metrics dataframe
2026-09-16 21:55:42,897:INFO:Finalizing model
2026-09-16 21:55:42,897:INFO:Uploading results into container
2026-09-16 21:55:42,897:INFO:Uploading model into container now
2026-09-16 21:55:42,897:INFO:_master_model_container: 17
2026-09-16 21:55:42,897:INFO:_display_container: 5
2026-09-16 21:55:42,897:INFO:KNeighborsClassifier(algorithm='auto', leaf_size=30, metric='minkowski',
                     metric_params=None, n_jobs=-1, n_neighbors=5, p=2,
                     weights='uniform')
2026-09-16 21:55:42,897:INFO:create_model() successfully completed......................................
2026-09-16 21:55:42,964:INFO:SubProcess create_model() end ==================================
2026-09-16 21:55:42,964:INFO:KNeighborsClassifier(algorithm='auto', leaf_size=30, metric='minkowski',
                     metric_params=None, n_jobs=-1, n_neighbors=5, p=2,
                     weights='uniform') result for Accuracy is 0.784
2026-09-16 21:55:42,964:INFO:KNeighborsClassifier(algorithm='auto', leaf_size=30, metric='euclidean',
                     metric_params=None, n_jobs=-1, n_neighbors=12, p=2,
                     weights='distance') result for Accuracy is 0.8131
2026-09-16 21:55:42,979:INFO:KNeighborsClassifier(algorithm='auto', leaf_size=30, metric='euclidean',
                     metric_params=None, n_jobs=-1, n_neighbors=12, p=2,
                     weights='distance') is best model
2026-09-16 21:55:42,979:INFO:choose_better completed
2026-09-16 21:55:42,981:INFO:_master_model_container: 17
2026-09-16 21:55:42,981:INFO:_display_container: 4
2026-09-16 21:55:42,981:INFO:KNeighborsClassifier(algorithm='auto', leaf_size=30, metric='euclidean',
                     metric_params=None, n_jobs=-1, n_neighbors=12, p=2,
                     weights='distance')
2026-09-16 21:55:42,981:INFO:tune_model() successfully completed......................................
2026-09-16 21:55:58,833:INFO:Initializing tune_model()
2026-09-16 21:55:58,833:INFO:tune_model(self=<pycaret.classification.oop.ClassificationExperiment object at 0x000002878A3B8E90>, estimator=KNeighborsClassifier(algorithm='auto', leaf_size=30, metric='minkowski',
                     metric_params=None, n_jobs=-1, n_neighbors=5, p=2,
                     weights='uniform'), fold=None, round=4, n_iter=10, custom_grid=None, optimize=Accuracy, custom_scorer=None, search_library=scikit-learn, search_algorithm=None, early_stopping=False, early_stopping_max_iters=10, choose_better=True, fit_kwargs=None, groups=None, return_tuner=False, verbose=True, tuner_verbose=True, return_train_score=False, kwargs={})
2026-09-16 21:55:58,833:INFO:Checking exceptions
2026-09-16 21:55:58,847:INFO:Copying training dataset
2026-09-16 21:55:58,849:INFO:Checking base model
2026-09-16 21:55:58,849:INFO:Base model : K Neighbors Classifier
2026-09-16 21:55:58,851:INFO:Declaring metric variables
2026-09-16 21:55:58,853:INFO:Defining Hyperparameters
2026-09-16 21:55:58,941:INFO:Tuning with n_jobs=-1
2026-09-16 21:55:58,941:INFO:Initializing RandomizedSearchCV
2026-09-16 21:55:59,544:INFO:best_params: {'actual_estimator__weights': 'distance', 'actual_estimator__n_neighbors': 12, 'actual_estimator__metric': 'euclidean'}
2026-09-16 21:55:59,544:INFO:Hyperparameter search completed
2026-09-16 21:55:59,544:INFO:SubProcess create_model() called ==================================
2026-09-16 21:55:59,545:INFO:Initializing create_model()
2026-09-16 21:55:59,545:INFO:create_model(self=<pycaret.classification.oop.ClassificationExperiment object at 0x000002878A3B8E90>, estimator=KNeighborsClassifier(algorithm='auto', leaf_size=30, metric='minkowski',
                     metric_params=None, n_jobs=-1, n_neighbors=5, p=2,
                     weights='uniform'), fold=StratifiedKFold(n_splits=10, random_state=None, shuffle=False), round=4, cross_validation=True, predict=True, fit_kwargs={}, groups=None, refit=True, probability_threshold=None, experiment_custom_tags=None, verbose=True, system=False, add_to_model_list=True, metrics=None, display=<pycaret.internal.display.display.CommonDisplay object at 0x00000287384EB890>, model_only=True, return_train_score=False, error_score=0.0, kwargs={'weights': 'distance', 'n_neighbors': 12, 'metric': 'euclidean'})
2026-09-16 21:55:59,545:INFO:Checking exceptions
2026-09-16 21:55:59,545:INFO:Importing libraries
2026-09-16 21:55:59,545:INFO:Copying training dataset
2026-09-16 21:55:59,547:INFO:Defining folds
2026-09-16 21:55:59,547:INFO:Declaring metric variables
2026-09-16 21:55:59,547:INFO:Importing untrained model
2026-09-16 21:55:59,547:INFO:Declaring custom model
2026-09-16 21:55:59,547:INFO:K Neighbors Classifier Imported successfully
2026-09-16 21:55:59,547:INFO:Starting cross validation
2026-09-16 21:55:59,547:INFO:Cross validating with StratifiedKFold(n_splits=10, random_state=None, shuffle=False), n_jobs=-1
2026-09-16 21:55:59,715:INFO:Calculating mean and std
2026-09-16 21:55:59,715:INFO:Creating metrics dataframe
2026-09-16 21:55:59,718:INFO:Finalizing model
2026-09-16 21:55:59,724:INFO:Uploading results into container
2026-09-16 21:55:59,724:INFO:Uploading model into container now
2026-09-16 21:55:59,724:INFO:_master_model_container: 18
2026-09-16 21:55:59,724:INFO:_display_container: 5
2026-09-16 21:55:59,725:INFO:KNeighborsClassifier(algorithm='auto', leaf_size=30, metric='euclidean',
                     metric_params=None, n_jobs=-1, n_neighbors=12, p=2,
                     weights='distance')
2026-09-16 21:55:59,725:INFO:create_model() successfully completed......................................
2026-09-16 21:55:59,807:INFO:SubProcess create_model() end ==================================
2026-09-16 21:55:59,807:INFO:choose_better activated
2026-09-16 21:55:59,808:INFO:SubProcess create_model() called ==================================
2026-09-16 21:55:59,809:INFO:Initializing create_model()
2026-09-16 21:55:59,809:INFO:create_model(self=<pycaret.classification.oop.ClassificationExperiment object at 0x000002878A3B8E90>, estimator=KNeighborsClassifier(algorithm='auto', leaf_size=30, metric='minkowski',
                     metric_params=None, n_jobs=-1, n_neighbors=5, p=2,
                     weights='uniform'), fold=StratifiedKFold(n_splits=10, random_state=None, shuffle=False), round=4, cross_validation=True, predict=True, fit_kwargs={}, groups=None, refit=True, probability_threshold=None, experiment_custom_tags=None, verbose=False, system=False, add_to_model_list=True, metrics=None, display=None, model_only=True, return_train_score=False, error_score=0.0, kwargs={})
2026-09-16 21:55:59,809:INFO:Checking exceptions
2026-09-16 21:55:59,809:INFO:Importing libraries
2026-09-16 21:55:59,810:INFO:Copying training dataset
2026-09-16 21:55:59,811:INFO:Defining folds
2026-09-16 21:55:59,811:INFO:Declaring metric variables
2026-09-16 21:55:59,811:INFO:Importing untrained model
2026-09-16 21:55:59,811:INFO:Declaring custom model
2026-09-16 21:55:59,811:INFO:K Neighbors Classifier Imported successfully
2026-09-16 21:55:59,811:INFO:Starting cross validation
2026-09-16 21:55:59,812:INFO:Cross validating with StratifiedKFold(n_splits=10, random_state=None, shuffle=False), n_jobs=-1
2026-09-16 21:55:59,973:INFO:Calculating mean and std
2026-09-16 21:55:59,973:INFO:Creating metrics dataframe
2026-09-16 21:55:59,974:INFO:Finalizing model
2026-09-16 21:55:59,977:INFO:Uploading results into container
2026-09-16 21:55:59,978:INFO:Uploading model into container now
2026-09-16 21:55:59,978:INFO:_master_model_container: 19
2026-09-16 21:55:59,978:INFO:_display_container: 6
2026-09-16 21:55:59,978:INFO:KNeighborsClassifier(algorithm='auto', leaf_size=30, metric='minkowski',
                     metric_params=None, n_jobs=-1, n_neighbors=5, p=2,
                     weights='uniform')
2026-09-16 21:55:59,978:INFO:create_model() successfully completed......................................
2026-09-16 21:56:00,059:INFO:SubProcess create_model() end ==================================
2026-09-16 21:56:00,059:INFO:KNeighborsClassifier(algorithm='auto', leaf_size=30, metric='minkowski',
                     metric_params=None, n_jobs=-1, n_neighbors=5, p=2,
                     weights='uniform') result for Accuracy is 0.784
2026-09-16 21:56:00,059:INFO:KNeighborsClassifier(algorithm='auto', leaf_size=30, metric='euclidean',
                     metric_params=None, n_jobs=-1, n_neighbors=12, p=2,
                     weights='distance') result for Accuracy is 0.8131
2026-09-16 21:56:00,059:INFO:KNeighborsClassifier(algorithm='auto', leaf_size=30, metric='euclidean',
                     metric_params=None, n_jobs=-1, n_neighbors=12, p=2,
                     weights='distance') is best model
2026-09-16 21:56:00,059:INFO:choose_better completed
2026-09-16 21:56:00,064:INFO:_master_model_container: 19
2026-09-16 21:56:00,064:INFO:_display_container: 5
2026-09-16 21:56:00,064:INFO:KNeighborsClassifier(algorithm='auto', leaf_size=30, metric='euclidean',
                     metric_params=None, n_jobs=-1, n_neighbors=12, p=2,
                     weights='distance')
2026-09-16 21:56:00,064:INFO:tune_model() successfully completed......................................
2026-09-16 21:56:16,719:INFO:Initializing tune_model()
2026-09-16 21:56:16,719:INFO:tune_model(self=<pycaret.classification.oop.ClassificationExperiment object at 0x000002878A3B8E90>, estimator=KNeighborsClassifier(algorithm='auto', leaf_size=30, metric='minkowski',
                     metric_params=None, n_jobs=-1, n_neighbors=5, p=2,
                     weights='uniform'), fold=None, round=4, n_iter=10, custom_grid=None, optimize=Accuracy, custom_scorer=None, search_library=scikit-learn, search_algorithm=None, early_stopping=False, early_stopping_max_iters=10, choose_better=True, fit_kwargs=None, groups=None, return_tuner=False, verbose=True, tuner_verbose=True, return_train_score=False, kwargs={})
2026-09-16 21:56:16,719:INFO:Checking exceptions
2026-09-16 21:56:16,729:INFO:Copying training dataset
2026-09-16 21:56:16,731:INFO:Checking base model
2026-09-16 21:56:16,731:INFO:Base model : K Neighbors Classifier
2026-09-16 21:56:16,733:INFO:Declaring metric variables
2026-09-16 21:56:16,735:INFO:Defining Hyperparameters
2026-09-16 21:56:16,834:INFO:Tuning with n_jobs=-1
2026-09-16 21:56:16,834:INFO:Initializing RandomizedSearchCV
2026-09-16 21:56:17,446:INFO:best_params: {'actual_estimator__weights': 'distance', 'actual_estimator__n_neighbors': 12, 'actual_estimator__metric': 'euclidean'}
2026-09-16 21:56:17,446:INFO:Hyperparameter search completed
2026-09-16 21:56:17,446:INFO:SubProcess create_model() called ==================================
2026-09-16 21:56:17,446:INFO:Initializing create_model()
2026-09-16 21:56:17,446:INFO:create_model(self=<pycaret.classification.oop.ClassificationExperiment object at 0x000002878A3B8E90>, estimator=KNeighborsClassifier(algorithm='auto', leaf_size=30, metric='minkowski',
                     metric_params=None, n_jobs=-1, n_neighbors=5, p=2,
                     weights='uniform'), fold=StratifiedKFold(n_splits=10, random_state=None, shuffle=False), round=4, cross_validation=True, predict=True, fit_kwargs={}, groups=None, refit=True, probability_threshold=None, experiment_custom_tags=None, verbose=True, system=False, add_to_model_list=True, metrics=None, display=<pycaret.internal.display.display.CommonDisplay object at 0x0000028738282A90>, model_only=True, return_train_score=False, error_score=0.0, kwargs={'weights': 'distance', 'n_neighbors': 12, 'metric': 'euclidean'})
2026-09-16 21:56:17,446:INFO:Checking exceptions
2026-09-16 21:56:17,446:INFO:Importing libraries
2026-09-16 21:56:17,446:INFO:Copying training dataset
2026-09-16 21:56:17,447:INFO:Defining folds
2026-09-16 21:56:17,447:INFO:Declaring metric variables
2026-09-16 21:56:17,447:INFO:Importing untrained model
2026-09-16 21:56:17,447:INFO:Declaring custom model
2026-09-16 21:56:17,447:INFO:K Neighbors Classifier Imported successfully
2026-09-16 21:56:17,447:INFO:Starting cross validation
2026-09-16 21:56:17,447:INFO:Cross validating with StratifiedKFold(n_splits=10, random_state=None, shuffle=False), n_jobs=-1
2026-09-16 21:56:17,616:INFO:Calculating mean and std
2026-09-16 21:56:17,616:INFO:Creating metrics dataframe
2026-09-16 21:56:17,617:INFO:Finalizing model
2026-09-16 21:56:17,622:INFO:Uploading results into container
2026-09-16 21:56:17,625:INFO:Uploading model into container now
2026-09-16 21:56:17,625:INFO:_master_model_container: 20
2026-09-16 21:56:17,625:INFO:_display_container: 6
2026-09-16 21:56:17,626:INFO:KNeighborsClassifier(algorithm='auto', leaf_size=30, metric='euclidean',
                     metric_params=None, n_jobs=-1, n_neighbors=12, p=2,
                     weights='distance')
2026-09-16 21:56:17,626:INFO:create_model() successfully completed......................................
2026-09-16 21:56:17,698:INFO:SubProcess create_model() end ==================================
2026-09-16 21:56:17,698:INFO:choose_better activated
2026-09-16 21:56:17,698:INFO:SubProcess create_model() called ==================================
2026-09-16 21:56:17,698:INFO:Initializing create_model()
2026-09-16 21:56:17,698:INFO:create_model(self=<pycaret.classification.oop.ClassificationExperiment object at 0x000002878A3B8E90>, estimator=KNeighborsClassifier(algorithm='auto', leaf_size=30, metric='minkowski',
                     metric_params=None, n_jobs=-1, n_neighbors=5, p=2,
                     weights='uniform'), fold=StratifiedKFold(n_splits=10, random_state=None, shuffle=False), round=4, cross_validation=True, predict=True, fit_kwargs={}, groups=None, refit=True, probability_threshold=None, experiment_custom_tags=None, verbose=False, system=False, add_to_model_list=True, metrics=None, display=None, model_only=True, return_train_score=False, error_score=0.0, kwargs={})
2026-09-16 21:56:17,698:INFO:Checking exceptions
2026-09-16 21:56:17,698:INFO:Importing libraries
2026-09-16 21:56:17,698:INFO:Copying training dataset
2026-09-16 21:56:17,698:INFO:Defining folds
2026-09-16 21:56:17,698:INFO:Declaring metric variables
2026-09-16 21:56:17,698:INFO:Importing untrained model
2026-09-16 21:56:17,698:INFO:Declaring custom model
2026-09-16 21:56:17,712:INFO:K Neighbors Classifier Imported successfully
2026-09-16 21:56:17,712:INFO:Starting cross validation
2026-09-16 21:56:17,712:INFO:Cross validating with StratifiedKFold(n_splits=10, random_state=None, shuffle=False), n_jobs=-1
2026-09-16 21:56:17,872:INFO:Calculating mean and std
2026-09-16 21:56:17,872:INFO:Creating metrics dataframe
2026-09-16 21:56:17,872:INFO:Finalizing model
2026-09-16 21:56:17,872:INFO:Uploading results into container
2026-09-16 21:56:17,872:INFO:Uploading model into container now
2026-09-16 21:56:17,872:INFO:_master_model_container: 21
2026-09-16 21:56:17,872:INFO:_display_container: 7
2026-09-16 21:56:17,872:INFO:KNeighborsClassifier(algorithm='auto', leaf_size=30, metric='minkowski',
                     metric_params=None, n_jobs=-1, n_neighbors=5, p=2,
                     weights='uniform')
2026-09-16 21:56:17,872:INFO:create_model() successfully completed......................................
2026-09-16 21:56:17,948:INFO:SubProcess create_model() end ==================================
2026-09-16 21:56:17,948:INFO:KNeighborsClassifier(algorithm='auto', leaf_size=30, metric='minkowski',
                     metric_params=None, n_jobs=-1, n_neighbors=5, p=2,
                     weights='uniform') result for Accuracy is 0.784
2026-09-16 21:56:17,948:INFO:KNeighborsClassifier(algorithm='auto', leaf_size=30, metric='euclidean',
                     metric_params=None, n_jobs=-1, n_neighbors=12, p=2,
                     weights='distance') result for Accuracy is 0.8131
2026-09-16 21:56:17,948:INFO:KNeighborsClassifier(algorithm='auto', leaf_size=30, metric='euclidean',
                     metric_params=None, n_jobs=-1, n_neighbors=12, p=2,
                     weights='distance') is best model
2026-09-16 21:56:17,948:INFO:choose_better completed
2026-09-16 21:56:17,948:INFO:_master_model_container: 21
2026-09-16 21:56:17,948:INFO:_display_container: 6
2026-09-16 21:56:17,948:INFO:KNeighborsClassifier(algorithm='auto', leaf_size=30, metric='euclidean',
                     metric_params=None, n_jobs=-1, n_neighbors=12, p=2,
                     weights='distance')
2026-09-16 21:56:17,948:INFO:tune_model() successfully completed......................................
2026-09-16 21:56:55,995:INFO:Initializing create_model()
2026-09-16 21:56:55,995:INFO:create_model(self=<pycaret.classification.oop.ClassificationExperiment object at 0x000002878A3B8E90>, estimator=KNeighborsClassifier(algorithm='auto', leaf_size=30, metric='minkowski',
                     metric_params=None, n_jobs=-1, n_neighbors=5, p=2,
                     weights='uniform'), fold=None, round=4, cross_validation=True, predict=True, fit_kwargs=None, groups=None, refit=True, probability_threshold=None, experiment_custom_tags=None, verbose=True, system=True, add_to_model_list=True, metrics=None, display=None, model_only=True, return_train_score=False, error_score=0.0, kwargs={})
2026-09-16 21:56:55,995:INFO:Checking exceptions
2026-09-16 21:56:56,003:INFO:Importing libraries
2026-09-16 21:56:56,003:INFO:Copying training dataset
2026-09-16 21:56:56,006:INFO:Defining folds
2026-09-16 21:56:56,006:INFO:Declaring metric variables
2026-09-16 21:56:56,008:INFO:Importing untrained model
2026-09-16 21:56:56,008:INFO:Declaring custom model
2026-09-16 21:56:56,012:INFO:K Neighbors Classifier Imported successfully
2026-09-16 21:56:56,015:INFO:Starting cross validation
2026-09-16 21:56:56,016:INFO:Cross validating with StratifiedKFold(n_splits=10, random_state=None, shuffle=False), n_jobs=-1
2026-09-16 21:56:56,198:INFO:Calculating mean and std
2026-09-16 21:56:56,198:INFO:Creating metrics dataframe
2026-09-16 21:56:56,198:INFO:Finalizing model
2026-09-16 21:56:56,206:INFO:Uploading results into container
2026-09-16 21:56:56,207:INFO:Uploading model into container now
2026-09-16 21:56:56,207:INFO:_master_model_container: 22
2026-09-16 21:56:56,207:INFO:_display_container: 7
2026-09-16 21:56:56,207:INFO:KNeighborsClassifier(algorithm='auto', leaf_size=30, metric='minkowski',
                     metric_params=None, n_jobs=-1, n_neighbors=5, p=2,
                     weights='uniform')
2026-09-16 21:56:56,207:INFO:create_model() successfully completed......................................
2026-09-16 21:57:02,702:INFO:Initializing evaluate_model()
2026-09-16 21:57:02,702:INFO:evaluate_model(self=<pycaret.classification.oop.ClassificationExperiment object at 0x000002878A3B8E90>, estimator=KNeighborsClassifier(algorithm='auto', leaf_size=30, metric='minkowski',
                     metric_params=None, n_jobs=-1, n_neighbors=5, p=2,
                     weights='uniform'), fold=None, fit_kwargs=None, plot_kwargs=None, feature_name=None, groups=None)
2026-09-16 21:57:02,708:INFO:Initializing plot_model()
2026-09-16 21:57:02,708:INFO:plot_model(self=<pycaret.classification.oop.ClassificationExperiment object at 0x000002878A3B8E90>, estimator=KNeighborsClassifier(algorithm='auto', leaf_size=30, metric='minkowski',
                     metric_params=None, n_jobs=-1, n_neighbors=5, p=2,
                     weights='uniform'), plot=pipeline, scale=1, save=False, fold=StratifiedKFold(n_splits=10, random_state=None, shuffle=False), fit_kwargs={}, plot_kwargs=None, groups=None, feature_name=None, label=False, verbose=False, system=True, display=None, display_format=None)
2026-09-16 21:57:02,708:INFO:Checking exceptions
2026-09-16 21:57:02,709:INFO:Preloading libraries
2026-09-16 21:57:02,709:INFO:Copying training dataset
2026-09-16 21:57:02,709:INFO:Plot type: pipeline
2026-09-16 21:57:02,747:INFO:Visual Rendered Successfully
2026-09-16 21:57:02,831:INFO:plot_model() successfully completed......................................
2026-09-16 21:57:09,214:INFO:Initializing tune_model()
2026-09-16 21:57:09,214:INFO:tune_model(self=<pycaret.classification.oop.ClassificationExperiment object at 0x000002878A3B8E90>, estimator=KNeighborsClassifier(algorithm='auto', leaf_size=30, metric='minkowski',
                     metric_params=None, n_jobs=-1, n_neighbors=5, p=2,
                     weights='uniform'), fold=None, round=4, n_iter=10, custom_grid=None, optimize=Accuracy, custom_scorer=None, search_library=scikit-learn, search_algorithm=None, early_stopping=False, early_stopping_max_iters=10, choose_better=True, fit_kwargs=None, groups=None, return_tuner=False, verbose=True, tuner_verbose=True, return_train_score=False, kwargs={})
2026-09-16 21:57:09,214:INFO:Checking exceptions
2026-09-16 21:57:09,223:INFO:Copying training dataset
2026-09-16 21:57:09,225:INFO:Checking base model
2026-09-16 21:57:09,225:INFO:Base model : K Neighbors Classifier
2026-09-16 21:57:09,227:INFO:Declaring metric variables
2026-09-16 21:57:09,228:INFO:Defining Hyperparameters
2026-09-16 21:57:09,334:INFO:Tuning with n_jobs=-1
2026-09-16 21:57:09,334:INFO:Initializing RandomizedSearchCV
2026-09-16 21:57:09,933:INFO:best_params: {'actual_estimator__weights': 'distance', 'actual_estimator__n_neighbors': 12, 'actual_estimator__metric': 'euclidean'}
2026-09-16 21:57:09,933:INFO:Hyperparameter search completed
2026-09-16 21:57:09,933:INFO:SubProcess create_model() called ==================================
2026-09-16 21:57:09,933:INFO:Initializing create_model()
2026-09-16 21:57:09,933:INFO:create_model(self=<pycaret.classification.oop.ClassificationExperiment object at 0x000002878A3B8E90>, estimator=KNeighborsClassifier(algorithm='auto', leaf_size=30, metric='minkowski',
                     metric_params=None, n_jobs=-1, n_neighbors=5, p=2,
                     weights='uniform'), fold=StratifiedKFold(n_splits=10, random_state=None, shuffle=False), round=4, cross_validation=True, predict=True, fit_kwargs={}, groups=None, refit=True, probability_threshold=None, experiment_custom_tags=None, verbose=True, system=False, add_to_model_list=True, metrics=None, display=<pycaret.internal.display.display.CommonDisplay object at 0x0000028738281850>, model_only=True, return_train_score=False, error_score=0.0, kwargs={'weights': 'distance', 'n_neighbors': 12, 'metric': 'euclidean'})
2026-09-16 21:57:09,933:INFO:Checking exceptions
2026-09-16 21:57:09,933:INFO:Importing libraries
2026-09-16 21:57:09,933:INFO:Copying training dataset
2026-09-16 21:57:09,935:INFO:Defining folds
2026-09-16 21:57:09,935:INFO:Declaring metric variables
2026-09-16 21:57:09,937:INFO:Importing untrained model
2026-09-16 21:57:09,937:INFO:Declaring custom model
2026-09-16 21:57:09,937:INFO:K Neighbors Classifier Imported successfully
2026-09-16 21:57:09,937:INFO:Starting cross validation
2026-09-16 21:57:09,937:INFO:Cross validating with StratifiedKFold(n_splits=10, random_state=None, shuffle=False), n_jobs=-1
2026-09-16 21:57:10,100:INFO:Calculating mean and std
2026-09-16 21:57:10,100:INFO:Creating metrics dataframe
2026-09-16 21:57:10,103:INFO:Finalizing model
2026-09-16 21:57:10,109:INFO:Uploading results into container
2026-09-16 21:57:10,109:INFO:Uploading model into container now
2026-09-16 21:57:10,109:INFO:_master_model_container: 23
2026-09-16 21:57:10,109:INFO:_display_container: 8
2026-09-16 21:57:10,110:INFO:KNeighborsClassifier(algorithm='auto', leaf_size=30, metric='euclidean',
                     metric_params=None, n_jobs=-1, n_neighbors=12, p=2,
                     weights='distance')
2026-09-16 21:57:10,110:INFO:create_model() successfully completed......................................
2026-09-16 21:57:10,181:INFO:SubProcess create_model() end ==================================
2026-09-16 21:57:10,181:INFO:choose_better activated
2026-09-16 21:57:10,181:INFO:SubProcess create_model() called ==================================
2026-09-16 21:57:10,181:INFO:Initializing create_model()
2026-09-16 21:57:10,181:INFO:create_model(self=<pycaret.classification.oop.ClassificationExperiment object at 0x000002878A3B8E90>, estimator=KNeighborsClassifier(algorithm='auto', leaf_size=30, metric='minkowski',
                     metric_params=None, n_jobs=-1, n_neighbors=5, p=2,
                     weights='uniform'), fold=StratifiedKFold(n_splits=10, random_state=None, shuffle=False), round=4, cross_validation=True, predict=True, fit_kwargs={}, groups=None, refit=True, probability_threshold=None, experiment_custom_tags=None, verbose=False, system=False, add_to_model_list=True, metrics=None, display=None, model_only=True, return_train_score=False, error_score=0.0, kwargs={})
2026-09-16 21:57:10,181:INFO:Checking exceptions
2026-09-16 21:57:10,181:INFO:Importing libraries
2026-09-16 21:57:10,181:INFO:Copying training dataset
2026-09-16 21:57:10,181:INFO:Defining folds
2026-09-16 21:57:10,181:INFO:Declaring metric variables
2026-09-16 21:57:10,181:INFO:Importing untrained model
2026-09-16 21:57:10,181:INFO:Declaring custom model
2026-09-16 21:57:10,197:INFO:K Neighbors Classifier Imported successfully
2026-09-16 21:57:10,197:INFO:Starting cross validation
2026-09-16 21:57:10,197:INFO:Cross validating with StratifiedKFold(n_splits=10, random_state=None, shuffle=False), n_jobs=-1
2026-09-16 21:57:10,356:INFO:Calculating mean and std
2026-09-16 21:57:10,356:INFO:Creating metrics dataframe
2026-09-16 21:57:10,357:INFO:Finalizing model
2026-09-16 21:57:10,360:INFO:Uploading results into container
2026-09-16 21:57:10,361:INFO:Uploading model into container now
2026-09-16 21:57:10,361:INFO:_master_model_container: 24
2026-09-16 21:57:10,361:INFO:_display_container: 9
2026-09-16 21:57:10,361:INFO:KNeighborsClassifier(algorithm='auto', leaf_size=30, metric='minkowski',
                     metric_params=None, n_jobs=-1, n_neighbors=5, p=2,
                     weights='uniform')
2026-09-16 21:57:10,361:INFO:create_model() successfully completed......................................
2026-09-16 21:57:10,441:INFO:SubProcess create_model() end ==================================
2026-09-16 21:57:10,441:INFO:KNeighborsClassifier(algorithm='auto', leaf_size=30, metric='minkowski',
                     metric_params=None, n_jobs=-1, n_neighbors=5, p=2,
                     weights='uniform') result for Accuracy is 0.784
2026-09-16 21:57:10,442:INFO:KNeighborsClassifier(algorithm='auto', leaf_size=30, metric='euclidean',
                     metric_params=None, n_jobs=-1, n_neighbors=12, p=2,
                     weights='distance') result for Accuracy is 0.8131
2026-09-16 21:57:10,442:INFO:KNeighborsClassifier(algorithm='auto', leaf_size=30, metric='euclidean',
                     metric_params=None, n_jobs=-1, n_neighbors=12, p=2,
                     weights='distance') is best model
2026-09-16 21:57:10,442:INFO:choose_better completed
2026-09-16 21:57:10,446:INFO:_master_model_container: 24
2026-09-16 21:57:10,446:INFO:_display_container: 8
2026-09-16 21:57:10,447:INFO:KNeighborsClassifier(algorithm='auto', leaf_size=30, metric='euclidean',
                     metric_params=None, n_jobs=-1, n_neighbors=12, p=2,
                     weights='distance')
2026-09-16 21:57:10,447:INFO:tune_model() successfully completed......................................
2026-09-16 21:57:20,022:INFO:Initializing predict_model()
2026-09-16 21:57:20,022:INFO:predict_model(self=<pycaret.classification.oop.ClassificationExperiment object at 0x000002878A3B8E90>, estimator=KNeighborsClassifier(algorithm='auto', leaf_size=30, metric='euclidean',
                     metric_params=None, n_jobs=-1, n_neighbors=12, p=2,
                     weights='distance'), probability_threshold=None, encoded_labels=False, raw_score=False, round=4, verbose=True, ml_usecase=None, preprocess=True, encode_labels=<function _SupervisedExperiment.predict_model.<locals>.encode_labels at 0x0000028714D40D60>)
2026-09-16 21:57:20,022:INFO:Checking exceptions
2026-09-16 21:57:20,022:INFO:Preloading libraries
2026-09-16 21:57:50,667:INFO:Initializing predict_model()
2026-09-16 21:57:50,667:INFO:predict_model(self=<pycaret.classification.oop.ClassificationExperiment object at 0x000002878A3B8E90>, estimator=KNeighborsClassifier(algorithm='auto', leaf_size=30, metric='euclidean',
                     metric_params=None, n_jobs=-1, n_neighbors=12, p=2,
                     weights='distance'), probability_threshold=None, encoded_labels=False, raw_score=False, round=4, verbose=True, ml_usecase=None, preprocess=True, encode_labels=<function _SupervisedExperiment.predict_model.<locals>.encode_labels at 0x000002878A3942C0>)
2026-09-16 21:57:50,667:INFO:Checking exceptions
2026-09-16 21:57:50,667:INFO:Preloading libraries
2026-09-16 21:57:50,675:INFO:Set up data.
2026-09-16 21:57:50,676:INFO:Set up index.
2026-09-16 21:58:12,792:INFO:Initializing predict_model()
2026-09-16 21:58:12,792:INFO:predict_model(self=<pycaret.classification.oop.ClassificationExperiment object at 0x000002878A3B8E90>, estimator=KNeighborsClassifier(algorithm='auto', leaf_size=30, metric='euclidean',
                     metric_params=None, n_jobs=-1, n_neighbors=12, p=2,
                     weights='distance'), probability_threshold=None, encoded_labels=False, raw_score=False, round=4, verbose=True, ml_usecase=None, preprocess=True, encode_labels=<function _SupervisedExperiment.predict_model.<locals>.encode_labels at 0x000002878A6FEB60>)
2026-09-16 21:58:12,792:INFO:Checking exceptions
2026-09-16 21:58:12,792:INFO:Preloading libraries
2026-09-16 21:58:12,794:INFO:Set up data.
2026-09-16 21:58:12,795:INFO:Set up index.
2026-09-16 21:58:47,274:INFO:Initializing save_model()
2026-09-16 21:58:47,274:INFO:save_model(model=KNeighborsClassifier(algorithm='auto', leaf_size=30, metric='euclidean',
                     metric_params=None, n_jobs=-1, n_neighbors=12, p=2,
                     weights='distance'), model_name=models/Risco_Internacao_model_v1, prep_pipe_=Pipeline(memory=FastMemory(location=C:\Users\LABORA~1\AppData\Local\Temp\joblib),
         steps=[('numerical_imputer',
                 TransformerWrapper(exclude=None,
                                    include=['Idade', 'Pressao_Arterial',
                                             'Colesterol_Total',
                                             'Frequencia_Cardiaca_Max'],
                                    transformer=SimpleImputer(add_indicator=False,
                                                              copy=True,
                                                              fill_value=None,
                                                              keep_empty_features=False,
                                                              missing_values=nan,
                                                              strategy='mean'))),
                ('categorical_imputer',
                 TransformerWrapper(exclude=None, include=[],
                                    transformer=SimpleImputer(add_indicator=False,
                                                              copy=True,
                                                              fill_value=None,
                                                              keep_empty_features=False,
                                                              missing_values=nan,
                                                              strategy='most_frequent')))],
         verbose=False), verbose=True, use_case=MLUsecase.CLASSIFICATION, kwargs={})
2026-09-16 21:58:47,274:INFO:Adding model into prep_pipe
2026-09-16 21:58:47,275:INFO:models/Risco_Internacao_model_v1.pkl saved in current working directory
2026-09-16 21:58:47,279:INFO:Pipeline(memory=Memory(location=None),
         steps=[('numerical_imputer',
                 TransformerWrapper(exclude=None,
                                    include=['Idade', 'Pressao_Arterial',
                                             'Colesterol_Total',
                                             'Frequencia_Cardiaca_Max'],
                                    transformer=SimpleImputer(add_indicator=False,
                                                              copy=True,
                                                              fill_value=None,
                                                              keep_empty_features=False,
                                                              missing_values=nan,
                                                              strategy='mean'))),
                ('categorical_imputer',
                 TransformerWrapper(exclude=None, include=[],
                                    transformer=SimpleImputer(add_indicator=False,
                                                              copy=True,
                                                              fill_value=None,
                                                              keep_empty_features=False,
                                                              missing_values=nan,
                                                              strategy='most_frequent'))),
                ('trained_model',
                 KNeighborsClassifier(algorithm='auto', leaf_size=30,
                                      metric='euclidean', metric_params=None,
                                      n_jobs=-1, n_neighbors=12, p=2,
                                      weights='distance'))],
         verbose=False)
2026-09-16 21:58:47,279:INFO:save_model() successfully completed......................................
2026-09-16 21:59:27,917:INFO:Initializing save_model()
2026-09-16 21:59:27,917:INFO:save_model(model=KNeighborsClassifier(algorithm='auto', leaf_size=30, metric='euclidean',
                     metric_params=None, n_jobs=-1, n_neighbors=12, p=2,
                     weights='distance'), model_name=models/Risco_Internacao_v1, prep_pipe_=Pipeline(memory=FastMemory(location=C:\Users\LABORA~1\AppData\Local\Temp\joblib),
         steps=[('numerical_imputer',
                 TransformerWrapper(exclude=None,
                                    include=['Idade', 'Pressao_Arterial',
                                             'Colesterol_Total',
                                             'Frequencia_Cardiaca_Max'],
                                    transformer=SimpleImputer(add_indicator=False,
                                                              copy=True,
                                                              fill_value=None,
                                                              keep_empty_features=False,
                                                              missing_values=nan,
                                                              strategy='mean'))),
                ('categorical_imputer',
                 TransformerWrapper(exclude=None, include=[],
                                    transformer=SimpleImputer(add_indicator=False,
                                                              copy=True,
                                                              fill_value=None,
                                                              keep_empty_features=False,
                                                              missing_values=nan,
                                                              strategy='most_frequent')))],
         verbose=False), verbose=True, use_case=MLUsecase.CLASSIFICATION, kwargs={})
2026-09-16 21:59:27,917:INFO:Adding model into prep_pipe
2026-09-16 21:59:27,937:INFO:models/Risco_Internacao_v1.pkl saved in current working directory
2026-09-16 21:59:27,937:INFO:Pipeline(memory=Memory(location=None),
         steps=[('numerical_imputer',
                 TransformerWrapper(exclude=None,
                                    include=['Idade', 'Pressao_Arterial',
                                             'Colesterol_Total',
                                             'Frequencia_Cardiaca_Max'],
                                    transformer=SimpleImputer(add_indicator=False,
                                                              copy=True,
                                                              fill_value=None,
                                                              keep_empty_features=False,
                                                              missing_values=nan,
                                                              strategy='mean'))),
                ('categorical_imputer',
                 TransformerWrapper(exclude=None, include=[],
                                    transformer=SimpleImputer(add_indicator=False,
                                                              copy=True,
                                                              fill_value=None,
                                                              keep_empty_features=False,
                                                              missing_values=nan,
                                                              strategy='most_frequent'))),
                ('trained_model',
                 KNeighborsClassifier(algorithm='auto', leaf_size=30,
                                      metric='euclidean', metric_params=None,
                                      n_jobs=-1, n_neighbors=12, p=2,
                                      weights='distance'))],
         verbose=False)
2026-09-16 21:59:27,937:INFO:save_model() successfully completed......................................
2026-09-16 21:59:35,683:INFO:Initializing load_model()
2026-09-16 21:59:35,683:INFO:load_model(model_name=models/churn_model_v1, platform=None, authentication=None, verbose=True)
2026-09-16 21:59:55,475:INFO:Initializing load_model()
2026-09-16 21:59:55,475:INFO:load_model(model_name=models/Risco_Internacao_v1, platform=None, authentication=None, verbose=True)
2026-09-16 21:59:59,193:INFO:Initializing predict_model()
2026-09-16 21:59:59,194:INFO:predict_model(self=<pycaret.classification.oop.ClassificationExperiment object at 0x000002878A3B8E90>, estimator=Pipeline(memory=FastMemory(location=C:\Users\LABORA~1\AppData\Local\Temp\joblib),
         steps=[('numerical_imputer',
                 TransformerWrapper(exclude=None,
                                    include=['Idade', 'Pressao_Arterial',
                                             'Colesterol_Total',
                                             'Frequencia_Cardiaca_Max'],
                                    transformer=SimpleImputer(add_indicator=False,
                                                              copy=True,
                                                              fill_value=None,
                                                              keep_empty_features=False,
                                                              missing_values=nan,
                                                              strategy='...
                 TransformerWrapper(exclude=None, include=[],
                                    transformer=SimpleImputer(add_indicator=False,
                                                              copy=True,
                                                              fill_value=None,
                                                              keep_empty_features=False,
                                                              missing_values=nan,
                                                              strategy='most_frequent'))),
                ('trained_model',
                 KNeighborsClassifier(algorithm='auto', leaf_size=30,
                                      metric='euclidean', metric_params=None,
                                      n_jobs=-1, n_neighbors=12, p=2,
                                      weights='distance'))],
         verbose=False), probability_threshold=None, encoded_labels=False, raw_score=False, round=4, verbose=True, ml_usecase=None, preprocess=True, encode_labels=<function _SupervisedExperiment.predict_model.<locals>.encode_labels at 0x000002878A6F5800>)
2026-09-16 21:59:59,194:INFO:Checking exceptions
2026-09-16 21:59:59,194:INFO:Preloading libraries
2026-09-16 21:59:59,194:INFO:Set up data.
2026-09-16 21:59:59,196:INFO:Set up index.
